478748449
-835706011
254982249
-387618558
-541503374
-703269479
205123090
-367164066
771444768
-854850450
-487259838
669055335
-907468869
561229518
777717233
-835362329
-527311482
-154971636
-405313959
714228065
97404545
-872473238
672380289
186939476
-261551087
14642157
452462558
5286316
447618492
664002023
-151510797
-409543717
399997497
434277197
-384406429
978967757
531144321
886091954
-1935212
779698888
204912093
349925138
352176783
-320741502
126812110
-173620759
494861700
624172414
924811366
400312909
-965296905
877941283
-785924970
-113254988
-980265877
803809007
940014295
-932043556
-841225874
974114209
-305254982
-254777439
-403520573
184962941
987672727
604253710
859943097
-263208246
734250488
214768233
-764849930
742538938
690687527
-171122965
-407786820
574519786
651610454
-228402470
-369645892
192365969
607758070
902082975
230423272
-223537967
-112936479
-562841976
-925027629
150664357
38671881
-385397047
26482415
58220236
538535008
480106573
826300823
147698227
981693039
-207358601
324157958
-187891029
360249064
902803832
442688750
588326729
-872335409
-10404456
-39185253
58106460
685465924
-585548011
-89003490
903839136
-176248719
-509619800
246940779
-745936998
-138670767
-873106555
-198751370
-259155996
370318847
-527525624
-555405837
559016009
-282663785
494157999
-786896684
578108772
-49009274
-873945649
893617020
571157012
747332141
-809767247
-825257902
-155982633
8266606
39827901
812566183
-130739573
-488638628
218107608
-439748544
-299778812
-25884566
381907597
332623838
93787747
-380849552
-830116608
366944393
-105357171
-136671120
78349941
-248824782
582461941
-169256037
-321052609
40138334
-174444934
908543556
-124082950
-653888450
754210243
98838886
-757044614
518640636
-14318109
-672683391
960026406
356679816
874188091
-264518841
-259402286
-560212260
-667527779
357987740
-126101628
40138334
-315730083
-247317095
563114376
628597669
697417066
105585770
106667514
-374780790
-884901950
782179943
-3565225
51719417
-888246059
276507459
776953328
231510246
102372736
660118396
510469690
-962159977
-446271382
-435371946
-135514461
-790220393
119336925
839141168
20721030
918583776
40654467
32227248
651718484
186293807
-787183438
920052610
924349751
-120780781
464091511
-412279229
-684467508
173773553
-60108753
813535268
543135127
556338846
-904160370
-292949942
597304977
-967853942
-624903209
344617686
-256215775
-763235745
-775941670
-339520054
834870442
-929215161
-383089888
83905129
697012482
503989499
642591569
342994782
239721101
175639479
-701520103
171425123
-807073500
585617990
-914448840
784713806
-721640784
-770280952
899642486
-621424596
-493017454
759144973
913525151
-45050767
-578272385
-325785305
-539319906
-625798266
-349311720
-985790167
-109164290
-764569260
-521161393
-449713995
-513487559
-42021374
-66109685
552588514
317115568
-302743754
894753088
-735562398
448372575
-13063133
-710327233
497211719
777964956
-386786818
-80067488
-702572373
-651030398
-252601748
935806957
-31138921
33069522
-987929611
24669037
-950035140
544053829
751856060
449186275
-661466948
156842113
209448594
-163080086
-735972860
269412575
991764807
-261570424
-220917149
-668657499
634462152
-160908467
-580145114
389453850
19280634
-216717386
-551406709
-358767481
656428659
837150230
-768526660
-308932772
929726984
20843156
866919280
80055542
-923358404
-938111618
730731367
998955162
106011853
925664782
948789919
663108411
-686428133
-693272464
-545497713
677979449
-764980932
143579003
488725168
-391240752
-221526512
-711700410
-539319906
-972593696
-610794634
154308130
28572978
544622859
-441367620
-435300886
576074645
989262613
-632033121
842538666
-227954934
-166230752
-132616284
576405994
-201653627
-585278391
-412971860
-547365118
-778760536
-600593543
-271507459
866081265
546058028
550159405
647232022
379601447
-456330938
868045401
43465503
-804823827
-960582964
414544890
476405027
993771143
-614233418
713588259
-746773584
768409070
-747974293
-211973317
496159864
-868713389
804886170
605312472
120512260
-695172221
-197330318
341739562
-783322344
457864003
925757656
-639177319
-520018392
239604204
346427849
547644939
-15283384
243805551
-441054102
-192377650
806241469
341996507
683791274
221063229
-509718785
229976614
-147207812
-794150717
-775599989
465181390
-939700443
537405038
503202200
-417338043
596961816
654546756
-265808576
-868102799
618812455
-918711627
-435988107
-574556626
-394070613
-944281470
780465720
-622194230
41879674
552356345
-503210862
-331777208
-972909187
228076587
165686258
55925822
765326596
480030116
523942109
480490640
-214254703
697327813
-817106342
352799859
-543383613
-111748668
273156981
-310944124
-245962423
-146572007
294438295
975999221
-782857568
-362836029
-951459696
-154937111
-814909220
669807021
233382919
-984644285
357210374
407560056
137678856
246461161
-406088384
217798358
-439553364
118507382
-881185519
-984079946
842502533
-870138154
-870324287
884723639
-544160902
264762086
-719426377
-40365472
-435004760
-183955472
-407279340
805273174
92217837
49712260
-72437540
-139322573
-133179765
461555096
911612783
-824506706
390467227
-346382036
-24089141
872974667
-599618817
-943676219
-630012815
365198859
-514835726
-112702687
-425241059
249497313
-224719392
809809146
257407856
383879556
-461544529
372027797
-577893084
81913407
262183932
-943851611
-642909187
-166490852
438367313
-858937074
408784869
-792077961
636634600
354988805
446488466
140153031
-779805693
7427837
126087353
398396871
-97764240
16825982
496812463
763891522
-882778341
275291897
500045512
189223761
-687335379
-616505089
960965904
-3093844
542459794
-944684731
-336175978
-292949942
-394495769
-511411695
-342212835
-834963377
-753051772
847258236
228733699
938531623
787023198
400907224
-446457273
-271862905
-385608291
-783322344
-429293231
975377290
-202807170
547473734
-839664236
-515089214
652081416
-959506818
216651635
-493612259
159149268
-268733789
-107948690
-224313018
563830199
28298999
-337503681
220284916
938720336
-9089129
850813865
179672287
-645457755
-941309696
695223422
-989988913
690068465
-590435249
-783521723
789444451
-421439571
441399053
504784601
-158038251
191091975
65435334
-650526709
-495238072
452109137
158093936
-109593400
-347739774
392623908
-233761319
-230048261
-446330715
-234079229
-527311482
295788976
-985252060
-676492532
-751334980
-111748668
225382304
-662102911
432905657
-209940563
540869066
-35839358
-737542049
-390879553
-967630724
715134102
391667548
-302312688
359846800
152039415
-623897611
785051659
115943790
991002002
-306788505
489743387
-220191801
-306829672
-658420119
-389166716
-861300322
847036256
-26607701
-972335087
638547392
231175076
691823775
22184929
-933417668
-464904055
-568503437
-698928632
-198837695
-3690919
278385028
-463296813
-410210906
167289762
-895656170
-610509668
-377337970
-742934020
346864843
347685068
293226533
948319602
-687335379
295930678
839118022
785404604
115090437
32138549
-69324811
-374593165
-173374483
45882250
-139783342
-302644694
990752102
473965822
-138832438
252265595
-550220410
-180604061
-138240789
31926866
718272495
963779
-634772379
587328256
556338846
-104976834
119274322
828840326
313253644
509541204
116077581
650741639
478038188
-234580238
-146338518
-21040687
-190816041
75314131
-875818058
227537747
-319748124
583589993
-594426382
-148905838
-287075417
106011853
-337503681
-27144527
-685434177
376784607
855016463
-94462918
835683128
-331894375
376512069
495540959
-400982196
-319339159
-185722658
264881874
541557520
47139310
188745204
-850747667
877222110
-63263838
987633950
-743527134
213783712
574773900
259361419
827882710
480856782
992160086
621734861
-205246454
630390751
853989185
-726559578
-850420914
-40466826
410063265
-517900014
-234079229
-240896931
-597076487
-408594055
-660012141
-451156688
573396096
-542551382
-74369331
396919943
231867070
-739025356
-737085847
-852202494
-644659875
817272806
-768894314
6138982
-270616780
493129436
655690295
524000763
-803651398
-911809281
-626481071
-55968396
318884354
762792677
-410966382
928416790
-565043076
-855667266
921142949
-304078230
548681301
480490640
-580512809
86787637
387434436
-119126349
500157536
852574903
157079374
-379283601
-502810637
-589839438
907597298
-994620831
-527618556
-277980765
686368153
-296540430
-225120776
710068910
-708998596
-940661168
262907014
-917643980
971930310
-169688275
-378510896
802878560
274070066
964410137
757296322
-28057220
-287679217
333086518
-437642796
-778036218
-31798387
688651872
773611630
-124914165
-585488365
817064607
-139634657
-630262831
-688141932
-556301430
-250898368
964035907
359445484
629143251
-158957461
53029027
813901886
-120402258
696519162
-902961818
-821166297
431279616
672043828
-860881139
-928773819
247361358
731715697
895527530
589674771
-426226682
-285639128
430875268
-962781457
791732144
-830116608
-218010047
-954063340
-320552287
-746678200
786798806
158646030
-410210906
-273035556
103128066
108137298
-105700628
730221585
405684232
398793274
-907612227
543774658
371521111
-310797621
353818289
89430582
-692261555
31406742
598782447
-459244500
-281957293
-318385893
-466244060
-165914860
206168910
-395939693
-182961283
746225027
749347097
78984481
377788582
-505584080
-896048317
-386624822
-799231476
-160004112
-636148270
715134102
169523898
110810029
455413661
-377232688
643445429
-150700793
502042938
-565584111
34001994
-557037789
142106208
-959362217
-655797733
-267568204
-718167449
-126513783
355139702
-925607581
502326668
-672468909
975802758
373276144
-313594570
-913631715
398277211
300406929
-8922324
-255815538
-551181806
765326596
-848092497
791568561
-455907931
449305358
-848092497
221477199
846898386
-36317050
876719142
574935083
-386038539
894934058
374922162
-86039695
296884984
-396654454
-608623175
-707532386
196065334
-449528798
759260884
949198337
-46683989
-853820466
-358065197
-926195493
435683260
456660180
678799548
-99104523
-537516878
388353619
304360348
821208029
390085878
547811969
36900113
331272307
210154972
-471457435
-745042367
-546232257
498807145
100185920
-471747540
-207358601
-272889306
903597903
880636339
570415797
-936383355
-408594055
947107340
106667514
242570752
660118396
553870380
-580431554
304945196
-71339055
539926200
-267680995
318884354
61525517
-114961406
112310010
-974950310
-638068697
614837570
-722218007
819457688
-813653997
374465902
-686428133
-114599106
406047524
-840208981
-411324195
585421043
-555716489
-816164470
-421182445
-269876803
-878806117
471514985
-871515095
-303181272
28509475
-175154686
950603607
-58098070
162200033
-233466224
-448636690
561376035
-282930462
520849307
-781747127
910562458
-475270865
-279887985
-205068786
-598961022
-20593578
-450886004
173138033
-325785305
-614233418
560434407
-776637178
48531392
899228547
-270458847
-940108413
-19104337
-439678005
-709500494
951490776
808703024
-362523660
-669024605
416517201
-463061222
140601660
157585428
56222333
281217529
418284759
218428153
-853063981
-211968522
-321272502
98235156
233650209
751880973
-559186145
545103062
-49114559
-305914269
78042888
966741379
-51120272
377444244
-58543541
132962357
259167737
594491534
-842499784
-30810815
-743053941
-301492401
189277553
950274813
-812647132
-271810276
-779564505
759531280
941706116
206781278
-929301520
-103651305
-759416253
474932980
625275507
162623528
-80015833
-28448536
-738915235
-521138487
322961452
804886170
904273550
712419423
-894169091
342938772
966456089
-864036421
-190435940
252472973
-523444133
189312665
685347192
314405819
-895071631
56222333
-847362858
-285267009
81424776
-962514617
761809130
-516766877
-322288449
906289037
241128326
-725942128
-507914530
262521208
-306358598
-573824354
103885270
-342483434
-227954934
143495509
839214552
819272015
711910187
174715954
258877830
-791894864
175707787
-618035503
731916760
22795429
472123082
302174766
957435303
900221899
-640786020
13533493
215855217
754869741
341494154
-183647693
510682775
660198324
-230736392
310861058
173748586
-227647848
772928377
-160286627
-32308531
705090025
-588931926
-971606514
44198177
825841059
-460238057
251530849
695931909
647232022
-620331646
759260884
-367518239
-527435177
-742687339
97300424
530823316
301542612
853989185
645024359
-776536460
-619950372
-219928278
-490323058
958884683
-392463508
367924412
-901272438
278876389
-488289221
-859426609
-827107961
226730906
38270702
265049772
-208850985
-393144525
-208268422
-801445085
415121887
-575429032
-448241554
417707043
961585369
-60385807
217017048
814706355
905679032
118683983
279714004
-84649680
999027312
779755617
878255509
-795050213
-710695149
339921343
-636096910
736119461
-365375124
804886170
-686314778
-448241554
-695153987
429788938
-784259535
-868290058
113329789
-406100129
282007676
-514938461
-547185320
-622072841
741105576
697858190
434839614
-477214453
375347582
-323413994
973459129
-379190247
-204213798
795922213
-609178374
-731543892
537949335
324685379
-61951016
119927331
-678166195
-386548532
-313400884
658060063
845754512
45265590
222113089
-931572758
565745351
-132604817
23528153
-420902176
-772678774
-245403188
167545613
73968046
291936742
490529709
-746773584
652574080
-515992959
797538478
-377042444
-611757305
-28804968
-985281737
546366939
432905657
-132703171
121275188
-900781593
345605280
929906967
-581662830
-219701909
248945751
708026339
636402147
-388930872
-359107419
-66226807
748441866
551962630
-400532540
-202200296
-13530906
-398365114
-453800465
974531527
-25884566
-618578414
-268341133
-116984327
-535585829
-384785594
89098201
-600524173
75314131
-843591327
301048900
-549886953
810234566
267703167
-882815584
394388292
-714090498
186654252
991063897
174222714
927306442
739581430
-404784055
313124914
-480793644
-980879508
931742297
753643096
605925374
429948729
461612685
109850860
371423481
-795423486
-368350367
-187007026
-484073768
-968773776
469387911
510469690
997419862
-941805082
932307024
673064642
-835706011
594130817
627254414
-303734293
-480720407
410300503
-341978532
-686255731
181465568
667842057
-71339055
428304072
484682404
-591615298
806430643
456295397
218824262
-596556983
-264518841
-265772724
-846817959
785650462
394388292
677579607
240394351
437483404
595634422
339838854
-74479456
403584057
-106811171
-980846035
457300864
-466113698
533187038
-486136147
-312372260
425673059
576074645
-378360711
461536211
-829221693
-422428029
894426414
818117233
-296868886
409619951
-64804305
361696721
657855618
490392403
-679362248
-802505389
285132310
333144068
-776062984
-444139302
758402847
-963645278
890178515
-25773468
-948345706
90346772
674950907
-771892224
375704198
834031267
644412674
286261602
-233825770
-974978764
898787900
-245546677
6768770
-939885928
-500900852
-487259838
-284410405
-392091873
709576806
-692501482
244886892
595496419
-100585081
-822926977
990126945
110414046
-133118720
-26607701
-11007535
750295490
-182526816
162325462
896085092
256712843
70607000
-412673306
-412673306
248056437
-913825151
63355010
-640786020
-40011699
229976614
-931850974
-926501828
-218848367
523607878
-916875801
-904850147
13248783
649762928
-32870965
-736795010
978710715
-154794661
-25884566
432089943
-812336347
921954229
-610718329
-462279700
-737254515
-173461162
-18511613
14863151
-838903326
-755110877
-120257087
-158541569
-183647693
833123963
618405229
-235565806
156064744
133037109
251606622
729503956
521555471
-602543032
827064658
-943851611
-381539563
113119512
990295458
154197199
-985732603
26112854
548896347
718028758
316048403
722884516
-425086870
10847741
815639840
-866085885
292405272
-280402640
588626005
852626468
-171438929
-956137779
-830850053
565667544
-921246798
-547788645
-66970879
932907530
-989536831
276019594
-652606175
425164148
-255762160
-163729881
169399213
-395610262
-350376475
244899523
424104546
-421206619
-930939047
-917373900
313368258
-807073500
-493198218
-176316491
-936781577
-575675313
290554141
-980418646
-889696766
119786160
-461303868
139497180
173403116
501900674
-163337359
576074645
-961603740
754675406
175042354
617408913
-740249670
504324989
226345993
562921019
-476461789
-65568200
894605986
-695172221
-149036618
472123082
664502636
424877078
-162677369
-938449366
-20276481
-468485107
199118423
-42050368
-320741502
-231353575
220008717
820917756
331272307
-716190904
-668588871
-423065742
-375975791
237426436
-835423332
-663177926
-396899559
-934960954
-928643206
472651185
-490003801
484915854
-440886399
889884746
-718978577
-690116579
-226793921
-67562960
-227242844
161305787
-793804234
633456912
387024
389025730
-355218178
-630887314
-440810665
89607403
769982164
-566810746
447865940
-898778089
439488869
-141507176
-444007400
858952835
484548849
-320741502
-653093065
-886313186
478646000
171425123
602044791
-982060616
178827997
291287600
-881416038
-632621994
-260399861
789444451
822948011
894242284
595934910
216805093
725633771
362425355
265340466
461911997
-38326840
236216129
33539437
-837750239
-474636234
996701138
991333441
-569438789
892626780
479789909
-668862744
-456018685
417770377
473602273
-838903326
-46455434
807948751
-702572373
-992069079
890178515
-219451241
-435090035
780173666
-18511613
607883445
329249729
-942414239
723620474
-40167535
-512161499
82556450
380286271
772406130
102051500
456765982
-299999998
-316892815
-840499645
389025730
-846957143
170785497
788725102
754869741
821780730
-138832438
901368945
974899832
-174830657
208702000
226745533
-627257139
577822614
-601511999
500845031
468644291
-422998965
-702098160
-384789390
655999137
286261602
-829752054
-212576929
-887978172
14638575
733784042
240738403
291861927
-279576118
-726980956
174397323
674857304
78325536
-705789022
-526956873
-825692635
-218090975
-20766963
601334271
-327363291
-815953915
166288259
-784858720
-961323683
-976739339
225261553
609194696
-569587702
-874234320
145368757
600962705
245255940
-197837333
921713697
-341606246
-260795268
930670208
-429293231
617822811
-5159937
-661916642
-226457861
-997677327
833538216
403300183
566094778
-161042535
490763601
842910215
-935577300
-284410405
-473867780
-539884959
291046026
193249525
206620812
-574954834
-321841981
899847731
-782443034
760081734
966222157
-570032982
592729896
-122705525
-757671975
373747295
26878451
17479565
893239953
823927208
-308033276
356953833
99072973
192277526
-469284515
621148496
-309442145
674857304
797239219
-803231056
-789335075
-873446148
983262888
-986848489
360823924
237034488
59799232
-733212657
-508271188
-636816025
25344856
773529548
51245547
-446884791
196065334
355139702
163656922
-496530906
541429366
351625044
354680430
626306361
-596179535
252528794
705747679
-29911331
123007366
-350461359
112902786
-835626686
-604608259
583402607
588326729
212600950
82284490
227014001
152863054
751674224
599889973
-755374061
539311001
-593468015
618146470
-247541998
669289821
-33328104
756501436
-108119372
717837315
16744968
608989971
739997593
-290138693
244194283
-22215648
-901272438
12139862
-526589110
336308355
-58923048
-161094072
848052441
808703024
905348576
-861300322
327182002
-526335049
-674851418
161978416
445189759
-770162224
-569619268
-554793459
219222232
-381104012
576721182
-105700628
987376495
994197005
-937969143
-85241516
505600055
-891470152
975685048
-949434391
-896233313
540828079
797045603
999457973
980878747
-739450802
971429529
836540173
389753791
292788298
-988864894
103885270
667899752
165511036
-907736606
152558904
-163699040
114191379
600363264
-827146767
-159888033
565862108
17083790
727843765
-932108431
729503956
-200281861
-389235564
400312909
833399659
-560601001
-344182871
223796995
-180116948
512402986
-69342107
881882667
356546694
-538501073
850044601
-305995652
663439034
232293045
795071226
896044454
601918532
-659720564
-326724010
-4589744
-321995672
755029613
-313461112
-251812924
-605146641
-898924395
-320295602
-655797733
-765204284
873658384
866867392
-674314769
-925712575
149835172
162664731
-741760682
180846869
-868102799
35921716
-167985243
-477498474
-508533682
16825982
-546954336
-515670949
578108772
-655434537
-726768268
-571364260
-520018392
754869741
-98777059
209537078
939807724
660582827
-782745875
724832633
864891066
-907406717
570597900
-987630974
-918806542
-605750711
231913647
-119003276
883827947
584225163
-757213103
619289480
-506800701
934084420
-747974293
49241424
369604614
-548433899
513605057
-214453477
-735562398
-396333247
-939524739
-347734276
-671646812
-666646283
699428829
-72051097
531539059
600871488
-641760494
532762880
-915730354
-866550738
17981739
753473492
-711487339
407143107
-312815266
-810695534
-821005608
993024132
-276979916
-708501577
478730155
313124914
-256606625
571469650
692471423
519091805
-473867780
631550716
-514677206
630836211
91837559
216922218
65367651
410597956
963601218
-936014730
437483404
341430536
-824405591
-95484855
261822371
-452624589
699241711
30910666
-173744545
310201161
-857648959
33759644
-346676025
10057021
547811969
-437525366
-643954609
40518492
-450886004
-571107074
-968344589
-675954943
530202863
527537420
437795184
-856565847
101249473
-46088991
-317979743
389314212
486580257
788033976
-891043487
461271199
-204328622
-409858820
-203771855
261739373
-518025564
-623644964
556744299
-92928237
158298524
120848911
-847977392
688196718
-585720970
437184829
319540557
229154481
465181390
135168906
-380296635
304031336
562168233
308286501
-606047298
542349588
-282663785
645024359
-136541527
-76243083
-842324571
695992062
-280901963
-638206469
-484226189
-564253999
-285890564
552268769
123907958
81770795
797656805
-949240111
567505820
169717489
-277499132
-662580472
370318847
-103598961
890020994
761901362
191091975
-578815750
-323153523
-134859173
-37615222
458287411
-20030240
337518897
-376424083
-136495958
516352133
812031544
844146551
-930574461
-926195493
185663227
371626840
-165914860
50563783
32305594
-66445018
998331420
864532619
404135018
-865391501
-101336884
-724819215
878877971
904409905
-339955936
-242390932
454897556
-786089270
955096109
-922804540
-224313018
421018742
-63676742
-984941639
853591098
-501256634
263552668
-854662369
142767927
-44366624
-511341653
-328597950
44198177
344712053
-403520573
796990529
192937245
838183457
458060101
-349652818
906845939
-446010493
-187007026
123697584
-873492549
-655235779
861619638
362749929
-309237746
-161190669
-421360414
607471114
434079986
980207103
210893078
132546529
-636148270
158298524
-985157590
-781928701
-505127146
-310642967
384842125
831251847
-428339393
672682188
-260663673
-104863695
-553021865
33141485
941281874
570597900
-479308632
-578462225
380044655
836988579
-771997892
672981089
-6571312
-14602106
-898440347
-807713526
-928439667
720845296
604889878
-765895716
-674968214
-318369579
-388930872
897618114
-239346960
-502927242
-210549641
-917719191
-50278191
535852276
323179254
495937029
-131577748
227316054
204455882
547021386
111596641
-891258357
-675605536
-731435301
-245546677
337356970
665691215
-64363366
108377985
138469549
978710715
306033233
536551918
627696368
276507459
-38013675
-809064274
-327335667
21235656
-438074575
999211552
-328856225
2905219
481381975
848219894
-320820857
-688825501
582572934
-497710733
99253038
-990191682
-251270102
237132486
416422676
-982611231
411236900
277733348
725983330
-228008575
-284995579
-944896851
214645152
-53446394
-799743552
-453753529
-313373174
-310054294
986045335
-957173456
-844613406
522560701
753130144
497310226
-725155251
130233605
-227079842
-237976357
-875746464
-940725910
-630765536
936398214
-595619953
-13641829
-90568256
-300665744
550902439
-607857515
-247541998
377444244
-861982660
809902137
438416977
608004430
126087353
-567873712
957735628
-689426655
-517690362
-269755070
-161245292
580647987
-497468014
-491653039
-2161095
-600171260
-184439817
-352562777
837470847
-903251914
370875825
-934757247
861296666
-508399282
495393876
260837546
262907014
-498104275
371358551
202712308
127167463
-794553879
-39975073
523325252
-596932465
215917912
-234762576
788033976
58279799
65558605
-129813381
253462312
72877051
-747002946
832843745
-237918954
162325462
569831523
579884652
584632179
-448143715
495839849
-321995672
640261884
649055523
299598923
409023646
-865673879
675589071
-124493560
-56593919
-900781593
-76838235
91463749
-88327525
-750154067
560382614
-781098797
-733212657
-297852858
-707532386
-838903326
-942933414
454979010
-804667687
-942044595
648730256
449272748
-113895111
-392463508
93362234
713449682
588626005
759051982
-792208320
-534261860
167365951
523576411
327662383
-486486752
-464175870
131679922
-562073020
-460395018
-274880166
842910215
426875319
54923860
124484524
-227415566
-434429722
-776456943
496900021
578715096
-399351833
-885539041
20214768
79509473
197555016
-361021405
984992634
181237263
-285699339
682204336
-940966271
846969908
772406130
651846873
-597528726
414337058
-173190022
494398769
-451322065
-52062768
349789535
-375671500
687989395
772294789
-998210242
643691202
23917618
-155982633
-846659128
201292949
-967697667
749419286
-531318382
296417694
119248695
42649957
345963767
-771286674
-50696920
694852977
-239741502
-358460253
32903200
584520647
-951776506
859466583
-376152770
819945391
-793262734
691434388
682921493
-566727020
798561552
213891892
307378154
-98164993
-483489703
-862859626
-912191412
-203455057
-732742994
-46303072
515673931
786489595
794239508
645024359
216805093
-825931850
-81652268
645927556
-188325891
489181441
-913201104
-331531339
89430582
-238817595
437483404
23540909
-800133747
79149095
-389588605
898333660
-975883921
395273008
484548849
-146717008
859226423
-163889022
168885095
245167076
-840289972
-546476867
-661381480
925047106
59907486
-335882656
910986712
-246566566
-825063061
-164345865
-661916642
-986749550
116629147
-461786936
8343395
-294360101
456660180
775696239
291669735
493428807
773091318
-413095097
-565232201
614553903
-495853928
-468915448
-782597188
288631382
476729802
-989066069
373720332
-179540501
660313125
355585898
-255352803
-79406519
861666068
278682372
973989583
860123655
-311742102
-388483706
-16086165
-184324676
592480139
423446820
-601856276
765046507
307529627
366467955
-271005444
537949335
631278064
-41626457
243515709
114576186
-228084513
833399659
755444132
-237424534
643826323
-702533767
-47899619
-914307931
-938297563
-993104310
-317979743
996691059
-26731496
581602496
-403679762
914440861
-937768681
-352143947
473067793
-259126813
283535513
107168333
893213287
-149181394
-300643160
-65345062
848550191
502659505
-344013565
-978138456
-52197136
52230785
-342693381
196739295
-217242514
-789655660
260626930
181854351
684873723
-704117606
72560878
336010150
853760400
525923906
99041847
792580160
452245134
750046464
897182003
-557037789
-834201733
689011851
-220191801
-508357884
714228065
755380025
-519001881
932421727
678437812
567751851
812566183
899586974
777320438
904365975
-642726687
849447581
67957747
-879678004
-915679983
141386917
-483031066
539491140
-358767481
786305662
895431616
-759860048
346376289
264477328
-561876784
-349671729
-998064091
-914560685
-123460004
713873322
-569094714
937804303
106116958
583313944
-80171728
266463420
-162208724
-293839527
-914673105
-88765042
-988799358
-257641214
-65173558
261106650
-540948065
-65568200
178397983
906119070
953593906
943768757
623168972
-253121366
-396333247
-340708339
415890284
973671940
-217911102
-67002567
-992069079
139041507
268561314
-587476038
-71127426
-672811091
121346306
-210713986
-33131643
789144189
-417762054
353235951
763959840
252545927
355580658
-269174381
907115887
-86702391
-909719127
-694788786
-583901097
-573464601
757860458
-133339382
478053462
-299059677
342844755
-472358817
175520752
-645534961
872442210
965133985
529333468
379601447
264370544
-46683989
940123817
-71339055
-745246996
-569212953
879162215
760679870
601630195
-425241059
-394558227
-10658126
472651185
-403640398
-844613406
-967874161
-206192529
375980804
-745936998
933496863
-473023325
-766683872
-8610416
-99377279
833727016
989907378
-120497342
-457422324
-808094399
-390156250
-45632136
-252186396
-985859353
-122705525
661747922
189993914
-443555055
-713937926
-249649332
402857683
-490153945
-808036971
-430016909
686774724
-491924323
588986768
390639301
-391681226
-56376507
709921337
163482290
626196881
17083790
167545613
881242492
-345274569
191492240
616701910
113065710
-897441134
-535435682
-249649332
-227751361
66528154
-414518202
-120831300
341353282
-268496637
421018742
335285762
837774083
168275660
-988232362
-816688904
-362523660
-371409870
-736641214
-95187109
-797163908
466485803
791284337
374162833
63604283
762910058
-528327715
601460021
-609405732
-743527134
906050495
-421933664
-337265682
312382951
-833025068
23417654
-889772576
990928580
-671355198
635033762
-694979678
-919613146
-80171728
646907887
-837070266
646490242
537720252
133456629
606508562
-741988373
685801271
38786640
698702011
-878124694
154719778
-677759345
-96955360
691293056
597738254
-923175522
296742500
-657788441
543378632
874310096
-894217409
196705622
-231970057
485344273
-540065493
869157012
684612747
-371005470
-459338368
-184722545
-249137776
-771997892
872947925
-814269879
43495670
889266807
-737546087
87183693
239721101
672023753
-759469818
179381623
324356613
-820716097
488753404
449272748
-745042367
530392586
467135132
-513010035
-653260795
-774277587
-37185880
-490859965
-440502095
246519562
139954054
-428952536
847909632
-276812887
-358567578
765452687
620918026
706053190
769215331
-176795540
-715742953
-655434537
-427739670
390975684
238523224
318077188
733671410
232487537
-703801976
-15181893
745398108
788634644
431422940
229651399
991997455
27630349
239254236
-431336279
-932631008
508835866
-199627704
-518101459
492400570
729061224
-420361424
615373751
22500560
-837260490
-87681826
509407387
-997352105
794951714
831329896
256009675
805114456
619259858
-537310929
968952609
-811714783
28209195
507749959
38372563
953896556
716137304
-123900499
779765739
732491827
-235615586
357757334
-385752638
-221259165
-10882527
75083384
792261213
160675625
-446745948
94979835
692611545
-151481990
134744554
-739450802
-246858027
-342543369
935882683
416289400
-485618289
862406703
-97199628
-199839156
-225558562
548531506
568821540
119460853
-857276153
859328503
4717790
528278859
257407856
-768177456
899406140
-416319651
9837837
36545877
934084420
-421920885
361517904
-822926977
-755832677
373383324
949444615
-755748873
28604480
78780495
-971042865
-312690348
-674290987
598700516
-750091017
218886734
99892055
581602496
-632975346
-812704903
276907118
775881526
-298630788
952917635
-803359590
578978949
-613698273
-326246857
260626930
888140867
80201213
-477588058
-381104012
510469690
-179776009
246699485
-932254308
-755692900
-882271429
-232674879
-923431506
-28240526
-401246105
358892414
-191371384
-302312688
-977175637
837502648
-594139516
-427967779
314333317
942333046
11105220
-116970905
488823430
-751308256
-899530516
888315115
170694947
854286816
-481704933
-884102688
-405670827
856491076
149502467
994255228
-391886375
205762002
817197932
-830434566
827438687
-691806198
-167690853
788563110
-603215185
-507411539
406511273
686184135
334890564
412990694
-602757850
-404784055
-421748023
-715345274
288827359
282396598
55208449
916992062
134817569
45882250
30027849
889757634
-595301418
27807032
-414138722
-736973822
893946604
423955807
-810695534
-648511217
-693869279
542148057
-129862399
-97091699
-636931370
443025695
-921477174
231510246
-798996808
-191371384
-962837698
763796947
535483366
386892569
-297301041
385449559
789690136
643647527
-174488995
-62422619
-294291141
749347097
430369791
481651930
321851296
421145287
165183153
-169298505
-262684733
-286536412
-548758816
-18171350
-97895860
499211211
-569653519
873091803
-730540901
-310735354
473840063
235094437
-961603740
5840421
508245526
-141866254
-802785796
144647306
179622978
-724738597
83078510
333144068
-727186959
203412317
-850673106
970804939
-781928701
736786085
-248036129
928068737
-573900586
800860277
442299119
505872281
781598550
-391282296
-259943940
-542884711
862692772
371705634
613544126
704188029
-361762516
101159149
102479352
403037434
178653720
-432014565
653948122
-403120089
-267680995
-193660036
-495807734
598475314
-806446529
-660730372
-451393408
-360367426
-240410881
993466525
658271753
-538510980
310861058
680748700
215742987
-381492576
97042394
683255889
838792716
157193225
-312193306
239254236
296884984
750295490
-279887985
-69342107
443791115
176029378
-19618413
440690474
803141913
59988726
526529161
-30065538
-765878345
-23047596
977440634
-984280724
851661746
45989534
-458158904
252528794
-68080758
-793325431
489181441
894242284
-384685529
663439034
582648444
-701686537
831458160
-268157847
961747393
-579630580
-401842077
-983312521
-288119694
424877078
-927293653
440077262
840020115
-891510482
-826458494
-60163736
672571304
802573623
-698441599
365484408
687272654
-452980405
-516851137
-719273869
-93829982
658271753
70280190
-386786818
409523435
-771286674
136215796
-182441493
-70487663
-56462370
938027497
652982062
-271919546
-885798277
-307977661
55663614
-425685454
243865964
-667871710
-218310321
-374524089
-642242218
-961545735
239254236
-136216
956331602
233639970
-507914530
893744210
-942993822
-201978176
-385016031
426113885
-555089731
-729751278
-332344845
-885920352
-65066369
773230608
-513593511
483007987
738673621
-957173456
657695508
-143854582
-62188981
-597243358
752171489
120926402
510469690
336302574
991804235
-362799634
863300629
819842406
-209339291
928599621
950049748
996152418
892832670
-876866947
39171290
-384379858
798135463
-265808576
-327706612
-918142427
-200829072
904928652
178609422
759305374
517301870
808021888
381137392
771246984
-151827221
-294997495
-841484618
-292014193
-424265211
-352849762
-501865128
-160218889
-559834135
440272334
-269157755
-625733461
620676562
-521261153
883507560
-780022659
-384954947
-656858563
656047020
-91117634
722679867
-994518769
-192678749
550084928
721930921
-452658559
325267113
572407948
-283987281
703651258
-559186145
-413485490
306482466
-283414350
-715045694
-597438763
-24958338
-13559284
-241523564
501659361
-119832349
590607368
891786695
-667832004
997567429
19149043
-448393929
283962546
149601281
426875319
276507459
-933623173
13754729
-388183820
610552239
-333298530
-453266079
553725355
-589663448
381191661
-705846170
14230538
-80105690
869369584
123116767
280866533
-527576676
-484890032
-779080434
-392344763
282888524
611593136
484879243
-884102688
-716016049
837470847
-47686497
14586292
-305254982
-292543946
322742306
197189951
-34704240
-320709320
945801623
614553903
-168651189
-708964444
-23527431
-189171015
972133353
365895366
881242492
-692988700
328494524
797656805
-246512532
485162111
-441667048
501319734
-277742419
111627108
129967280
718750657
350311555
-749149726
-114103887
656177285
443971271
940170184
526064057
518925461
-680007531
-289750218
823812175
158093936
-622747857
-273851118
188745204
-795050213
-737583221
-946537133
443249718
696422471
-195089404
-990369119
-790255389
748474192
828267052
822508212
-84225135
723062563
789747800
-744974089
731192075
-749787076
-329980412
540073686
692611545
683967306
-968951439
-789023756
216651635
715587684
140494318
663558762
415496966
-457699039
-241221839
-663958286
-532323505
-583025251
-779080434
-668425030
-210354169
-639924709
378616864
-75318426
748441866
-724492685
-102596315
301091007
600409406
-440055656
472531338
349602483
-649526502
-119781939
-63477241
191296218
821384378
-923358404
217553189
211701709
-828980052
-965406644
916068753
-295707009
-250734268
-295512824
-908031152
925565501
349387358
-45004434
-81878571
-628869712
-805711962
-414518202
-810392339
431696078
351363937
-598808722
-89810239
-63263838
186584325
209809752
-328750055
183120486
-277129041
60750746
804488709
766822744
-104531539
-48820543
985578060
-406842549
-151890197
-999357616
-403520573
19488923
180950029
-831371157
238523224
520192971
907078718
712874569
-277980765
559574180
650971559
50328369
918025675
319726279
-400596614
720678277
-427739670
-777794452
282837675
-319378842
877830016
-630887314
-50842480
-219701909
-620236249
481022647
638273085
13660068
259561748
584021708
500703951
-34007778
880949739
771014932
83078510
-555034177
418178840
980878747
30910666
681004852
568025764
135957418
-155708136
-770666739
-329263711
-828980052
459916180
313611878
420132263
-612437879
-990239697
-982825194
77060105
-872290842
-287877558
-3077150
411569796
-968872491
300228042
-813324286
-238189511
-176578514
472367909
-224487714
272690535
417070329
408509745
-716363593
584815768
-950845288
-156156531
796990529
931538335
107084169
-679267314
-659560743
200896105
-367814743
523166067
695413689
-397700486
-771065714
-541889406
-304678347
422227624
710698321
516289586
-591971800
965648021
-408243374
662874074
-539177822
627696368
-283287992
132126713
-20340136
-348326504
558487170
-843708754
-121798855
-401842077
-535806655
771014932
-550110461
-61369341
-930327592
313461465
299229268
-834605418
811910161
-695382236
139627172
823747034
148300496
-487820898
621269066
913746958
-456992594
-78986988
-473246150
-380849552
-130667158
22860859
-327209811
-842192413
-797431066
354680430
842255738
821107613
-903979526
-576942969
-186447242
-466162338
305883615
475337503
-217538231
-898924395
635783768
25243228
590826257
219090829
-736719908
924546883
901463612
824196144
-53248997
-6865855
937804303
955631470
500566694
-146201480
976845236
801908450
-278101925
947597110
74678760
981578517
337679029
623413016
-735814422
113489122
15153386
522051862
-587089402
518095230
-403640398
-688331588
95632309
707005420
272285317
834599694
-752153328
-651260064
-344013565
-803783803
93243286
-287254104
-952779194
10716753
-911349934
927779722
-697246274
542248664
-206891835
385302298
-494170864
645818012
-594329687
-459861705
-222557050
930273964
-956343555
-108765701
23118753
222718696
207773841
429788938
80965240
17345200
733382263
-346747708
996959580
-483099062
-626682603
-719491458
216651635
793329820
369478582
902082975
737699214
942100645
518684062
-986920629
228157375
441203258
-742185102
-298675987
952917635
-116285380
-758372713
-851982392
43465503
-294997495
618438681
34977595
864193799
614553903
725633771
346238000
807621850
-748147912
-602321752
-665504489
466636910
289571712
457122361
340389657
869311830
189816896
-441858770
415496966
-615556879
-487663236
479711674
-858817205
161819676
-795869334
-337022596
-783322344
159324780
460095791
-108608596
-242110138
-880038916
936178991
-296499795
-430016909
785827161
-441942536
242770562
492781116
-797512802
203841859
-292117890
587684719
434463237
-174651201
-885768578
-486987436
-664966503
-929462970
216730437
530655288
-483139529
189408828
-238757102
999027312
-36687113
676214371
763891522
893316553
-655681984
-258364160
-430296646
569562555
308974026
237670816
34001994
-316466392
45487143
-598488400
862534512
180250502
-428632222
715887924
919230629
441399053
-232446641
-333185243
-478803629
-804412457
-873360369
-611059080
-324744293
379395729
-987102825
-753051772
219609059
413935148
-20412755
-411220546
15344257
-723320711
-968279761
-764170095
-703406350
-101593467
470716465
464591674
-887042024
-781876726
611718626
-39975073
296769690
466685412
991333441
545984373
-118096578
999027312
-755310617
-704053106
-680523328
306779683
784459381
716744373
-527471539
-249846468
-899184562
99536323
-613150613
523325252
-523933675
-492278594
-81580206
-497710733
-449713995
-296743856
-695770014
420747702
516156019
-847453060
-788581408
-624127599
644530776
179939060
120672553
802573623
18679641
441054985
-208983534
-79666192
-583727578
-642678868
416162368
-491525049
450604118
-560528202
135437989
4674383
-869002380
347014356
652982062
758079319
425431882
556119189
814140087
540200861
-353519366
828738032
752343954
-650785830
-546476867
-360539065
115884462
-675954943
87659052
610821685
645387251
792833234
-939524739
275313077
-694627122
728514967
850418025
-157241265
-993457945
-220191801
510872833
-846485753
-347848703
728514967
681080130
471104094
830560677
-710940789
634586950
-236301925
-243470284
149638892
-872554645
-724219191
62170152
662874074
-641307499
181237263
-910497606
306482466
-811856418
379343353
845438618
-456092591
-906257124
794977707
-51309728
-573617077
-221743766
-129293606
486136814
572165638
231969292
-431521028
620557649
75549694
-835152123
974371232
732938607
-210129862
3283759
-576801867
-667937342
-644820863
-529208417
314120473
315280622
-374557257
-440886399
378387810
-761288769
-554729191
42527400
-431975755
-154971636
-67174367
957863457
-887429350
-563526820
579884652
933708325
-395434210
-842791178
568084783
668963267
-808426333
-788546276
404436984
-736746267
-139783342
347202153
-12496598
-420518330
-881416038
-406100129
-204076327
-326414245
117680023
-527576676
-281697081
498966968
428217213
829133464
10339307
614637785
862787254
446948453
-696905094
686184135
-260315432
-728332772
359736249
837836117
-894944799
154380761
559763677
766357734
82382794
728070856
230359427
478124745
571469650
-291722037
-990369119
-848092497
9837837
198860870
-243851999
225916702
-779543358
556862050
108908456
-14562495
87183693
47337347
-753010265
-799231476
792112558
-9693975
-744489639
-806446529
-920733455
263022120
-245069118
332396055
-553600774
63880667
94799148
285389652
939322787
-625455488
495839849
386961123
-221330120
-25306459
-513593511
-773591414
-194680142
-22053739
-466038917
-812732599
-771997892
-529316564
199449781
-974378338
30796757
394388292
-64769765
595700418
-36670964
862010404
-627974335
-38887135
353002627
911281119
697858190
91433699
408894015
-576453518
-139278679
-628198482
-725462768
-999839435
569118352
291861927
-992968676
54796515
496159864
295930678
390467227
-332720670
-864483499
498140156
-508533682
496945396
-859693181
-694100673
66034394
-771513635
28888214
-107289343
886354241
-8610416
-37088823
139779378
-621141470
-571364260
-502266604
348640165
605747429
747087605
620050481
346761497
935202158
-695382236
159963473
-611703445
860228082
-296364873
92931900
452245134
-509718785
411916013
-768366006
-204378520
287778760
-514763071
-443515760
-719922936
467894182
18210030
314152115
368695933
-731817944
-39307212
845090320
377843685
-786940293
-618915576
-452550546
-985905371
-336913098
815790335
974636079
-766575105
-714007529
-989749823
341739562
408777143
343636780
903979088
994903007
207989612
-743913878
539678265
538381793
286666699
414812867
-886356199
43167913
637833586
-387001253
-431222107
-181937866
-42021374
-157592429
741264894
565450710
-998503568
765156654
-59877284
-275903090
-594554570
-404266788
-573464601
146575630
125329276
34548589
41758021
-19618413
-362663473
-271440432
236590023
407402497
-401455120
885895981
-857002783
-878992090
-629601996
-128776508
-125733007
-479756931
-694264660
44198177
268668840
56275274
460806453
-996014040
295159551
177595284
-572293530
-2111582
639061760
352511810
-838690397
526854835
-540646759
-487140382
-269400510
845682170
317676619
186654252
-102235859
254435762
635516548
265123802
-212255817
-825474479
818942051
394474935
210093418
859087888
356546694
-254389341
666164643
733559345
-230521957
745398108
-423257811
-214673325
707276781
-92539568
358966380
953952286
-928439667
316870658
-371409870
-887852901
-793856955
-213549956
-972593696
-934222454
-368472043
719802505
523166067
109467175
-962159977
614553903
-457645297
207328711
-615352063
-455907931
-179394362
-213468018
-990973286
116376154
828857091
594607258
349852198
842255738
-67625196
403460495
865562868
742904940
-313490248
-110246662
86352816
-551688645
38473283
-559887923
-436374278
-888908184
448834343
778022979
-998301295
685688237
-232446641
-689469297
645818012
-600640557
82881009
-674130379
903597903
857178733
396201561
388706068
734785164
153245478
-903712975
150415740
-241978998
-219701909
638817535
-30458392
993731442
-601957756
-504550287
944555215
289881034
160585098
670378476
-274745867
117428804
-472194796
580128787
123007366
826115556
561670413
751835156
117199567
-911845682
898726707
-1558713
965785420
743016776
658271753
86352816
-785837768
80965240
623516774
729274354
-752614380
556432466
-49890708
504240747
209448594
-848520995
-331096152
723866362
-230216648
-440665674
-396208184
-410570588
-181010259
-783439146
-202200296
-598784167
-226596859
-648582972
277137703
-824405591
-445837957
-928960110
-117708405
-913437885
-997114976
440077262
675548153
-827832220
939322787
-295443620
212764924
744383259
-220917149
945979639
-118838384
713132149
-546703767
-751334980
-58239063
-4589744
-548132747
-828275190
611256085
-824942881
662601427
239006109
136833044
-53053466
-449176613
957972158
837546099
577099076
-171232791
-724404639
-18338127
-259943940
-575150134
207806987
372763016
245521255
-195436743
-743238344
-121528383
-872930736
951490776
643402861
-939524739
322088254
-952107313
334510209
-583568697
755734475
-271693467
-780566015
-485050802
-107402865
-792633248
746882498
-150906460
926537730
793845183
-914995805
577640206
-788352736
437488748
489999280
-97764240
-653721683
-241320926
-239800988
-910847928
52364773
-944037951
838411552
869157012
480490640
514085250
795515933
782193581
-444739421
-715345274
-290028510
530392586
768262836
388576175
676039623
-541092331
-962568550
510682775
70915908
-142126842
854203048
951085341
41639677
40475164
-251552218
592480139
815034176
971642591
-260297099
-892998894
622905673
441399053
-950845288
-24216063
11128974
-612766903
877830016
-542033840
-716895318
533578274
-239484918
729747576
249497313
376022276
455577846
608209855
470942237
612545326
91081939
-197880667
-842324571
-776522878
657695508
131904657
-688574462
-777563799
-333251858
-243023992
-252990178
-143627645
-962203190
-257332861
-527531811
817624553
-702227370
558697199
-93530529
793415626
-643334260
71992242
527990425
-938771005
525011756
-189133790
-173190022
382880596
-445434406
184406044
-230206963
409912625
131577513
-476178683
-835730234
-499992747
-935346743
65367651
132509012
-492682648
935287442
-240729124
670285198
-287537855
-156186949
37047931
-287877558
168047940
273156981
-828514418
886415890
-189584820
-107796178
112113703
45688001
647687463
692710989
-579564411
-906370419
-708979805
-515249510
762551643
-650785830
135437989
51559798
150117492
371490117
-856678944
-548758816
-523020310
871665843
-597467999
-279635559
-617189997
343945968
301048900
651267377
903839136
-465243065
329871036
-54931260
-726389978
709576806
-107018880
605312472
47743485
-459822341
729747576
-810245201
-978461342
-598137683
-982060616
380024893
-889241537
716585213
-541092331
-674905882
-182812210
917826867
414544890
-458759817
-32476361
-809767247
-101230628
-10252467
587763932
696819438
995608442
-582330318
-604266138
217241288
997440421
708442844
434540925
-589604329
-167204609
-397289818
934639444
-685160419
71275045
433204908
-675390410
-980708971
413504620
266654865
-242247579
144860537
-981582502
-540522396
888737298
-241790043
-468001116
251530849
723548084
575314972
-537964187
149601281
-995279064
-401574820
-789023756
575314972
-135514461
-762517941
-281236749
-273035556
-439455864
775819669
-844613406
-586237676
-440692895
-589267985
111164998
-456992594
-932446052
976436615
-893303274
-338680390
918234849
836117107
-979721683
-971704156
51377660
427362986
-776008034
42176219
476344635
117428804
799264452
-785709709
-615657900
509641008
492954276
236194058
625488631
829941805
-174872515
-805711962
621269066
-926195493
-279074277
-516381912
235347512
-213240023
-300098950
962474978
-220474674
594130817
-112101062
-394889194
-727993916
-289277832
-238705164
-272170018
-603613167
-471943782
-557869096
-889408963
-148379717
481900006
413935148
-561778181
-647741885
632063939
-279396049
-79560344
578475437
135693054
987633950
-650975409
-846685717
568220263
-906040826
-132616284
-964614232
630240064
-12775678
-618447181
510183395
-522043290
450520888
860228082
250542501
524678488
-26237455
516763232
-541503374
636791919
-956492875
173138033
928599621
545103062
-985281737
-644926842
-908762279
-687227971
122712272
549349077
-850952348
-288473339
59799232
-136250312
348821154
-334760173
731916760
536581598
76435457
-384238372
128290037
-557026911
33782126
496746021
602335127
-237466638
543709796
-130204458
-337784802
-820104072
-352705405
278980444
-639350064
711616845
-967040881
-252990178
-782805900
400952423
-954580403
36497489
-372525762
540252284
271210462
-220611746
348821154
-233132148
264477328
574935083
695413689
-998880419
213572593
-796201239
763891522
-649355521
788886673
-231353575
958452597
669613126
915187849
-998880419
99253038
-790408995
882746179
868195060
52743127
630964292
-385397047
153782541
-490643841
-506800701
-463610176
399475449
527374809
-960889827
898220959
-122829639
324940573
-465426261
-398804604
836614886
383437779
443175393
903839136
16825982
82189161
-97680631
-314760484
-956043740
849154443
-26160040
206781278
-156088797
-444377501
-822926977
979086056
-409196763
-321595580
221063229
-764569260
-721055654
411690675
-460891340
736990264
-903804528
-667477349
518444687
167227364
-53749532
924780875
267578312
413640336
491826258
320699586
486758616
447268961
-962837698
285206137
-575020134
-895317586
-467340597
76989487
-833765034
-398365114
-47149307
-126829975
479384640
-693272464
-503642635
-949066241
-571663359
-245403188
513022171
-468887678
-582984250
-798935013
379199015
-429293231
-958122784
625009415
-146423598
11173858
-416652436
-381991699
4082634
802177637
784774861
711616845
-952474671
188084574
675033492
-369108169
991997455
-7990648
917331930
510095459
471018436
-799510647
774529968
-127174677
-617972625
-318856413
-293890648
699539090
545904192
-77834762
480490640
810501635
754176436
-641024258
-488638628
-369700918
-275843993
-268955926
-105090032
-775223673
567751851
-175107234
-799664616
74049572
-70250341
-314437889
476344635
-767884236
649083758
-250961568
6223643
449582927
32305594
931538335
-22600982
585346238
-414119929
894753088
930887472
-904894734
383052620
-645457755
-681520746
61062459
-698088346
-914871502
-270616780
-462159828
581283003
-523962143
-646304977
327553228
-187846559
214724554
876088120
405363996
-103587196
-659516174
939807724
-613124856
-554867952
-744974089
4994579
578475437
-307031680
571987952
775120461
-452358826
-107796178
555629908
-373554232
842052360
-947049575
-121528383
362425355
904665810
817424793
657341396
-957758935
-204531895
-545214812
188014640
-119195057
-291840690
536644665
-856167778
691823775
171110063
46201787
588719660
-956043740
960544361
272408192
411236900
839391447
11871207
-149318558
293707868
-808959185
-171453038
448984620
198537544
178397983
-20030240
784713806
512280560
22004834
50067248
-428735580
876942936
693595305
761435061
637459412
-221259165
-656104051
760845241
827865019
-17766554
826381765
406511273
512280560
-454345423
943768757
248945751
-560601001
909786621
121275188
-718978577
-734773679
128420252
721189133
-334075854
835360282
771107280
-712173387
983524477
-50065780
-635205883
-287537855
960026406
-470716109
-953304717
-740536439
795922213
-166419432
-196120468
239492551
894934058
-463610176
738371468
926836219
30796757
255022694
-749149726
-961323683
514039245
282451919
824562762
767798185
-691557166
-977996178
-705355753
-230156656
117516858
470024475
-549047832
-505292416
-74607736
-958619644
-321995672
-754936448
549982030
734785164
463113553
784713806
684430975
383642390
-341005741
626917669
-137730643
420132263
-314005967
305590739
-742687339
448911260
811624386
-551426772
-339774761
-92231471
-17873231
820258032
-195436743
365558781
-445222559
-575020134
-348494948
271869011
-841281489
537280415
929505809
352511810
-430993881
163123815
-75318426
555594208
103407313
-376794442
885238898
881971655
274329695
-909780688
-855392994
-893917186
44420809
275841628
-415982861
805771119
-382995346
-753051772
-799743552
369158176
-196511226
832948276
148821067
161354734
158548650
882252474
688803667
-531943754
391173390
262521208
-381028471
782499172
638749429
-335074909
506169565
-22374835
919123432
230359427
466121887
175403415
-711883838
248226662
748868967
828331226
-652447198
824391652
-69044634
-274322607
675965592
-194014396
-916875801
-355544935
453805916
-418867023
834236087
427852190
657843130
357235569
-661381480
-725942128
224017239
203512105
-93235391
-9089129
87846816
-347952638
736276995
-549047832
-251457889
306308408
-401402643
822827978
-357944865
-153798235
505505243
-843031936
-846229945
-785406341
816952750
57406679
-760811491
160320179
188179729
-827607727
-507955946
705090025
-480543757
513933161
-491731262
-969218525
431860298
-507585419
-532785007
905952892
-352216310
393777933
-470395954
660434127
490884643
-456426392
187017057
-613846809
906845939
-386274130
321851296
-931850974
-408750022
439548194
277137703
777892213
-289835089
-599897845
135533801
647687463
-28804968
-898847375
519248253
844456710
169182452
-891762796
-593760687
-923175522
-944896851
752818289
-527525624
986002077
535988341
-110201175
-647484352
556558609
-300141173
-984644285
-771997892
219058162
-133750441
647101380
392462639
773896495
991333441
-240232683
-573539302
-268874779
-218240309
618146470
-114961406
-824506706
-406601653
619794149
274476408
-38013675
202785313
-61119773
746100608
897082892
317637825
993924939
342549902
-767176511
-718278480
378232396
-611177681
-576453518
853230793
253154889
-100542619
-619090894
-899932270
-616835192
713618262
-820852660
-327998035
-336175978
102479352
933404525
-762024035
-43398251
968952609
-871083590
-95903752
-932446052
933404525
-706650957
705214875
995910808
-848649278
-996446214
633456912
-143627645
449414060
857178733
412104572
-909580891
896177791
-795282037
-274149588
87454668
603999382
-333623815
-553176079
-529208417
-624794712
-117791711
-838041972
228994893
960332915
212941694
-734657774
-898924395
-803603705
-949434391
-810802304
629347833
-968188889
-70250341
230723421
333086518
336984432
-489880911
-664753761
-206192529
-534893446
343156132
-364225291
-105887557
811865579
-601511999
273273234
-290682124
8927430
-90370390
830303971
-583478581
-82043302
465735520
-36193118
-524828576
422108932
-345422744
-989980374
-783136672
120064559
788240949
58631320
389672139
880949739
303809836
-570515477
-564253999
289373142
569233448
493428807
88394411
536709869
698104719
554905002
483816351
-847945535
290079997
770305807
-924722200
88282462
476076440
118246348
27081287
-334501514
-993104310
698406414
374918269
744841490
281072764
-9089129
-77434473
194115486
170476977
-871515095
536075313
936684860
73016970
-677759345
990482152
-220917149
-961564179
-587335282
498401870
125836970
31406742
126146073
564455741
76270765
-341709257
-2449919
675738475
-327706612
837150230
753442563
-33578616
979086056
-692041082
609194696
160387149
658987468
-457699039
689549398
903677073
-723046357
540092894
621946843
-578546593
-46945196
677320067
659476657
-134965298
655127673
613738554
792661955
-361802016
135236120
771014932
-203104740
353629902
-480793644
206781278
-296825408
-986323799
722485373
94959705
383310106
238385563
203920266
435779432
-679938273
132853906
-663668095
-348036817
873378470
-746002562
415890284
393109667
304031336
936981084
488823430
485344273
990066628
-484682761
-239183392
727169330
-419955932
784459381
466341688
-405453043
-307727116
-865834665
-204076327
567078038
-32476361
362908275
218268388
-176936273
-661501749
-279207970
548777544
-434232682
689842334
-766852478
-417855224
-695475844
949207542
118039622
-284995579
-666714221
-452658559
83961325
13920197
-156186949
261871747
818735506
871063445
-302443919
-897611117
-460395018
-330692616
-823562602
822417839
-849231457
-843478407
-804167210
-189171015
527152363
-635951030
-960064735
144149508
-394558227
-795507543
641571483
-326414245
-247642671
405035847
-376240148
-396654454
593193763
213783712
385403378
-901177057
699637361
-989241866
-254607990
926695941
144063727
62866136
219862247
191386098
858658259
-128876572
393550076
67098476
-150323066
-300287528
157382681
262676285
917283111
430129016
-758922494
-159507471
391891721
-193660036
740624559
-451356510
-208888621
-121528383
455102106
-654216100
-682447280
-175882973
-191949205
148821067
214645152
598275153
89530374
-662381730
662998807
68697464
-766307977
-615222049
368087683
935993459
-276280570
-116984327
918025675
-754222312
901006411
-242508583
-525405774
459456605
-578081852
592729896
143884075
529514696
173028681
-381898154
926348813
613806412
617647682
220614827
-463997709
675965592
926142838
-376851472
-597596609
843602537
-133118720
926484246
459659464
768199148
-705955590
-197022325
965298910
-415982861
791732144
190535461
58828577
475899144
-86599092
659476657
-259500304
800739580
140153031
-939223409
-809374765
944016549
598890867
-753404724
293590280
16032073
755029613
419294446
-284922414
-713097446
-236193159
-146309193
504324989
-772801817
680323091
-985412342
-647260505
87000167
913356861
552306026
-951254697
-935577300
-413095097
48653983
-764569260
110185302
-93829982
276019594
-272664844
-329591965
-512465989
890922106
104817977
-437808408
-623420036
449881329
-862725767
7712438
208567035
-85393843
-76562870
207414271
-276702796
-995201753
-653688155
-109595706
-31639191
772792092
289227931
37665143
-291149639
586362410
59220915
-784259535
681080130
-257535204
-236138970
652748268
-644549632
-650711485
-976830985
-549610438
677029381
211382085
998841629
-278477128
-415467481
-329079128
-525913819
512987818
-500352615
-927293653
68417864
936067531
-432923084
-639704935
541899673
-213680181
-115403995
706800375
-620555574
236216129
636039054
-166704047
-640029757
-59519895
908924440
720272225
860486745
514548590
357519338
80240902
-451356510
-205650078
792142065
-153219413
377519415
508053454
758079319
-340766002
936748104
-107479274
704003342
565247850
-755649802
580502877
354081177
-155026593
72011120
230149703
-706582787
675267811
-25731387
648999511
66737366
747332141
467894182
480961030
-744029383
-403499876
-417855224
-633667490
151137230
-463823312
616701910
278843088
432773842
-396109706
508123669
-769679196
-716943796
795966699
-572990582
-742379654
-340935924
-15926983
461353159
249225442
479013902
906373811
596961816
204455882
-757079045
802486519
-806964527
942962181
-468054413
591158875
-961970982
495491918
-308785393
-340766002
658271753
-136375306
-552515496
905788109
822881335
24387414
90346772
-231970057
261432235
-570778503
-238189511
242668130
945651577
-939977808
11537420
649661627
840269039
708263912
81913407
-303321054
-518276342
995520475
-478434529
-28057220
-668300513
681194988
-224656883
-956841329
258024241
403300183
945257010
697148094
-987737081
-887625083
390210067
938882526
-86862209
30329769
-563117553
-241480260
300042522
-741570209
611718626
-960836692
302174766
-858609540
-44761152
357322343
-806848466
-233029396
554634514
295678419
-233466224
-714873723
44041191
-755832677
-738667397
438451993
-941309696
-684264527
-543933231
240000194
-947781162
425322582
69027091
574773900
233755014
-144996023
-65968351
-615542434
-721885994
-985905371
-737883897
-155532619
-230329994
-422488502
380286271
169097550
-755374061
-331531339
-933313435
-797585340
234418535
-663668095
783770217
923099638
322250291
-433069114
102774010
377444244
904365975
-627498840
-205083747
142106208
-444302114
333086518
413336682
574542803
-227293024
-704461193
-444139302
-273212112
627382916
246519562
-783136672
-627429936
-508533682
339566093
-228335055
76603285
-472194796
-268871163
289701967
-46303072
610096648
716020452
-498228680
833433325
-708501577
862692772
-702572373
-369767034
-44793093
-679362248
524678488
701601422
320477791
916782703
-769736601
257670200
-780902747
-928239678
178999412
561670413
154438771
634906430
-535647460
-241320926
-408147756
827370115
979641558
168463498
-620057545
-391080669
-901037109
305883615
107759991
269517241
110185302
389453850
194883491
-282124670
110313802
-694979678
-217067959
-355952580
27617003
-179995979
-355375526
743289688
489743387
-764980932
850131612
404862407
604119963
-470947356
-23471146
257971521
-915229145
-784727943
-629149298
-785406341
6632382
813458097
345114003
995229777
-458806687
-39307212
92019199
-26060500
-489880911
551091380
-983212295
848254738
988477044
704670831
644587565
-698088346
9110104
950049748
-44005949
108711472
915447454
-719110146
-577300755
723866362
-301131999
-196845602
570071567
-202405280
1399994
-482204136
339047803
-458658232
-968524917
-694105814
-522465675
973168066
-301997762
904632274
492400570
-880765409
674857304
42726446
493535119
-533513603
-530559012
494643656
564262477
-761481896
608510893
-374670052
611051552
-972386288
74953562
-726768268
865562868
-725155251
-547335313
-441667048
-185421479
-438256547
-639454204
794520542
88530014
472392383
-662262968
-522111651
406700770
101439831
-344436223
215597456
232079838
-811327385
-279738360
-659435165
461995283
658116707
-348494948
-235318790
-515708961
-904652148
-821166297
93218309
785679348
-531079917
727667742
-814728742
16337118
615266883
-130141456
-389314895
-926891848
-47572499
216104119
-552598804
-519295628
-549350715
-691557166
237132486
920722665
-186049834
-238417603
-305749432
442299119
-247317095
-384406429
-81027936
-761288769
454757815
-473867780
884974478
617988031
403037434
143109708
520695931
192576498
524476447
661004881
-534199127
-334760173
-471404009
-832215302
-345422744
157233567
799402730
516903943
-493612259
-650711485
22246140
716504264
-77615354
-670876314
224703121
797849988
-49048210
223547134
537478003
995690221
576285744
-792446406
950437166
265819875
717837315
379925742
-169103721
93678990
-126881066
-40396394
-954970726
-104921232
-277568253
656710625
19022452
-47149307
-448764637
-103196902
-886656376
-253891578
356363707
-990737052
386432324
585763283
-277805714
850306174
514437347
760534031
206383289
174246436
33693519
-191371384
-502584758
-234580238
-109037864
-447874026
721784137
-177882953
-822926977
502552560
478038188
505682533
-148379717
952375126
-587262148
915844329
-79809585
-892714761
-291446752
-769417152
-228857175
-697874052
-39608416
739723925
-400450512
-946422300
-38013675
-61312251
-375899139
315455673
-958954625
-319378842
-35385162
4759272
-959705768
-416930125
292068024
-890150884
186939476
-416366007
-855033478
565938412
-760311243
754246467
-713136518
782805272
318695134
-441564189
917345214
544053829
-543585598
-276576173
-508993702
438760928
-627883874
-643706435
669247791
-369767034
-801048867
-334501514
-30709994
133095942
-182441493
997915480
-892165250
-112489137
-91790436
657995792
113896678
896044454
455683433
627696368
-172262479
640925378
981380088
-761191406
137425468
320800802
658271753
-564632305
452419350
960606044
-410335660
955752708
-725462768
-738299532
14087569
59449745
243670946
509909250
960253909
-35550135
-353590583
612618301
93091108
-561987011
-590107345
400312909
908157638
-133990324
895551216
162605339
617117066
606976431
102372736
-977132559
956457128
-308525460
-189171015
710698321
340953764
-290851948
-435646332
-550220410
-816773489
-15047477
-786668891
-623780213
-228152634
800003187
82746758
-351066252
-726708125
648011072
838411552
988286439
-704423767
409985034
-413917148
-777991562
-662560378
796204190
-509933250
318884354
793151015
-703954045
569233448
-974802752
472367909
-373554232
-561106404
-49923538
107269209
207301733
792112558
-23178315
519116076
588128549
-945062861
43418068
-549047832
932770375
581093785
-708575671
195781694
-349277252
-468279026
-671037766
-377638850
-462444828
-532323505
-831271625
323611554
872099619
913818636
492571854
907032334
640698944
15693137
-383177527
198115218
511098431
862406703
-274745867
821107613
-426009398
-103490679
-96732686
256471655
879775153
-241480260
599214893
477723743
989583405
-152661585
-836915141
830862729
-783439146
-141990011
-956412070
-696328486
389636747
-306175362
-258502877
-51350796
-307225849
-891916066
-387170005
353696444
-364225291
-5800985
838116754
105768007
722679867
-19871039
-824405591
-732226183
-962064832
-214453477
267578312
-429525945
-456092591
-317544391
836691714
463391819
-802480015
253727572
603334106
553701395
63526688
193634668
-168356613
-142748699
-24089141
259703264
162137282
-646237945
643172758
-523135566
202045188
-975164499
-650300000
-312372260
-429293231
182621388
-591520056
343165867
307529627
302326822
-419165136
-373524984
-222417535
-439455864
505057449
-387844996
-967756259
-921386434
172016335
702362216
-701258811
489702569
774250224
252623109
143821560
-494650792
-530481035
896987472
-960582964
-753568232
34145695
-38452592
600228684
64872678
-364953897
423724085
34502035
313909114
-875064694
-140529113
-711700410
-737132934
843455376
30796757
703865921
-824368867
-352590461
918988866
-474556911
-415395304
-69741631
-453193071
-84442704
-694627122
-792664213
722240419
-585816951
200588148
-981258772
504758845
98762738
795515933
881707780
845438618
606976431
559295545
944948952
-234639540
48653983
-652382966
-420775793
695456956
-990189097
-88327525
-174872515
-543224413
421597565
698691167
-992069079
-918806542
-392091873
521712801
109828440
-761860518
591864527
-311593086
-299561032
126354767
-673832407
978868479
692631794
512987818
-250023452
-316892815
-688675802
543832124
41401373
-429439492
-274399783
-546476867
205055159
-102635797
213229239
184273698
483993287
952245011
670565968
4887961
672139085
823685745
391613976
479711674
793415626
32973731
-136600156
781208448
637961818
473840063
920567626
922669549
-248824782
832668405
310553912
311677063
-870492717
-927031334
-871515095
41358466
-11657241
90807190
167863078
-997840648
-666217845
-54820461
140669148
-682126023
488621815
-757370785
-84442704
233274368
283621274
-324610520
760218611
-230013756
319540557
-720104423
690520820
-26431655
-733795808
689421282
723270761
818669749
-298380616
-740249670
-942414239
138869212
-155982633
509641008
-199079239
533203845
479487237
858713841
-690479264
500483284
813901886
719474988
106363757
-860452857
-898480019
218893262
-479105980
689970663
829065318
387434436
719586182
522051862
-489775806
-483971891
711616845
-125981599
4887961
-144867217
-789335075
-186049834
430809482
-760503461
-996911998
445909112
-52478948
719802505
-554457410
658342865
908294388
-481704933
837836117
204590523
-819416890
-16086165
72345895
172336496
708400157
810147385
-81652268
-250238161
748373270
-943465218
863039267
599889973
-183647693
995608442
211476512
440319384
-521024034
237915962
198860870
-669740813
-282594668
-13641829
41585885
562503010
-115588736
-989156177
765854416
-414415513
-850420914
-51985778
265819875
758508572
986335271
-90694486
-43260339
62194066
-14004470
231016005
127997669
-553176079
-890122093
-976949259
-472194796
416833582
-497045323
120347577
-248728339
34228497
-21864645
-317449719
69726022
253415999
396492889
397523104
-264651843
-792446406
560923762
-773333341
-255736034
239254236
-147279164
-866596188
-325785305
545616604
-393916018
70915908
37442510
855334149
-740536439
-367585807
204035402
-781670349
-773758360
525559961
35333741
622745383
-800332348
-366599594
-645534961
897495744
118955006
553054518
176790371
-791239216
817166552
612731641
201780916
339970740
917445805
-60452653
163005432
302655983
-161587218
-411324195
-172683337
426113885
-834963377
-21277063
426875319
-547788645
438918816
-462703579
-175458759
-822629745
-72051097
949752870
711012564
663558762
855407488
404135018
-447520933
-341709257
-903667113
-353839169
611917692
-191318529
912454648
419540434
-817962914
-787248462
991688102
-100622747
11219841
507149432
639108800
502391550
414708604
-798101792
716907280
-616706996
-375606837
364179886
-790664162
-372306639
-923462719
888737298
-677903411
676115107
-657839639
-167204609
-322685502
-308090099
-697440825
-408487410
-477838392
-4497689
808204127
539998699
-402763456
612618301
-82076357
551831013
-898480019
-518793709
-745042367
615208488
349789535
631613185
-577360938
-42523021
-98602873
672620001
-288009834
409169266
374752402
18344862
412303155
-290490530
790080513
-579369288
-228402470
932122256
449689068
925047106
767506929
999683093
11173858
950274813
-630887314
92110028
585617990
-159710945
-733878722
-867971073
924780875
786523076
684307443
-455002279
-566061870
-809374765
-583145478
670285198
-173714653
-629335424
13660068
714637580
-652606175
962728081
-344436223
-55499593
-204158256
-63427448
-373958873
-992567837
-167487205
-953415131
-731543892
-430016909
169097550
-919472387
598575990
671479554
-853497855
726308773
145908282
172533280
829859034
-55349260
-363709781
57083550
-914673105
186939476
596649222
-415285522
-915104616
308604598
-689469297
227744357
596961816
-432169221
664368057
-677971529
-937571631
710887957
127475204
797942271
417213014
150117492
265878445
-507914530
147555664
591864527
-679863036
154565897
42136598
-231792783
-325340127
839118022
521310392
-545181217
-266299121
475899144
704942145
603917429
213172338
330075715
497421630
-430188316
379199015
773155885
841782027
757221043
61641228
814104749
-830116608
434016927
68063188
382407646
-663551656
-842137165
-874109782
-539096365
-799743552
311428928
-781894997
534157775
154162862
592530418
-978780237
948380905
-570032982
-291676188
-572337341
746946557
-118682373
37364394
872382587
-378466134
511182505
-694197806
-967874161
322597080
-4396880
-648885898
-540646759
318332096
-830730365
964410137
-993825718
197681285
230302381
-989398333
-106897865
-583727578
309931920
-341606246
114576186
-692041082
-297808917
661004881
703167475
-701258811
658987468
995608442
232520366
-77264315
503647353
-363188059
-940108413
-495807734
711012564
-114961406
-141363918
307318636
75616823
544154914
-65345062
-914609983
413935148
118597817
-756948669
-41948177
-742687339
-698256355
-977424861
628693848
-323784532
303295426
511795268
-264033319
-887780296
-184722545
743467244
974319752
340293534
-594724430
727329642
700179402
848585468
45688001
-303734293
70756108
94529080
-437642796
-380619335
323008315
54328710
523425934
-195671069
-697002182
-230981856
-477888320
-70544384
-503167358
-533974100
-385752638
915187849
253415999
-217490105
-530453460
-867074165
-13641829
465202682
-838590089
570071567
63604283
-203118758
803809007
399380733
-399088124
758079319
97024121
373276144
763164310
517114258
-96098941
-452550546
-286709336
-372635463
-934434882
291669735
551091380
324356613
-199489759
547644939
-407583458
688196718
-77719793
840269039
186051253
223770549
-119735695
72724655
-446010493
652260421
-384539758
55084451
163482290
834155872
414135049
140669148
735255277
160387149
-166419432
731307058
548681301
-883617584
646087191
169097550
-459512930
702728189
-684512336
662774858
711802504
-786743020
631278064
23091288
-160443798
167365951
-939524739
205055159
974065790
-292949942
-662192320
-193326776
-580739988
494090989
307529627
-578351700
-841098208
147555664
-823475105
-145680159
168567935
-549047832
-757872132
549907851
322442416
108298249
445354787
856491076
-885282666
-905598582
379199015
815538252
-923358404
295287659
-626976339
416641018
-280335510
-818539605
-676163660
-809555453
626032480
-406837533
-68391668
129381662
-362241058
713588259
42409649
827331918
446516546
-19664953
981693039
941920622
-236949334
-498560949
-207279720
-301710438
101466823
556744299
-880214470
723548084
761397305
-504982213
-759556709
-326414245
43418068
668682066
-526131915
570071567
-112826469
454757815
-712491030
253568490
375913206
465181390
888294953
-73353012
-982760765
996193575
536551918
492705280
-355038596
238843297
872563693
-808959185
502295228
-767182920
884170349
-116383874
337806299
245032102
-613968172
566712365
-278161642
439675234
535988341
45744464
-967874161
-788581408
-421119128
996508016
919539687
-779291383
-359358
-526589110
393550076
137760892
624644311
-940364746
-387380567
435607541
-68299826
-750667457
-534351684
-818410973
-554782215
-902208544
-664811514
-699484968
-315052753
-19968631
-29228133
694287587
-730906114
82468302
-280867754
616240651
360614791
-176055072
752343954
191091975
333681805
396072936
722679867
-297808917
37442510
31536548
-390546093
-203118758
391813207
220614827
189567212
-426681293
-24806605
237563621
767999970
456384109
-26790450
-528564365
-269300223
-575174703
-233932235
935755385
-650975409
659834865
-692287811
-801497212
-760104229
-878958417
615788290
-780081772
-359690929
-555034177
728754113
-291149639
63526688
-647533970
183713578
-499325002
-295562975
208380831
503349345
-741860883
342994782
-949434391
-431830410
-428811920
869157012
674904728
-904554783
-747238908
-20276481
-555565867
77060105
222718696
953812148
705747679
568460984
990982449
-661291707
-720688448
544154914
-140733491
-40061502
-605446411
46624228
-504691375
-426168623
-300488969
-582736106
692710989
-309519338
-876481274
-197231212
631550716
642261054
-201897499
986552239
652574080
307529627
116629147
-397306665
95321793
-396333247
-881911592
291865464
-891803176
327650862
836048973
401936887
-461830850
474734389
606379873
406164920
-483139529
229154481
14441078
-371864122
228157375
-811556122
774529968
128977961
-356838063
707385215
-143991177
-22442652
959738485
290835390
99536323
272285317
-415982861
-122455495
-713473797
-313461112
646619583
521235921
416422676
412303155
872947925
-611389598
842052360
614779545
-911349934
616508341
31989513
-634232186
433204908
81043346
-462205067
547860572
-383546777
330899002
-130492341
-293890648
-788288434
539311001
767999970
540338987
780465720
-165176849
69509590
530392586
-721082863
-999912790
-994101121
-437246462
-666871594
521811326
-563160114
683641333
-923110976
346619661
884840493
-637404970
137678856
-886313186
845222033
619125512
342048014
-641902097
755997645
304095749
-280600756
935201421
530392586
911703974
440690474
-368058638
168779223
-147626712
896626784
-891510482
882487544
509118520
-747926
-554729191
-282093968
878586157
461536211
-895398407
-845158515
-293890648
-636096910
949198337
524338958
12996577
-333636100
-531184575
907459404
-786089270
275291897
-942106147
780465720
842647053
-979721683
36871851
-334131595
140291932
-299122943
-638371884
89223528
766684725
-681455354
155525885
470138321
257707957
817424793
-107563815
-478057087
316248592
974371232
254220765
342770029
-333356497
921755613
-468485107
-254246385
-650785830
-432472038
-448331412
487174788
-684343142
-154188285
284513010
944079753
-806964527
-32748511
197555016
93091108
-502266604
-390156250
163482290
368479491
-928427887
467933900
-934554524
-353543650
-155815480
111363091
-732742994
-870926136
996767382
39738535
-632215028
-391826193
-912337688
-299268894
-775935535
755961848
747441891
-755980933
133324824
-664365499
947854004
345114003
-231263297
-58543541
-333512426
793329820
59052188
-648582972
601851786
804300045
662210841
476848712
-110920077
-750423622
-70369286
532140411
464550073
619966077
887335528
112495962
647369157
357987740
-221084983
240000194
474734389
-915547996
168779223
473375281
-981067225
-903152673
299628821
472841697
-855481553
-964614232
-835881043
-61369341
-631735382
791372198
686858947
244691027
-944847889
-628749655
-437525366
402761834
-410454520
-20593578
-19104337
241784258
-33732242
-343038890
730731367
-552397061
636454517
-909620678
-890792932
-582903558
-731543892
-991217280
-489380285
-554867952
-913825151
-8464645
-918448875
-100164527
-811184768
260047219
923876263
612827513
-891258357
411690675
-475490438
26271340
680213316
-834605418
703526151
36497489
-533744145
359920166
-115403995
853116349
498401870
-279887985
636328307
111596641
527990425
-692287811
401204613
358695040
-393916018
217017048
-450270689
547251069
416962258
-953696938
-918711627
750295490
497737880
-847639463
559478606
-569955782
828107669
-467557681
-688331588
-960366940
-367585807
-530481035
-944345689
679872598
936293507
944288041
268803058
439800801
784459381
-398559005
-340135953
-804667687
-671037766
-469780423
-658859379
-68007694
554385731
135236120
393777933
478038188
-207358601
-689002464
542624466
765365193
-522828779
-396109706
890742163
-177137594
-100821149
-671421586
-446221798
215417098
413504620
977284402
921954229
811426771
-853056891
-682602861
-103358801
-769274728
467568298
97404545
211701709
368087683
-818410973
-353351023
-524620382
-305419301
520207175
-86293669
-312912261
84535645
-758511928
-495807734
994076522
-644306412
335081291
758402847
-505292416
256471655
157462300
31406742
-405052583
731715697
664541667
-35246473
170694947
-720347475
116420476
703216794
670657852
-94108407
-967504916
-518025564
-26968570
-732005163
430624816
-744194553
267073331
-920143579
69285475
116289916
-951951006
682954252
-390703168
-732005163
177277355
687555586
397148222
-245715370
-600524173
-912693410
-793037828
308530352
-744304201
201179515
-107918836
519720274
-398114813
-297115450
319098067
233086742
-635514052
898726707
104767751
325267113
-826010802
-855033478
-687767111
-627762067
-701258811
-77903812
449604428
608329077
675548153
151038908
411236900
598466656
-101455030
-308754477
559969273
-702846347
-191394822
549520206
-689066949
-817673460
972209174
-429860001
-766683872
-387439285
-144764364
-309701149
743757384
-973932218
-674825463
979756091
-33912049
861096198
869780381
61062459
-535276480
103128066
140153031
911116239
953593906
514362739
-575449441
-83486434
712070434
765731205
-608026224
538018747
-949240111
637281770
-107796178
819842406
71992242
-662102911
-244248590
-273851118
-162354347
-301832766
864730071
474784981
894534363
294438295
864692751
-880658002
-348959763
384261893
-184439817
980553064
946420867
-787101876
-883190484
-190227679
-609233516
-473643690
920146144
331818317
-344386300
718130021
-371621208
975612937
-752112870
-408243374
652646944
915555283
292788298
-385711131
703700138
402856449
34401109
115524790
-399019918
313368258
701687010
-576281722
-876416673
-435501665
-529316564
-644451346
459543148
-831639598
926224406
357288862
-447832440
220834178
-319698402
-641491779
-242532959
-443618824
-624222205
446948453
179622978
-760023173
-323634365
19149043
306865559
-727993916
730731367
546169417
857949020
-820428844
130566088
991620441
-821005608
356082649
111596641
-205776045
-4497689
799725804
-250898368
-722772364
-851440258
-137298838
-171691451
-326120515
-655837852
-970102113
-377569804
806767317
785532892
-382156187
385653813
534157775
-141363918
757055652
821542913
-141507176
-877977700
878173676
294070192
-201004059
-986647286
473375281
-815302421
-994437762
-490839188
-629112762
-7156517
796990529
649837038
-24958338
-534607397
-783261255
-257563376
-324510138
-68973301
-307450121
-416692071
385091033
-400025546
-494515557
650607286
-890637362
376968966
-780566015
-329980412
374568975
790966106
-318675424
-154971636
-219032337
-908285983
-443822456
-721171192
-24364529
-667114822
522051862
352511810
670878026
-413782871
594866199
-845843829
-907113214
862406703
-44460369
925813911
828518001
-826738915
-808694639
-786487040
206781278
736875028
-280600756
-390311508
316870658
870037224
82713890
-595865183
718858445
854884153
-769026977
-277129041
747441891
-661632572
657126947
-733578501
12795291
-909308278
452419350
940586385
-241864302
-644299198
263710609
558340296
-298585849
-431688446
-975837607
-6622153
640736968
969247771
-15181893
880949739
-322161733
319726279
429353001
701687010
814909592
-401939533
925099977
-112936479
798063978
249864010
-89810239
-983312521
541101919
-91947318
-109410174
276907118
-311593086
933113525
543832124
920052610
720845296
970212866
-705067870
-450994021
10679063
897146803
17123235
-22600982
258470173
-728172523
410063265
-610155669
-201159124
414395857
551574188
559351768
917445805
510807659
-80420600
820023599
226730906
-648324242
-231670001
729563996
-410707270
91856642
-33459619
216651635
319142776
-769736601
-20986458
-335842801
-224656883
116629147
-532256568
-462668230
695223422
-98232219
333628662
875492369
765810700
103707109
-783226783
858749974
-299243028
554663763
-566672251
-781529698
70202913
512053130
-965737105
-478254268
879094860
87223290
45581264
-753540607
-846044208
-179055100
261326087
897985125
-245403188
-944345689
-965998155
-521571448
-297115450
-946640405
882392210
-505388559
909517614
963779
-106439328
418969295
-136541527
625831450
931167060
-317625867
-141866254
610552239
380659796
-145680159
-505861891
-605146641
-803292913
81559200
932122256
-696905094
-110246662
455514545
-704117606
767798185
-830434566
-810887863
-477588058
-134756078
-715620018
510983677
-960366940
-531349440
-755500671
884594589
-627182739
266748698
378874537
-88845571
934084420
-734569169
-495588586
-390052773
-606908926
-203514054
-14160664
-153462459
737900950
827199761
855829316
171742125
-767182920
-664726735
-295562975
466906009
604340859
499517046
-718167449
52205222
282553535
58442139
-901951418
179458279
-843376281
371025346
825043622
781208448
141600552
-820283682
455442677
136903824
638649356
350540038
457300864
-656104051
-414887133
-2027298
-282212944
-744580186
883750849
908983280
232339341
-962159977
-645534961
-216290105
249497313
-823475105
-123276917
-93152773
671192305
-187007026
100413383
-781529698
-380849552
-479756931
158488541
289903907
-741025420
-266859888
-36082407
471736032
130733978
-963503535
-28984229
-638371884
-588342696
883750849
77525668
-78739908
307050964
340293534
-297391729
615208488
-952283096
-500101028
210533649
-775844937
556256405
-224863395
761694135
-581769292
89607403
-669402597
711255191
-609555704
240449178
-586911210
-340407423
428819290
-214673325
358695040
-934874165
-565043076
-471606949
-190006905
-618203636
136226269
-603384620
-550590329
90547222
569118352
-350334905
-317825632
422483818
901962600
-396013888
395506561
-996911998
-885387200
80570227
-154026490
-886656376
-958542967
567751851
-849009576
661925610
213783712
-954143918
702362216
-673250240
68258756
28111446
-913993299
940760386
632843511
-680898627
486900298
426289098
743164870
-166704047
-867715005
-163303969
130105182
323611554
-544262623
-245403188
284750481
778689955
215794942
-419752479
-566446748
-455786946
250448038
-567178382
-501740439
328343808
519569213
-490003801
-901574199
-318856413
285622331
-992567837
-612963865
582572934
-513339320
-225984814
-251270102
766701509
-525685482
659671142
-26485747
580647987
-645534961
778484322
709576806
-983117394
-503725333
-793325431
234957869
-726276413
-395154087
-957788030
-89605379
350897107
-387001253
-328727452
-462919565
-489516791
-224249117
538817317
-357500523
269517241
-973489413
-349092746
-460833335
64422867
588626005
-205246454
351045531
-94462918
107528364
-973932218
-296868886
297154776
159566935
-23361657
841601468
676407420
504784601
-44366624
461536211
802699278
-755554085
-205246454
875250221
-640786020
-887706005
-110570072
-44460369
128934771
-181245273
-853828
-990431454
-127154060
408777143
146575630
-915104616
-509652366
-767009873
-22215648
497053257
846031104
777441075
5084516
-420053270
-174421104
386077654
-671937625
146953754
889512603
-21970065
287219131
-679058151
905315041
-758511928
-73804275
284947536
-539408147
-698256355
-77097937
-499461779
-872335409
-75559144
412104572
-621081260
459456605
246254073
-113467083
-529208417
942574464
-664365499
-803603705
725134588
-794093814
-857276153
-452358826
-658859379
-922488977
760048477
532251888
966741379
-716363593
257670200
-73073785
-384328585
846478141
58475106
73727932
-796166319
-173744545
-225056089
569118352
-170277897
-517944101
-634310118
980819204
656196616
-11377255
-805678946
-378566329
511173485
-785709709
-178282728
285308467
-582582938
299929256
451126343
735926311
-980265877
-658136229
953662414
825117383
-554100162
-813026773
453675278
880277175
-661022643
-418376847
215648303
-311704438
252926159
136833044
-620998191
-703269479
-591444342
312774548
-388090912
819457688
-531531305
53276132
847258236
459659464
-463197615
480899006
347014356
-723238370
111227923
462087961
-993825718
920363124
734250488
416596216
907730411
-660372004
-184130040
-137274137
-710994202
-864299562
-716110053
-894577635
87000167
538817317
-380017731
920052610
-151000259
-940725910
534252684
-203706417
-773833102
638060204
-187007026
-750448995
344167308
304104665
915978074
-23918174
-298585849
448639217
740291131
573519615
-763741274
-79910843
-295881404
-131964831
910986712
298281420
-660611530
-754560707
389883324
-276109201
-911624957
614848069
345585277
-940478619
-278161642
286505933
63604283
480490640
730380195
60557190
-623843671
-405532531
787154862
678969652
219646790
-243363360
-257951481
713155016
-896963278
-79771424
-845356861
218824262
-184439817
14333887
-937938203
-611456463
88394411
379601447
-610794634
-846044208
340428467
746100608
313976492
-394417613
-60746975
-981082167
-210354169
90547222
86816328
750605710
-766575105
562653419
-838494402
-687851678
334244606
-959921993
-790408995
163275887
-153860108
449284145
-107532195
-620418477
-870105648
725522154
-194832012
-158957461
766994120
268803058
-462921431
-275497437
937232479
158923658
469387911
198537544
-130492341
367640506
-791415556
420607865
-552562765
-634380603
-338016459
-204797008
-284090707
231347582
-450360103
-718816369
-548132747
184816088
584225163
-331883638
-391477500
-665951438
-426744846
39662917
-812458590
811038685
454441354
591864527
-126186306
767999970
-910914315
-78876856
88230149
-338943934
-801497212
-529539043
-696905094
-822629745
152558904
-325478805
525975227
493428807
-135685256
-809931449
-315237629
902275175
-71720747
-117811469
127900077
-696051574
-529456984
871945404
-206376697
-107167350
-332991234
-659435165
692165141
-691160868
455514545
856491076
-642103089
387724384
656177285
119248695
301542612
-193136201
681035188
873835499
-450270689
380286271
-79316036
-424831314
-757213103
-493612259
-860296438
-106897865
-402157279
-598003371
-461461159
519873058
-984425685
322653198
-649986698
471454138
-168278740
690654932
520285023
-929301520
-249358620
243170772
770093003
-871340975
961872749
-695783629
-803031099
-209940563
871720781
886840011
-481325225
918583776
-837674597
-179394362
980819204
-652489499
440690474
633038669
-860008509
726739154
100903646
-685822274
934561005
415890284
742344251
19488923
968669083
455793534
936178991
-990239697
-182104430
770434546
290789727
-451071032
352624785
-238934480
-275497437
289571712
-307034452
374465902
-456269836
-931437182
-519084774
833399659
-849949473
-558995011
264762086
281339684
-188208073
730977426
450804827
-283593893
74472541
931775181
271631341
-551988816
-570356658
-5987998
22613979
619882500
657695508
-493038825
8108048
-26160040
30437420
-208781790
760820052
-206657662
-892468167
937417304
-8464645
370294191
190171372
-435151319
-792208320
-899191952
-245546677
-988741134
568460984
-570333652
584237430
503862176
333420439
-823899433
-294059370
271406560
944948952
12518290
557841157
675548153
-911013155
-457221210
441203258
-525937775
41639677
-394912086
154687669
-366106919
473067793
-125000342
-874023794
-769599644
326071321
128821970
264881874
187668139
-288119694
929979189
929223434
-526589110
-228878593
-143571897
749347097
441459474
1399994
41358466
294070192
-426589056
857363423
678134739
-712967264
-945700674
-727743109
-839456608
-343641604
-173744545
-23326072
174000764
596504077
-560490294
251530849
-78323377
-702846347
766454950
-85980853
855734062
900949116
889512603
732404162
-319091872
-679398508
66295359
650024515
-837233475
-822545650
641395976
-7156517
-823277788
-495278876
546894346
688531033
84106763
-876607016
368037931
31926866
-974240589
-922827554
-936303889
-232105820
-867958287
-221084983
358429891
647301423
-513593511
544053829
604518459
478915568
-266638701
891566470
426024546
-980524808
45702814
-201653627
-813123221
181465568
-995769481
-410484593
-135514461
-955363838
-591520056
777049917
746882498
-904707923
-273154466
-299737294
173581951
624021244
-953045573
592530418
-335750024
-610155669
884594589
425694464
938882526
-149036618
-69560283
-210172093
265549832
865491228
-97895860
-170943359
722884516
-355512445
981213
-913631715
-98386531
-816773489
-929856306
-389700171
842640735
827802067
-402312421
808329143
-98041556
-974585148
-974978764
872563693
-668862744
-328727452
-961561526
293900213
673247231
-514500510
181520163
711766679
486580257
368387253
-252859237
-696051574
578978949
570646808
24211290
-352705405
-797720778
-150323066
-230282626
-184984501
534115210
602425308
873134773
-843846114
752980124
218045592
692631794
-76243083
-764980932
-766307977
-575620987
672303598
-167827139
-5115456
-214163963
-697246274
860083899
232385237
-327363291
-49593096
713820037
484209064
-608859705
-897095355
669416659
685014309
-28119050
846184632
3341811
-555310389
229405021
-999357616
-720449729
158990080
747332141
-886432860
-724080014
-855481553
970219814
-834109866
-903979526
-65345062
-518793709
524968236
-563997239
-16808036
847825751
179186224
544543358
-914149976
-144391877
-851964922
860269412
-757964458
-570264566
-238417603
962907396
-670543580
128668266
-267109464
926056444
-954395755
537893492
340128585
972715920
63604283
333653498
453787814
-939348734
559817866
-453672672
935882683
660118396
30125998
-509020096
-249846468
631668554
763891522
20982732
-705789022
540616240
25429316
-202200296
-382294405
725044841
-716895318
787203408
942665160
-167546543
758079319
536267672
-57670310
943499756
-504213625
393550076
-853949697
-773479505
69056868
221945786
760048477
-777563799
-757370785
-141507176
-382396487
-696709032
-565043076
205530578
-326526988
723270761
936794784
403916984
-60799942
-367900666
710538580
-591971800
-795869334
255503751
-495853928
195596242
252623109
876642403
458060101
703934760
-668657499
308311930
-198811326
-22374835
444903691
1106344
-341882761
962377819
-911013155
684612747
860228082
380659796
-797443486
596433356
611328143
209910542
386892569
-430016909
-495853928
37504085
363996719
87012907
187936263
-396013888
866790630
411737093
-373273558
-468391224
-997677327
654199007
-360918377
293503000
126812110
138710192
914092747
101980631
-420209131
124167834
-495158958
-915817401
928804659
-711319481
92217837
-392804522
417311396
-331160314
602262057
367410494
295678419
270785204
-553581416
747332141
-282882981
308083252
-927414672
-601856276
520915201
-961603740
-531279940
715263335
-9929767
545904192
-771193687
517828431
-946124706
193435977
-171453038
912505953
-594114324
-35385162
-641637446
-486735568
976902205
870565923
-983274199
-495664476
923099638
660118396
-149679230
297925263
898180645
-91202360
-533155897
532140411
878211715
-35646296
-313373174
397883792
401204613
502391550
690654932
-566061870
-537046688
262334343
-477155228
462651823
47743485
932770375
656112860
191899499
516289586
-554213847
-922488977
-253941919
-32783219
539780858
939322787
-675064573
242927196
513803014
665781747
556744299
-380725510
430549182
823366869
-201978176
260532642
610477746
-897256764
-218466895
218981238
534766380
92110028
-448764637
433497256
-672122237
-181245273
-860296438
-975883921
911658098
134919098
127612158
781208448
701002429
546135749
40346635
43781834
-983562659
339566093
-499099778
773770469
233086742
-510858959
-498818438
129467566
-613846809
802486519
935434852
-368585642
-910346293
-535276480
-159454889
3200919
-326027446
403533311
496159864
661041084
-476591037
396316039
-997562484
103128066
-490153945
-528904777
-147413549
-758706059
194706907
295930678
218984221
367485063
826819834
-627498840
-501923517
-446521708
753803981
703325542
-891916066
-486725358
853266956
-370333353
960483432
-404049917
515570885
521420598
779202007
349179331
769872350
-359358
35178814
-921716254
-718729338
-549500001
9629577
797538478
458575829
825741089
-820716097
811286250
142535438
-181780172
-938924250
140494318
191091975
425701810
302284178
780883601
800245295
131577513
80827988
-740885350
255580181
-704671923
-347388595
186430346
-46135364
774058630
-140529113
57923818
-264210761
-28984229
-960582964
-520367049
856295616
361670332
257098007
647178438
-171358227
311071801
-865834665
109467175
-842137165
861666068
136669656
888589617
807931686
-274149588
795543804
829110671
724369988
662774858
444694785
-160041612
-733212657
-551522919
214813668
-528683694
228157375
329667760
524476447
521712801
506079659
-831056468
545347832
-552889758
-865068064
419601411
-16641472
86622454
94208168
-689443849
-380849552
-763399901
-490208655
-663291716
776600847
-540246410
752919915
916992062
-406239258
887970485
-350033528
977913485
94529080
254982249
-430537388
-532558293
-721549198
415420719
481299557
221853324
-539884959
-249649332
-318434954
711137351
786711234
-362241058
-387920158
-359754873
-476892626
-824056089
387223237
977284402
-459740166
933036100
-283380586
-22799804
-688825501
-638883176
974456477
858952835
609194696
-237798632
-152075731
369195591
669219170
141915633
-4298161
-499655415
-308687311
-944463355
103885270
-671829044
696192260
580203192
-520721443
756573190
-291606950
-156477859
-41685869
757499440
7588537
-657757234
729274354
742434802
727987644
-165968229
-747341423
212028793
-385189809
-927877664
908157638
-26237455
254982249
934084420
921983679
137047894
473840063
46071388
-186049834
-803231056
-319748124
778484322
867851795
52137264
-586237676
703865921
-63012116
-247190267
816720450
168170882
238993375
-806576947
891311732
769289131
-948231375
737900950
13248783
-998840388
930670208
522051862
-54442293
-939873729
-394812577
-151726621
151038908
-657788441
595153170
-672596312
-295912225
953896556
521879838
-187167895
479232083
4823265
-865068064
-847639463
-511680169
221063229
232079838
549482441
-793325431
-474556911
-760670863
500045512
851352848
100903646
164083820
994389989
515101909
106363757
4566759
-924908072
95605589
-282663785
-203036217
996152418
215352493
-618717369
-473834433
-727257253
-482628747
861619638
-922975134
-574410970
752171489
981380088
346238000
-828875609
-878806117
389879206
793932006
294932458
117484744
-272170018
-687834760
-14094158
-236301925
-886780714
-891916066
111659732
90346772
-934016199
-543618969
605594335
-683040476
-528904777
237435527
-111748668
-511099323
-996014040
900505668
445507509
322442416
-948470891
974008149
414812867
118889271
-529456984
197875834
-693352466
-891258357
162499167
-868370528
-567415129
-349236454
422509726
-522349504
-567415129
-870090147
645024359
85113082
-197880667
-678166195
406299904
14727932
-953894836
-836631389
121346306
322503759
-42660726
340922303
-748615766
-962514617
-948345706
997943460
-186447242
-300723035
-716110053
940014295
615640553
194472835
-380296635
-393144525
-626181951
-193448050
361074668
204234415
-892468167
650205657
876358044
96469269
956913174
444978316
-786399181
111596641
-934797555
-1151761
-804555943
793415626
784906886
-730817374
229762954
179283809
793808322
-341197823
-849050235
839187131
827682556
-585112418
624461788
-283137723
961147682
-908499884
-748147912
760679870
-921477174
-875970459
-608529175
806273153
4717790
956628394
222321794
619516670
248170432
-646478757
-301883696
156915535
96026475
-498785737
875672187
998731812
-883617584
602473495
-212156144
-346747708
-451522263
264370544
62697598
-413297615
-296029691
-309111778
309435192
-947264023
695851670
-978780237
-606760043
977960923
156806354
-963238152
676653094
151916191
-317888842
823055585
-227954934
864730071
-704117606
-831144915
609574639
-781067807
407143107
-601442738
-166704047
-740885350
-30458392
-838590089
579325748
755029613
288991317
-16976315
656594019
817581708
976530937
978139010
173271009
-860758422
278682372
810234566
-698214531
738308055
-91790436
496993064
-489880911
483113271
92862521
979756091
621902460
-435371946
-358207747
-611456463
301971841
-473986955
265549832
465896764
-50418693
-994228863
565595889
-527752152
-901209131
-438074575
-523020310
784194744
241500941
-514129400
874016920
-949434391
762710075
-730792742
521712801
-45071144
716863499
656047020
-557869096
-362523660
781404763
-222710718
71251332
460056005
-801497212
768036196
-454285883
805989308
-436879314
-794188404
-884577140
608427159
-984425685
192600305
-362523660
157928393
382990104
426704928
-191453705
863340144
-504900859
-734964246
-166102996
539780858
621734861
371025346
837268611
-316794312
-260109187
962728081
-861348202
643691202
-136872233
-626596545
-390952238
351045531
805989308
981693039
729006015
-96830311
214183417
-626845683
-3093844
949207542
-464667997
-520195089
663942176
-645012579
-962395895
-298793637
-380585520
660719622
-9089129
-976325292
-216125060
963299453
427234449
449509864
163527798
-297675309
-752483414
-646147467
-607513484
85720558
-956667073
-792944117
-664365499
69726022
-514016144
-843846114
-720546672
-318153008
150637764
456660180
900130855
-209193873
-530559012
-269618554
-375975791
10968498
-574717786
36497489
-928638360
933895243
860641114
491218391
308847934
-306602303
-586237676
-11171429
-519512062
578579089
-434232682
-874563006
549706231
113896678
-107018880
-64363366
-456839611
423170279
58148152
-96732686
466587432
750295490
-507585419
-435300886
-321426288
704274442
131231450
216651635
602535191
957148418
-40620338
383437779
-684438130
-9374010
610881770
641160235
-550946753
-260751496
657341396
-73855304
523576411
-562841976
-445867619
-146618172
-995399374
338882783
128570456
396278070
-691999414
-942414239
-522341334
952046962
-836360674
-993104310
25344856
757443134
-319378842
-638555900
-653200635
743991150
-489052612
347685068
-313490248
-214116140
584135824
166361925
462613529
82284490
391105312
24804277
-945849701
-287877558
395172014
301131865
340789400
-603613167
953156015
-628073791
81591
-601747235
-563667946
752711353
79107479
-725155251
24211290
-994518769
14065400
667570533
-567873712
-377900901
86058764
-371133008
882131282
691213386
328325715
843531300
387024
-492762944
391105312
931167060
-109860114
-510071853
-184722545
-696328486
44955916
16450802
470138321
-662995995
-180735403
-554457410
29791519
486329935
424456840
135073033
-799446772
-795833282
644139227
-572764253
-837160841
-193660036
900467226
136035010
167562683
162812111
368119754
-878806117
-936928151
-821079327
456660180
-221887149
162718784
-325652109
-591212939
923667148
913104850
716585213
-258923822
719948265
-996747606
-220826822
-899423514
-754545154
-357921269
287458875
-610509668
-627548690
-793262734
498401870
352081499
-130282800
671346135
367975083
-943851611
144435275
-629601996
-298946039
808885636
806597807
-779441798
203445598
710361063
650564439
265819875
6768770
-138179449
-885128759
-549732805
-964223351
194394201
-330350927
740716477
968642491
332790513
-403640398
303888445
-963645278
939083333
-846659128
555521163
-340662340
478646000
340128585
-715825265
-665308828
-377900901
922669549
603334106
244391718
817581708
-201978176
699096802
333808582
809255675
-675691799
349062316
-281697081
-301997762
477409534
763495887
-617012805
-497001243
-776317025
107269209
797656805
-610155669
86417527
925418639
-924926381
123887142
-429439492
-568547997
252629514
505057449
-404784055
-753636469
17865901
182988645
-92065374
-895851751
56661039
-60489566
842305897
2514317
-277874970
-825438763
-667774847
866081265
418855443
-179312797
-920961129
-754606557
-643474361
906845939
236114842
563411714
115884462
-920143579
346427849
-948470891
151038908
-390388136
625366298
588128549
-731144235
76603285
-803955695
41358466
-148937929
-621824871
-241368642
-697679016
-95295978
-139859093
-538207708
-463296813
-711954280
-407279340
947988819
-322685502
130566088
-13063133
339488224
-993104310
725866141
320991405
118507382
950274813
215665014
-314906325
878853188
-420518330
-693448130
432089943
-371409870
447236162
372164805
-815953915
292016463
-660682679
-193613066
-896233313
148458376
-879678004
-366029359
892408843
881974841
-213021146
80827988
667331215
-106897865
-957173456
-4158945
959738485
17927617
-486303593
265297991
-687335379
485344273
998438253
-214451043
340953764
-957173456
-210200568
61316815
849652783
-101455030
692165141
-1966567
613444615
255133931
-414275555
284129135
985578060
-616505089
588792842
485344273
924780875
-42050368
-747680267
-955909752
-75410718
234726774
80165434
290676504
233639970
934390791
177688357
-694979678
-895725600
658987468
-703932489
777336336
540828079
660849963
-206192529
80240902
956628394
588792842
357827966
175165631
195809440
-589551894
250402330
-429664118
-316692509
700798141
874310096
86622454
861160070
996122319
-843031936
-434232682
359445484
795515933
-258923822
-677971529
330485125
114576186
225261553
516726038
-206192529
30042687
-233245493
-268399635
-309237746
-114392378
518925461
50067248
-857648959
249999035
13660068
375347582
668337821
587580251
-202200296
-748269824
-973226367
849447581
-359549039
339260705
-578462225
1789174
371490117
-789681886
141600552
-488596331
728125112
187353841
-646273769
224660050
-641491779
-67625196
-708998596
-87469759
-954970726
-647947915
-125733007
779250214
-656357516
-676124534
251185465
-847639463
815790335
739261104
426406259
-130714605
-417214338
-524252185
356363707
61062459
418284759
-617875449
-972220453
-538544222
-814728742
962728081
-377191827
-185832836
-843947061
479711674
-530831801
-304584163
789810280
553054518
61062459
922419206
-488743333
358535693
-410570588
734699439
571469650
515235852
318695134
-501775649
-821815753
895081778
324912733
285709291
-445867619
691127918
22289895
-105636050
481404674
31406742
-58207948
747332141
-878627598
344036816
138358177
-525405774
279714004
-648716160
-299059677
26112854
654604576
681940422
559584581
582393097
910123397
825841059
273156981
-945497232
-119333275
-227813926
-331855854
-216125060
-985905371
-953242637
-480641621
-834841898
628082525
-567122354
-59022235
915508517
-288256893
515529774
532026354
-341502626
850719980
319028786
-957173456
-425326427
-769180899
-360006394
667637013
344866815
238523224
-972909187
-703680861
-218240309
420607865
-45183804
920567626
182261389
117134574
410306111
-694627122
683311416
442861052
184605047
-871209597
628452407
32138549
959830471
253662272
597148760
-103598961
-958726524
-559186145
240394351
288827359
616701910
112495962
975514161
-669656064
-732207628
854309524
-8952168
-451272380
-674905882
-57405403
-802127026
-85898636
-319453169
186179223
-672683391
321218866
580799575
84346629
262817858
91433699
-194978236
757687506
-635514052
698927554
652581880
659525665
563830199
-222580165
19666027
-914673105
-567396863
513202115
-533744145
69285475
-566162738
854378108
-645457755
11836394
307884560
8108048
253858942
-955363838
384430418
784616345
419456388
934256277
-255006567
135894749
898903767
-238030310
644412674
-516217331
666938588
-473986955
822188731
-639886080
960026406
-543994519
116012629
-840208981
-941478625
406511273
708381
-506403170
-141746707
621525716
-529827301
319618556
-821727821
-183854012
-380849552
-140069285
139627172
263156191
-455414173
-902515837
-261386718
-262891020
-597076487
205935271
-599820755
789045645
813268519
157193225
-473653196
447865940
-24949616
-571444657
194813591
575704579
-559317339
412812569
-759593183
44955916
-167827139
-994970289
353540050
790691256
723338488
-371809661
-88088464
612257705
-128164097
-743891726
607077848
917196521
-829102713
481381975
-415373471
697704080
-798325929
822902482
-527752152
-213084272
-929856306
245032102
-621081260
962954821
588986768
-381104012
-517130463
-170277897
-906766757
-804667687
776043812
-950475357
-451356510
-637256786
32903200
935201421
-167827139
-988232362
256244345
342549902
722742480
855978150
678799548
439694592
-540423294
-265365466
148821067
849529940
784713806
764607917
-920448570
-307375094
701687010
-760655322
117199567
283535513
581446262
500821211
-566446748
-954447651
-830434566
-532323505
58434397
-919756480
-335102661
846969908
-498228680
482835295
902803832
-761534701
718028758
915961342
-275655611
-319378842
-599279758
246699485
-672193602
312613307
953662414
772792092
-356838063
807838748
-587262148
520188970
137047894
25514403
-711487339
189026250
-598488400
-120665991
-265608361
-607513484
352323325
496025128
-665129127
866593220
-319339159
-957788030
183120486
-194832012
770112042
-529781085
41585885
-783322344
-239484918
966456089
-153219413
263498503
462651823
485344273
-69247003
-442845247
801950709
658298367
276907118
-335882656
-128196613
-820906144
465469669
242295752
-362663473
557872066
526646806
-852926623
497062922
712478817
107919234
7522436
-981671104
267203544
787346311
19852356
-58239063
159512176
639732094
632532920
-108119372
-153462459
588128549
-581267483
-836257638
377788582
-470086884
-424558268
134730639
782585080
77553840
540073686
380659796
-576281722
933965492
-783208863
-950566219
-731921486
920052610
590198260
139570626
-881038735
-732996932
597230114
878112215
-451952609
198281647
863527195
-181937866
544243458
-631184620
391130327
-127817156
-652382966
-516625845
476928059
508675047
970887366
459024700
547251069
192365969
213327687
-824092631
120370466
646378163
-345167678
849447581
-273091834
-578815750
-721164752
-889408963
715887924
973168066
-348462862
140153031
-643226647
403037434
-462825314
589611693
-56462370
497421630
725522154
-210200568
-372804881
971263924
823259180
-186987229
636791919
447236162
-428502379
315749301
-927524751
-901272438
-542007552
-817518705
-728560781
595503265
-883068211
872442210
461142277
332175884
243052761
-347978515
-397609133
227932070
706442233
-46135364
-821166297
-509375852
516352133
289263702
854644813
381932784
872281940
-708090046
869780381
-130282800
-305254982
838998423
-736795010
-950303434
905416561
48653983
56222333
-682730765
714879103
-715097823
460705944
82713890
900949116
-897114762
-137184052
-906370419
-628822470
609692958
768171906
-356177037
-436982050
-369173999
711050396
-380386725
-210422277
475899144
528436203
306933138
-928960110
945372101
163762488
-795921056
-198625326
70202913
-656221940
-284127262
273209909
440831561
-462602189
-999153094
810903259
-976949259
563210429
166632396
-558658743
-194095230
-422021712
-856741753
979756091
-757006434
104000276
932907530
451832947
-271287386
-143278955
-219686077
676869663
46624228
-460326850
780045364
71473430
-356773249
493428807
-118622524
-291740275
634388531
-66654897
-395434210
169182452
-606839485
798945791
686668409
-665229566
-83576669
-709444608
-993488929
712325754
7909950
410978538
489702569
45189075
632063939
679872598
774058630
219504933
-848819361
-555529955
-222297462
877830016
-529980159
12795291
-481513323
867286913
28957253
-107167350
-197667537
-41761230
-503725333
506910956
-441942536
-520481662
-736258616
73604023
-117301279
466906009
-622529466
803055015
-131046215
-862113622
6632382
694287587
585544459
124702463
602162794
672139085
-234938541
-303850601
254982249
-999682332
-939885928
-283137723
224207460
-428290070
-708627865
551316436
510095459
-571330451
511373724
-360539065
-965929108
-82000175
-263175503
973478251
-703406350
471736032
41117780
615044582
-480435265
5840421
790312703
-703406350
976054707
556350180
879698905
-42660726
-875210799
-10088122
61415648
407045039
-950594151
-549886953
-860758422
-861073444
619393705
-686259981
619114296
234957869
-497938429
722884516
37364394
373965152
-100268458
-448599636
410713384
212476045
-615441490
444286797
-642103089
-761496065
120597625
356762348
-950081447
-593930798
155134108
570817529
-405532531
69056868
794520542
-820589034
-523444133
-137006897
729862512
425635257
-788809479
149706311
-341122238
505694218
705536346
676548370
831251847
52978120
553701395
-34852653
862534512
-694264660
-947768204
469754152
-470508179
407073425
-993488929
-49009274
366111095
-533421891
38490070
-154709958
174034308
607931029
92019199
-647252869
913784789
605312472
-936781577
172664252
387434436
-90780996
759373839
890020994
386892569
-985552081
588626005
-758750559
-117514355
945405751
124372637
-453497921
-618362868
352799859
-459244500
-907036740
-886962651
-513941411
157770333
-529628041
534766380
-336622043
371111161
-666753868
449849406
-100050084
388647695
-407882772
101980631
483551781
-381330367
-143401287
-651798859
934579161
602124183
65558605
-811714783
-594329687
95285399
-773505336
-830576309
-61240451
-307727116
-626395215
443971271
-363981932
962203316
-634672629
975802758
-355544935
-450360103
425673798
-386972631
9037500
-103651305
-104296649
728514967
322088254
423724085
420607865
555521163
237543919
407725053
971560843
-366106919
717872147
-766977946
296742500
905416561
-670212096
541221885
-588546483
-61640050
-725155251
-445222559
-285319280
-417855224
391813207
-818759710
413504620
118246348
-36687113
-564940848
-954580403
644587565
-40208330
644386917
198281647
-266859888
113625225
159266478
824665215
-716110053
680592719
-719273869
-873508527
383310106
-424831314
-718361734
433666801
-540423294
-329298864
-569438789
-666646283
481859591
690299915
425038485
731715697
823477578
-449176613
-16760192
-557908019
-332531504
269707848
-77097937
318884354
576945333
-359301884
-239150900
904409905
-500277013
442299119
394927278
-918132131
821463460
-5952434
-320820857
-603448550
-851021758
-246858027
811865579
220834178
-304366012
669776280
463701124
289856926
3936377
-263290805
-110504072
246446507
24387414
596023643
-88115093
-452254332
473965822
431591683
-378729612
-991132541
-674689345
-55814980
-524123282
117680023
39738535
-690479264
205899053
775271113
-279887985
361385982
-848649278
640261884
337847388
-385385479
857949020
-163939093
-457937279
630086952
845090320
302344262
808329143
785933324
-740039733
500963773
580799575
-407996915
-848819361
858327496
-114254732
-149036618
-820461581
-495807734
-190614444
-915632474
921389589
249497313
972078168
-101336884
-39691214
839984828
155525885
465735520
-834014004
-947264023
810147385
-726625259
-798996808
302326822
531198799
-121798855
-243615045
398396871
471862359
-535276480
376625056
341494154
962377819
682512019
777441075
-464499067
435881698
-378278457
-314024793
852268470
703865921
-271130710
535296540
-725942128
-959743018
-241523564
826115556
481928661
140494318
951367524
-940412869
-931316705
-89333286
-242685963
-361611828
474932980
533578274
87454668
829859034
765156654
-599120694
-461366702
-586844313
-519781628
-681696762
-763399901
-683678719
226070569
-593511163
-262735846
-314836557
484209064
332359211
492400570
-503725333
193738401
-697440825
-749787076
-669767569
805358087
-400152216
-802748456
333932440
22613979
-490466424
-337503681
154858938
-599446717
-144832383
-638206469
-777711964
62385386
570732989
734651688
-249846468
474734389
-379757083
-942414239
-977762958
775209888
-642546655
612184952
712951060
431362954
-540374728
-342212835
-946829418
238594830
-823562602
331570135
750046464
-493875986
57286566
-1820050
-819895565
695992062
-543875470
553701395
-658136229
-329155664
-907468869
465855818
191774994
243450047
40475164
474444475
806767317
938456350
316962838
-976233070
-771693760
543594591
612805084
-273405298
707197837
514353022
906991771
557872066
-250458443
-445189902
-382518327
-645145565
511292234
-802587833
-47668190
-835626686
964257266
-510456756
428217213
907256589
166920960
580509066
258949828
-545406159
166288259
518469355
-372635463
987633950
-518672747
177688357
723548084
-530864886
261808685
393777933
-774755282
-565411566
729115824
814372378
285709291
-203104740
-768777309
909517614
762792677
495670172
-131337633
733671410
-447485891
157843615
960291961
-332686282
994197005
281704241
-88327525
977284402
-333512426
787503914
-348959763
-993825718
-74607736
-595653496
-482803655
412878989
937655444
-731487338
923667148
-825464993
-76479480
415652733
-870892636
607268967
905378831
-290028510
998162858
443595293
18055709
105768007
325307889
-401455120
669950424
-78323377
579884652
-351638024
-221425100
-696423120
403300183
-619843046
902275175
684612747
24422380
412303155
-756743970
-601684617
666002954
698104719
89970230
-122118572
197088909
635033762
-782443034
-80420600
277007659
264881874
916207105
238696418
5939576
813117131
-626682603
-124388863
-118221418
459241584
534002782
-726768268
-977762958
-490805097
-960064735
-958726524
-666161161
632662855
647479250
-362968387
-947616568
-155532619
-777285883
-521024034
395953712
-98832256
-210970120
-170594941
-525126108
337222843
-743350247
527374809
-601404449
474536222
232626485
-898074892
814989943
297154776
708662299
-120867595
-985552081
-193078511
-181780172
-125702754
930807818
-253121366
905378831
-969441582
660198324
177688357
-723288533
520695931
387591544
-833302147
-57256434
-505946947
158356452
852612489
51559798
218489195
-779201070
-721183953
-7226893
-644947967
-749560415
780007659
-460547175
693789212
748205410
-914959171
271869011
11588542
-493198218
-652764402
702055330
841149444
204912093
-724492685
381137392
-916395281
-924344122
520915201
-734773679
-95628509
-232105820
-557037789
641280208
-513145661
-671937625
299598923
-424558268
-292356670
886913125
-252060769
-158046652
-605479655
507570876
754500918
-699854470
-599548220
-382750443
-65675939
696372659
-187007026
-497045323
770600482
106363757
-964085507
473375281
-640029757
-858482229
-844371022
980281413
108479623
799673477
-157537153
693859316
-553800436
498401870
-674968214
814104749
320477791
-566162738
597507616
543898927
179458279
-125048592
359089534
409695022
-142501288
-125261139
-794465634
520915201
361517904
-616505089
-464175870
-970617068
-79809585
947107340
992542990
-452078136
397148222
642487359
-350272348
-642011795
-963503535
-600171260
75771317
49094071
-355218178
-778036218
-740249670
-176669215
-885128759
609617939
179567583
524026107
752343954
-730722920
517946461
716504264
206620812
630584010
570280510
897937116
721418095
-104921232
-130058407
-462703579
418178840
-115588736
-200387761
923311620
370699232
-936303889
-870858133
629097776
-298510940
697704080
662295575
754931172
752011590
715722265
-509933250
-200625025
184930923
-13309912
-327417000
-56376507
649762928
-930683300
-670543580
-530897811
-813123221
377406315
578367310
-347708519
-156290083
350897107
-515051459
782585080
761081893
-641491779
261106650
30329769
461995283
406126317
-175604990
-28705145
-122829639
-216024562
-36022536
976902205
117831945
925345626
12714824
967505055
-453541542
-951254697
-857779975
-415167923
184451102
-610076612
385986170
282888524
571519603
-886962651
416162368
-814565359
-780800364
