187736291
876162946
427489057
554351717
-297803849
-886244809
-436245668
471442427
-495508606
-241958871
868009462
960110535
667633128
-308574215
-807830578
-338432439
281219955
-758992572
748996482
-37819841
664798966
-50628242
567894423
236794053
-15240633
697433488
-223554447
77877861
-807408969
-194682678
-421970545
135423593
183102331
-600535961
779773964
-561018002
-616863339
-137282191
-54697165
60687212
34583850
528240823
780492008
848169970
-779416388
141738176
-369849719
-406480345
404303007
297821315
595042726
-666517727
417812613
713682445
-94926054
-695840088
-758734890
793780141
849974576
-438988670
-966792016
155656620
-42683049
-188808415
979608849
-326978553
-724435476
-572826334
349296130
150667267
-274150200
859437976
-589297445
-181908948
-544859443
-850839445
-537965625
81653569
433862464
961992299
136309154
915592241
-630957234
-816073705
892740847
965191945
766886390
366832099
-877501178
-761975859
-204091758
-241200938
-803703155
-389917536
-168420496
-483656260
164978815
-166768384
38346374
-363393345
-407895232
314794949
-32292408
-974156875
-372802611
-796834761
-894092595
-970774022
-539785002
-316272301
-583578739
21731273
527532241
217594455
-132241705
-170047580
-111072474
-202446602
-923549394
598420085
878217585
729609449
989502459
-813324805
461244596
-896228741
603317464
-734867631
-97013244
284515960
-326672205
116973078
479145681
881671883
-534078933
-16848571
168998750
663861456
-307260398
-910898060
-55323175
2907353
161649315
-307024534
372996849
-339420000
441408075
-987775782
-140148860
372323638
574908384
-552584365
310147833
51858216
34904716
-702179617
419231370
-807765097
-401554181
-855185442
119631494
216696023
-891843352
221980333
773166349
-450197954
193931586
658916593
551605902
108458386
60587644
-956493073
-96609496
945951941
-333066103
483429227
-524676517
478398926
498982551
-237697976
774840388
543675341
-866380856
-34763174
888979431
828502965
668377647
22762780
-109552937
302275178
-969539690
-183703797
-852171259
-166165076
741222369
-216574949
527428004
-266365418
-764815311
-831745538
-901767925
465003844
192711
-80631672
861215862
-403117797
902124436
-17367655
229205536
340107627
-794249282
327208718
-829631605
-934104826
-940628007
23971956
-827874169
-728672802
393599880
651164805
550291973
-477132580
110517205
851439629
477234875
-759537036
63816010
-478971450
755385131
887252706
-162077857
73831248
-36970904
-271980909
710316653
944152589
76483906
38841224
-6147449
809619320
-94310
-715574693
946926996
208940783
-630047032
-71745650
-695164948
-756707475
46432395
881283223
614208694
742317206
-252474858
-796834761
-528688771
-533452312
-305936357
-37521144
504887005
-45664623
437120060
187242822
-581062362
-904712684
727329997
374806926
-611548210
-457840484
-294426693
-365490158
569724749
-156962773
61466673
-496066957
406615158
-700645378
198477548
13939934
794934569
-178243812
-688243348
-301085579
-816544039
769946148
-575739944
-171137794
482602189
-157142497
-764232703
-811815389
-895317508
-898629219
484365403
229319684
219114241
369997404
640002420
-945595067
-734917278
367722938
-264704850
-769321523
-956493073
31849549
441988735
20768381
-220362152
575914989
989695809
-507894833
-489741567
-553164505
545681598
-350292139
143867143
529464576
-624022908
-681827373
34112923
817183330
-54324584
-450729791
318421942
-269344670
-9931330
-65306003
-175904395
851971071
736521388
910481688
179852874
-451308850
54214181
-219451581
680937159
-750440138
244850679
427902176
568610436
404117560
-185985186
376081228
-481453622
511251399
112797139
809093338
-559300885
-807676882
-406990133
112245697
-102119247
-470924951
244535770
-540467813
284882143
-560398160
694638642
-869733054
-830963184
-868287041
-995712051
-33996603
-955873712
-668474501
991516754
-107830067
-504285012
279517643
-653031139
597746230
-307024534
-399634200
663490300
-72907884
-658192829
-55847896
747099715
-925573213
794152356
577088485
-326853981
8646950
84869965
-557413545
-45890486
-38653419
-513285172
550023892
-549142992
980845048
-191187945
174750373
894245062
394335436
706389977
-967668288
-788953984
-404088382
186525630
-912042936
-339395746
-70863932
356700063
-675786537
-875576926
-913425629
-431412502
-380985358
971584714
-220362152
961050798
514914177
-61293317
-725565592
-861133148
-851455445
-48758120
908667563
663172063
-705209843
-383142726
513670047
730756018
596440186
-223516320
-548687341
-570415373
-15844614
300970870
541252617
10063702
-356927805
-826670504
-111072474
-213813261
192282406
556046313
-780793037
946845937
-49334319
54030868
-475770587
723424121
136544334
-454783573
565172512
-22084254
-695888065
207603673
-453033022
335891575
-956548268
-143697778
-257460484
-378263447
-787062831
-495792642
333308141
309597507
-829733210
808340346
-315083311
819947977
750041075
595325326
-698059947
-941058446
-970746277
41187210
195889268
221789033
526053731
472729224
588585644
-892926702
519705582
515017482
-944136413
-596866123
248878335
424878675
-667949603
151015689
963167034
58928873
-838317680
277763068
-152589584
-821234352
941382712
437856927
-377567578
345565263
174886823
252760089
47098231
-861343817
366582904
-637043148
-763808395
592306491
-365425613
-393209687
659450979
375281484
531051406
778842339
166882339
386320549
-746309630
7618085
-285172047
790927384
399631079
-998128826
56648067
-649635599
-182391223
813636976
516468829
-323256352
-171529789
254978576
-783673163
166789391
-411933648
-761336495
281137032
932939803
-534671489
494778264
-596835767
-228956252
753084678
11426646
-955754851
554288821
348840313
-46239305
11426646
884300925
872464031
-454257801
860453450
525914480
107402711
-229777514
191009516
-222114182
-49962025
-379058156
-680610286
-473375579
872279654
-13509535
-67217245
959254763
-25410732
330515201
780813824
421632942
72131917
626495607
838041028
-122340930
292888494
-933765467
219882662
-369994029
651497829
-998641166
-868691389
262033764
-384059618
841582807
-703432881
337157917
-33840916
637743643
669689269
82158630
-169251052
-555396459
404850625
375789722
762148642
-502455455
-512413728
334798404
-681207246
716139453
781805722
516922496
737684436
-852630083
808193345
631682568
-368591233
-537581983
-863704995
-571916364
-225007385
-772857389
861705879
685551869
525998590
-640708959
-397792322
763116216
136101920
264723392
-263249383
-476146872
928579411
-696485577
-4272128
-919469260
365406068
565063958
639752055
-392390420
624598742
727590087
512126956
207571940
940515022
171643649
599718694
117118561
476933699
156830051
-801576494
-909874183
-381743118
773979094
265876322
-917600043
-870788447
735651660
548649271
485705953
-974928882
52609209
-484536737
-109864392
804760475
39890258
74263743
945471090
-584276180
731168294
545258700
481144175
775977879
-62987508
-939805584
648756082
-855266617
570896506
-736926510
27592089
-681450439
461606455
-929278693
399336944
-816166324
646383783
249553976
-285629403
87210356
492443665
-763845998
591192421
258749988
-23427255
-963455136
-109999727
521976006
-992737000
-791224983
-567674872
86878591
711857998
-445863545
-503213925
430684367
-257854452
559300377
-650688745
-989459032
967531560
-901061725
-191331138
-798670419
98440821
-712831311
592658226
524751324
844980507
688478773
-672968153
505665901
-581341729
661830058
153976116
325153258
-851532041
-46486520
-690491846
572209258
-73165296
476765947
682751531
-897497201
-170823499
961591174
213949047
-185123050
-670741997
-916727881
-714542825
-539045914
292829339
-587905145
45619936
-782475816
-301838698
754512606
-385954376
644228866
798731096
897502987
28015472
-842302877
681864235
-272121278
-927814523
452994313
530421233
-846919755
766825118
-97740621
528349922
-306066897
-418914163
-443841956
15757511
-812468461
-12983240
749922219
500865039
-319729155
-932227121
-79421980
-115412816
927119834
-694905648
-760606278
463775102
-760292575
340215660
656438750
657795739
958799629
-981943783
589243166
117498667
315098590
-821185797
995960680
-925935097
169750029
-800702753
559558518
129171427
-609196122
-554156279
593082020
-472829125
-731429072
-583801620
366285071
682829194
-948087043
103412574
628170212
488222622
652849927
-449848889
-67769166
-195377069
145047675
-23694159
-382860112
719273173
16481355
-140457653
942424664
2685622
918797273
-957237585
-25035739
-491673332
603753573
-253070423
971525696
-450789870
153128117
560197337
-965240443
-450767104
-218517503
-145143383
246194739
87259663
391355929
637663626
162158648
611917442
-420607274
-643575763
-276711474
23470748
-928170337
496876200
-824984537
305340925
458065707
-790955497
216564121
83544483
-102119247
867477557
-372759066
558455023
605839408
-600654020
669125701
783643842
-671979120
247403546
212142814
-48942711
378874412
689824805
-19835803
-93548396
-914792805
-111990100
832006997
49328987
-619464913
644830244
433233667
-856094570
524543601
-577661833
818942744
57331861
686883685
958504274
-207770555
-643420098
-171297208
-608561090
672024051
675087406
-348167917
-499505689
945164774
217138510
-763346959
956819737
-359034687
719821133
962342772
812070630
-797917685
-192698031
169766329
-833037796
-864208293
-674871147
-133298596
661240076
-310838422
-740394488
747985542
825368560
641680147
225113226
-443986247
-638671966
162916058
-135235188
-225066635
-763194632
-509314472
-146055675
172461611
61269517
874238099
-300887713
360747387
366307921
-960484706
544192453
742768186
-918063953
276619747
974053681
407552617
-593921136
529003058
-915587929
-337401138
-349813837
-226525401
141394101
-107536921
-727112902
-140148860
-28058303
-43795182
408820496
43038484
-474882479
426069291
-9979078
289149042
795112392
-876458350
-480649543
-544109678
662027527
824840210
-501308661
438096641
-80459580
-174375825
-182499350
-426422464
289484722
-611365378
-719178184
-429711950
-240643672
-989419939
605790812
53948435
-993511486
586864467
-722039241
-747337387
-915486713
835106064
637473233
527998470
438664933
657801914
-493328136
220962476
572986819
-759573282
979158179
-733809237
-780143141
-959972085
-842203445
221227617
-658251935
-173259961
404765533
-887066862
-579962388
-978957536
-523986959
-969019344
-412840859
-821367738
-926789802
883401931
-384362423
76793615
142629693
294852775
851158197
-477619988
804055180
-29613002
-23586073
605500470
761299799
303975720
-837595848
-483312384
333633211
866300583
-252722609
937069476
620869711
310510263
-942788080
29229111
416331312
-623420626
-184790183
536304465
485075463
409068964
-293800776
-398404856
-54329127
-803122745
-964797975
728887393
340312318
978340597
-632623467
-319935295
741124683
-173633212
-532852187
483868050
822910039
-322587698
-212677186
996461249
-413140781
827727529
-719943861
-840723939
731932497
893011517
148508204
28316935
762302399
501409836
-275216665
703041455
-394500715
-605071653
-996263315
503992643
819089825
-566151903
-962412166
739552384
567679728
101287771
-662285049
-609654414
762640014
255264377
-408377002
-681113761
982539208
63171118
-963297702
-984110663
403471411
609309896
-238961028
553309456
119509549
-814095512
-581119077
-800150111
-528114347
88480046
-958683430
-676497444
-257421810
107940721
203839035
-908658008
504592436
733101682
720872514
-704251966
643206898
-176635243
348840313
-683581885
63570402
-944521653
990677330
980281717
-574168789
337429093
863804757
808777942
903789300
591931662
-535053606
-410239441
983696116
-783858697
-908978569
-614895896
850833408
914405368
26936699
566626088
-767733881
832849514
759545968
-920480658
-728239989
782008496
-750569964
24667139
94750785
622752562
558652231
740979214
997079491
-828446708
-266322653
527002214
-657207245
-156644649
-935388193
436229905
-701945019
-30993917
705365193
-705936873
-125298680
856632336
700355408
107924401
176587612
-951344645
232487826
-442218500
-331328166
878926721
686165152
98408398
-390621638
-515917112
29845178
-30880359
-729042837
-87686068
386879410
475159479
-902719087
-960340947
-378335643
824046779
942031962
412326063
-703310485
839030293
435747442
-243506860
56294177
615271385
-167548360
648058554
-55689676
-651201872
961035649
765120080
-704599610
-333999258
205110326
98486186
42312196
-795523063
-4648968
799926727
-201767132
389999627
593452710
-283412942
-707068573
117378986
40852941
199267171
995313217
-881271790
-152138307
-399045663
734823326
-748613073
158405933
-302158683
-681532376
-254329541
132813610
692827740
419016067
889484273
812795492
-762880441
-251507538
40550603
166069646
-826384876
-723156690
861215862
-169836925
-473406434
-744885150
-762703028
-823564714
999301977
-42948196
740491862
455650698
-273138351
781143965
608993040
-510853210
951143319
-346446378
643815802
522378919
974053681
360978195
190087379
259364147
-398810214
-478348660
-502718432
199109615
-694891992
55215405
732287266
-671308181
-861246796
348425578
1900499
693739672
313301204
603747421
9677799
-545152293
-600992816
223389506
652771205
54652281
-872431594
-99225093
-857519179
124199694
-353304975
-533603111
236145528
-274846173
-860206105
-72283126
758764948
147630650
-512243323
-577221583
-212285095
56631170
405629722
297729
-633735074
483729558
-627597304
-477370846
-301913831
-609851923
142351894
949091182
58514747
-188258050
207582325
914697427
247500344
57898981
423412522
286873626
606381719
945260589
-11884713
-502014380
345898246
875516580
-142299474
-495733045
830172628
-319838417
220537439
454107502
909066753
-576062876
569767423
-407056331
560750914
-736519500
799516662
-399150925
451486382
62740710
778905244
149180327
-68789046
699546069
27810969
973690553
-534388308
101736133
620483916
898494102
2907353
975175312
242362319
913078650
140270274
596010191
77602396
50934271
-361685348
-720649113
-716778809
-849440546
762165577
428936230
-416094631
-429885308
-135702865
289798449
-232250030
587342691
-961827751
10754085
593894041
-553612104
-347072955
878798928
-884971575
907340752
454186996
-269954151
-807092009
927119834
-3402278
69299891
-986634262
-500369249
-154626004
623948046
-892208613
-549664938
-694727591
920537339
-286190051
564800137
-904174392
313805294
98027081
-24151760
-754526677
268797104
956450142
-925766129
-895636435
-470266400
-669732157
-833449272
-830112326
689854535
939637528
377594726
-413670125
-765924198
156678232
-586917096
919941096
603892261
860854478
-684524843
-552844763
-880573545
354068148
-248980402
574514026
-351716749
-204065308
84591823
-238015439
-983249917
-140695062
758515772
-123926003
194787220
-298184828
953104086
74692220
1497536
-415971672
564552692
801148207
671687313
-362482469
-145898834
-958388162
-649605956
927631378
765811013
-94958437
444666819
92398705
616295184
-79174441
-541901764
-823221944
209195460
940069713
-527416774
-237612228
-943241969
-292152030
6984152
823219129
330741921
339069765
686119172
-816518407
-183085952
-923833455
653734239
504964
930695323
936278094
-432942094
-697393538
-889287066
-585506106
853967522
281978044
976650143
625482097
595015338
763365523
-947663970
816030204
242385062
291252664
-175407988
171801384
-387821891
127875290
-705754792
952741953
736358483
60756781
823679616
301695979
-46421991
485422734
-117919190
-32532754
-215836742
514621131
-354392028
-919031154
-994824848
832282383
-768776226
934094506
-169017740
-825065617
-314253982
811159671
-265108590
480330773
515813584
948157352
731829846
-323467186
981429461
335543800
-372432068
-239424977
705591371
336746247
965742296
-57154380
840839382
728064902
-427147763
841918305
-513721729
-729597023
-465813505
126642747
950395991
-952773230
-496090158
-500346548
107402711
-357655657
-785237972
-95127183
-843803871
481994030
-890264198
154877945
-821783106
-569019668
971921672
773979094
-344860196
-896965284
-883769109
-406793542
855337010
-530463746
-517998106
159861795
-901408329
-252081250
-349547172
164368373
-131017499
-394724484
367862081
309919535
-46620593
-697313406
-607128826
189810708
-229281423
-185325654
-788114214
-486879119
-373551330
789241034
834934856
-154643797
-285520769
-488044279
-596584800
478914025
931360741
298528804
-858430822
132408210
-454408979
366061466
-111837825
-988860509
-304347386
-641733026
-275710875
-847249797
-627164578
558440645
765920762
-289280784
319429340
344035325
77548836
847889924
917472798
-472471327
846698316
725845077
-505552456
919017471
755064002
-712944010
699961733
-79269185
-886867393
636822586
211441193
621898591
-96662688
-504534371
-223689699
348998251
798819637
-70468019
211604376
568867426
-876269093
-970131585
-675786537
516247701
-802192306
-610135917
-161526360
282135231
-804170113
-816367285
4418102
798362163
-84760365
-726889888
279090230
-699125494
984709091
-237466802
938072748
-35339252
446959166
-874850928
759819811
-746856676
319229543
-538632690
770320106
-35038643
268605896
-783190921
263630217
-795105251
397506094
667344008
-768966357
-54408457
-796457478
947608212
-674323474
-942522847
-993949296
-687214860
864232694
510274012
41666567
-420141844
436177205
-71276170
-608932826
-49032398
-239104913
-56859638
-701414250
623600443
814572176
-412899497
424493715
-343670693
-620695477
-616287585
309112547
868466017
-478859855
428242780
-47800308
503912548
330109674
-832732685
960465804
-412420743
701492115
-957937399
919403373
365147617
-418143524
999301977
817782584
-670181447
-506843905
-314147423
-118998193
-64671842
-889381763
507779587
-893887854
32576203
844522739
-256199796
-647210533
-825934746
300089982
-1468091
847957867
-173328354
-387216666
-704639562
-85486461
310494555
28872626
708628093
704594727
-260118238
-330534896
460416473
-54879070
-563131593
-618067791
-442026110
-885871210
-875941949
352124393
-85069843
-358667050
-8872035
-475412461
884970035
337548181
-56121632
433320550
-913798722
-899386252
575239253
842053409
-441503805
-746404020
358685411
890982348
-857060065
-930185435
439672308
-270686915
-402986392
-188328082
280928525
-674805036
1424668
-241030751
-875149264
-20446414
-388122646
373929577
-790614902
181780825
-900286351
395086580
730373094
687228095
-500240979
-674707354
541476146
-994589383
-395022813
763736098
-341300590
-707461213
278136515
-475268547
-82803792
-582342365
-555325207
-386824225
-448516017
529464576
102337539
638026061
-594808877
941811085
-42852443
-474331671
-224428829
-194538636
-309919588
-721410833
-774532796
707855548
590677989
554833861
-605148753
-283980986
-431748686
666786305
-114081157
235559902
-651879908
-478983952
990933249
848689206
-886439398
-57965510
920492048
146155013
-16384363
-683335676
-708061726
-207338909
253601634
-356807821
-237027504
-410310046
-678826178
941162548
1773981
-608634716
743538973
-447030060
-902074710
881299373
663145473
-60626747
-570415373
416669988
-645736081
67813204
-973946672
39295626
-904174392
255646405
-617586593
-105519895
-720668420
-129947264
317059613
-419555545
913078650
-617745222
-777672910
856682845
-306137819
-426199655
-802006047
983068700
154639578
-352744596
-979869727
770585747
-850107931
957257067
-54680079
370904319
-951272621
-465813505
782847589
693536962
-212551637
-979700506
-18482715
240853302
696378645
604625061
-457840484
-245913518
-250970569
381512803
736937183
580540616
14591928
-988256623
637963182
512781836
-536618495
-303471782
806024871
-372602727
-65413485
-136896073
601526616
-527663033
148831075
-782183400
919398677
59329892
290972279
942318988
-7522075
390547581
-97903055
-538041493
-242378390
-827273970
-174462397
-779785767
951430860
616950130
295591493
103923531
-554787595
233673794
112463326
-659874794
-264287121
766465382
-77827960
-205484854
475760489
-430194474
311832535
-202904610
-967668288
-21687936
-702539119
943633337
329558102
685509233
-468777928
597605059
953001125
46116393
100119756
-202431210
-828638706
-107853155
383684952
756694222
-845764681
-131620344
629370676
484159168
-634394076
-312280498
-473775335
-274375808
907759101
-696461485
-427766452
704364054
-625341078
-428245500
-682226559
742224838
-858513877
309058382
3186688
132081169
-828200991
-443579847
-922210385
33111710
-909887612
-147683821
-871857139
-370202402
-940856710
-219594768
-559839531
826008899
860904683
718041495
-327031648
584413224
721182919
519115547
-161678657
-858626758
-247115391
-388622746
-149032091
945510604
182675564
187895045
-288001857
-104653717
-852255546
-986571468
-378486733
74228286
978045189
-274778398
403210429
-567023045
114443555
708050998
-310153157
-154626004
-516321550
731626648
-975636616
-451507500
-440378684
-657514800
-852930590
-279724648
677674314
160849356
-980094961
493435920
566848449
911540796
-324458182
-787465675
596502326
-68880602
806211391
894724623
207356132
-403728526
-59746613
576441722
944496785
801019732
-527497331
778521914
-926656528
-857519179
235607743
-429122328
-2281919
-179841829
540198713
114814949
499850176
675263621
-459833388
150086376
992859130
-854703280
121366534
-667749930
-885729707
-723886455
779801627
-430955742
347451295
-580417277
-693900381
-20446414
335876064
-728733055
-588027858
-416545762
-264934842
531917349
-624878419
-600227315
797226659
898263188
-614079952
-803213689
-444934226
238334435
595636286
-633943973
939861720
-249043538
-334094590
630793991
431659692
-985117598
885989475
-166165076
404587336
257486497
180597905
833036899
-912183796
861962579
851478949
-896712853
-312712466
333809955
170218240
-452940670
-203418297
-163167175
-109895011
-699423175
577560967
974342538
-366674072
399826834
281169009
-221504562
-923332173
-783241066
718683695
-369648330
746397003
-399773108
341335794
423584924
-263746976
-448788759
-935930687
191837151
-681263175
-9773652
358699230
4076152
913618214
976990906
997337911
-225815669
229280376
660210468
432201443
436683176
-481250116
894327279
91140117
464729019
-380684914
-168056534
-804572390
-210283649
-963568200
457687665
-698187471
-638506107
-864537156
-525029269
424787752
823933626
-957992724
-116838878
-947080157
-526564846
171719666
146155013
-176202824
489084112
-653495138
-538632690
-835456818
-672968153
-595450667
564077660
-582262499
-359567057
149000243
-839501783
435793900
178675335
759907572
506959651
-389968990
453911136
-846111570
-497068412
492876021
-581977770
754826643
-472765059
-946139435
-342507931
-53796123
347031785
652018831
372874912
-52968771
578352033
-913798722
-152124091
-72574217
939637528
-9345339
-749781719
359563057
757296260
704665747
-627938539
4418102
-67164749
-723902619
-808921013
877057246
-703124926
-44629992
-374369263
-624542229
-504873426
154003487
159779406
-523602689
769587549
627667949
601008574
-49769811
-351716749
-433963432
232082732
-90552261
-502473773
-789140236
780365660
-636891455
126350638
625865058
618370088
584243374
596767699
-65049464
417494299
-834802548
-682076089
-592079978
921328517
-600619339
427854101
-465634062
846041923
-862219629
-247424931
268964388
-917698676
377283788
381665817
-724938425
279928608
-441451739
959501182
-425543097
958706505
-413842805
653214958
-481369300
920727134
-93057428
-206352358
696087161
-523952108
800873321
654894295
374043814
-588010695
-604962718
-706832345
-768966357
-63955352
845434382
-947674012
-573988104
5574862
-840559840
850279579
997021427
-350935698
-471472440
239827272
562022479
570088451
-745727750
-155856379
373408866
696349030
5514442
-246227747
-846034288
209434404
978615713
549463639
-188590703
-301341605
993535858
-573603623
644818157
723680857
226926117
455243918
-154124465
-327502559
438980020
520322772
684247540
-872109843
865879974
-151648599
-388309088
215026872
-173198994
-370824195
649740404
366923430
854637879
236052973
911083142
-862902803
515681871
-77325441
-187649436
-952218256
607543527
-414132570
502399902
921899094
932634711
-439207013
-990659966
824793735
958833590
-800024217
575788894
483577438
-450645420
610767230
249232950
439078805
268356418
-142135664
-722741904
-9534974
922648423
-867129872
-14678951
233339543
805785005
-714907069
-861722119
-121478728
110252502
562111867
-255980974
867642511
440432885
-185011378
520743343
246458534
-397717936
-146055675
778028032
-709931872
849569543
-936022172
-217085176
793045367
-807710254
445136902
922940536
949876291
618108344
-491982129
109601497
60280975
538534017
-136824591
614386617
-478348660
981929726
-683206713
-23694159
779479603
802353326
637663626
201084852
871655249
470122071
-5312221
-605253313
-170491086
-230322592
-438323575
-243506860
-246607735
-883956181
315803430
573973119
-269650978
546785400
-590343744
65992439
120798708
549978247
808576033
-854157267
-256356222
399738998
-60543086
107379278
-738262402
-616335643
-693765067
-106966532
54181523
-926980020
-428199885
684047335
311102927
569148589
-310068301
-980081006
-852171259
823392646
101642979
-999309036
568819269
-997961090
819964705
-932305183
845424029
-348837423
101317092
-132117632
-13262781
869174410
-268972366
254802005
-381388551
835472895
476087366
982912257
-372403529
-957187259
-247256247
-832235241
-605787223
654673210
63909507
-476523382
-614331083
959323962
-446452973
-648896490
-413228356
-183493066
-357456537
405443590
789373955
-614543750
-202967870
861500180
-632458865
-525250045
-851609357
-764876932
49328987
-604777873
408820496
-474103390
-271871251
787914894
-198241449
-508634202
-466960294
805848999
-729042837
-146745633
-879265409
-550185324
-930248237
-506041689
-608904389
-737176427
455163764
5159912
925032581
547085279
-15388866
78032669
-335081008
677800781
244440938
-206521790
-524300432
-492461875
-68596986
77353857
852707417
-141839052
441077803
379599110
881902818
-168955221
347195012
219256497
-801311507
-632189317
892312806
-755819676
-295123639
-509803944
-892501312
967531560
299257685
711279816
252887553
-293256220
123101078
55630062
590413388
-775966379
-368733119
485560099
-60874190
-274526225
682170459
913618214
-744607547
-510263300
529170845
-81408674
570829952
916982288
613088479
48556549
863300997
120598889
-536951486
-532812857
-52180244
676158589
917330444
-10870918
-814360103
863053884
508805421
830346008
550202491
740706883
162601736
-636767610
906324734
-18289291
-641492039
-294676862
454705611
669941920
-791122395
-121869940
-573441634
49266442
655362756
-620294098
9141146
723157439
-385740185
9975771
793045367
917980671
-437711030
310330742
-755349063
763962620
-279387567
944496785
-609170281
22131503
582975902
811752742
198010402
714096993
719456971
841998933
743651009
138917281
-530247652
-776987852
5289654
110626647
775490985
982180815
582823435
964355595
-970961011
-151341949
-667671259
316282498
-804675376
-343843740
-803717395
-439020657
-324979109
377894825
162376045
-458804091
572111170
351975461
-51602412
-9979078
464233770
-618558361
-914940910
-413940179
-891120761
512734478
-22465145
-466636633
594471309
655362756
-609415081
457893650
657336595
-372227055
670958196
-58026458
-159524376
-403117797
-470058402
-84404894
-832093097
-343327440
-896168544
-448676203
-17361497
-990022221
25313023
697294403
-373126602
-351886344
-526776102
443105773
320086028
-580888122
776220337
-769400884
-623793464
-82803792
-674474142
-589198869
-373163303
-131255090
677893139
-742282721
-398404856
-231248690
-315399927
-115013810
284822149
-692881151
-273630069
-902092551
422713646
-66287020
-751407263
-726694198
405388038
418210065
-982350922
-51485294
326079577
156750851
535381184
340249547
-758212726
-485500238
548951404
-227428957
-13416366
-945020639
717727282
-145195599
-190256482
449283820
-15279388
749382567
-289897872
-269311565
-390372526
455711078
263701254
715461277
667903818
-486891453
-94536977
-663871552
-385655160
-935434120
230484367
302245671
-962998729
-807055586
376219864
-660330439
-135937091
-991829881
635130081
-212843918
863053884
-945539246
-109864392
-613755912
-712410961
-647461998
-739274482
-137743054
200421063
-76705543
-526007075
-837541034
665468169
480486488
-103900619
958030834
575315283
-134328822
876937250
-310808149
817515765
667311340
705970028
144761476
104119106
435486310
-716649906
-992066962
-411883061
-977845157
-885657038
158927262
-806246465
876937250
-260329349
-443986247
-239238300
187063848
505422408
-835829400
854969362
-807367878
-516334449
-695004373
132813610
-366434113
-770320392
-731706385
828168074
-761975859
-192925955
-674805036
-516158874
-744189147
-243945144
-924397942
-121773611
252707556
437338835
-394362935
868212231
-365212751
-82691433
-91812889
-889699800
-62381445
-940573416
668328548
410853172
902958430
-955626251
-641170125
629286415
317795321
973690553
473971086
-501193298
-622143387
264755623
-845573154
-560887969
-250607929
-795163162
316157424
-947284014
636267054
544807937
-449035183
-713899358
56631170
177012137
177638158
690574118
284958080
255330009
812422378
-570016498
690424330
433803869
-159664536
998968402
-597321850
-667949603
478801136
506616292
161102678
273367590
-913540638
-817234257
923023400
-505517480
-260945740
913165141
-732150551
387056114
168085534
-292808290
424424815
-508003619
-272606098
577485827
-879744143
-265064982
-481274211
-905548108
903320167
-45778673
-770821514
-57033508
-969539690
633659959
-169260198
-865989939
-137516660
804078910
910003561
507426310
-746800274
-711720705
-753727982
401511277
-251116218
-460775108
-571814716
592100500
-589765541
735320900
-216493692
477760344
-960290273
445733158
325639311
-179744699
949504573
280225105
-440192998
540049869
586714949
-568141008
-225148466
620451509
-729126546
790553753
-439853509
957883030
623488748
-654031776
-76705543
-559637202
798146249
-831585796
697737112
-238414698
238782842
390062590
574788046
-751645101
-870115330
-316110455
-409815315
116973078
512867833
960685929
622133405
991186346
327538129
812677468
56045034
-246911114
716989456
516201828
869131669
-635003301
276377271
-572110220
300516355
-866644972
104484273
228123186
-888822870
-693110581
379954108
-804858239
207104218
579536759
62355749
-97497748
868567148
116397059
-872171428
-245384371
814521928
-947915221
-683462726
-402169848
81728649
807407868
552993668
-235497449
-780541950
755388737
138165208
-208862857
-18871426
296268299
-312256269
-223554447
-171206460
569959630
971370128
-568035906
-432230395
-860206105
-902092551
-328936514
194847326
-55323175
12730443
912630260
991005784
-673240065
118656668
155665965
584478090
-12733558
-7445035
190544131
244094700
532011139
-108580431
288124353
-115890729
540398118
-743798036
-491658503
-105155977
-650555363
687704125
-640595582
328899775
-705112206
-265404007
-500569843
862948249
-125298680
961471166
444695591
394979148
814829934
-902363315
-45890486
335112159
155207571
872127417
364211174
168733789
-538443078
768878857
-227028985
371103607
-516399024
119822222
329692189
120301188
-167750671
-993248689
607339223
-345292240
-567526217
290168175
-582819789
-427813597
-339790211
10864155
-760861948
402582640
-133554182
-813914142
90355554
-384792096
-932259914
869174410
405217343
713379297
-571390117
-891056422
272941508
-853811656
-767374250
647982138
-755068720
-664531269
-8599640
-326489333
862948249
646681416
-543361233
161613464
775554258
711929653
-732865283
929945566
824414416
-719208020
306151013
651798638
-203691490
967235367
-520180778
-214706922
141342315
-233786732
-496090158
-207338909
440707551
751358968
-478348660
-552497785
-574364766
-656978044
113838151
833197876
-352207662
-912035797
-15388866
873625214
-431318394
-649271415
497389299
756740352
-819096561
676158589
-727444741
-675306189
-50010842
-298277711
464168238
-282420600
309272288
292162652
503406895
-27246941
440875010
-164838866
109090402
-656072085
-651946556
467795040
-595092481
-933571508
208166184
819456828
-201996271
-434232081
-901749184
-863891033
-789111166
-785971996
-260037513
-273474863
429446335
-43933513
-669691798
180919641
995960680
95750459
436698377
164720688
-868582807
700809914
-477094316
954988912
99803699
-841127502
806351237
532676035
780492008
-637400800
676911175
-388261577
956641409
521066337
-908658008
958953687
157863121
-220913716
860796823
-253358722
422559322
-182234916
-809454985
-196691114
404533131
-476329090
673825672
426526730
51240636
-488735509
649856815
71637821
587375285
391941705
-289108559
434839488
853181706
-664883554
434533925
-896168544
2996802
-247079507
-952479218
-471521201
300326828
-286123289
-447030060
788435137
460748157
-896168544
298571143
543615698
482121186
703363650
-870245462
-201735881
-30510113
-255925834
-354545472
-655208530
-414364589
-564227559
370838636
-412387036
-140494465
973458327
203183812
-48134358
301872963
589214048
833429895
-347782859
-254837129
754826643
40852941
-969019344
-942788080
-128752309
-973563358
788285361
-464176963
7829747
974212970
458529942
889300390
-299745164
-237813955
-898060139
602318633
193618051
-666987444
404321558
538754707
822752512
-804270113
-714676374
676764557
574888886
262397357
814225307
-701379468
-869355157
403739749
-501006634
-825462258
-359540773
481278293
142520774
-353355382
389321188
-602810574
-575297619
855337010
637963182
298195717
280288412
92989237
-394521197
666947534
861061639
-496297012
314846206
-112850106
-494939214
343340492
-678002772
-383262322
346636726
-954803419
-617731577
-393145414
-330208080
-693972938
176138940
43929058
-330893515
645119578
484365403
-385728836
902860621
-149903979
47289133
401488809
329330666
508510230
-669450393
223776837
-271816584
-430790585
280668644
-297237306
278359864
-483979867
-923041519
-634431176
661062282
-739913294
-569549164
242961623
-2281919
661981816
139422262
-794796902
205766503
-305910742
897604586
-423211476
-405012254
-651411401
395183105
961283707
441813607
-262738504
-989769662
-120364212
-671249456
313292478
-580696822
-499629507
711815162
637963182
327692359
459264093
-140386430
-279840848
425953126
994465805
844248818
-738262402
779115319
-605703676
-936080687
690424330
-307260398
-418388749
-799166942
-689305644
683210030
577847344
-928170337
544962679
575726823
-849606474
598228981
957689634
822036101
535907715
-688514662
793732020
-866254282
-169569177
-342075556
903473818
896175070
862098476
-56374403
831734734
-539272960
-24861213
505422408
83064417
766549770
-794385482
345967887
-286803380
-268546462
-753929482
67322722
-167448151
-458129797
-404088382
162736929
75480145
198067415
699546069
-441370139
899574199
42147145
594061056
-405887090
-8075321
782530545
965090004
-983907616
-912550013
127458792
-355444999
811360767
-961674815
609903875
-788782831
654673210
-93875075
548732708
128723241
-269235003
110790045
-811846478
425239301
-625546199
-289350719
-302055590
533849220
-814464663
343442643
874749481
831438673
621600213
122535566
-970784240
-464761859
-637297867
192686522
-22589073
-851009767
-433963432
-537248147
-731409180
624909812
820714846
-603461442
598325796
857434510
180657922
-62474060
-205307668
-627676281
659339144
-440519598
367644590
504803970
-365167110
-176635243
391777541
881688010
533372090
-403300654
-765161151
-68407082
-515248443
-338280368
-676804351
211621572
575408515
-508945612
-912550013
395713789
-379703937
-552584365
-675952354
-434983786
255964000
808460660
936391791
-413289812
-820121284
949034828
467314672
761514560
288033388
-593921136
524726705
-61437001
-270265914
-416311828
755303900
785119430
-7208751
279812704
-505552456
-105155977
924281489
650434679
570115267
8646950
929768892
421884278
787245881
378250697
-399150925
-278427854
-30298815
-790321425
18897490
-151262083
210563205
-631463750
575858043
847698993
973388874
657626618
40900373
197811370
383078345
-462803633
17212677
-710683192
-758002824
-731917358
61907819
104250103
-77172017
281978044
269586483
698123500
683359848
610439027
506519343
593452710
604936450
889251451
689570809
420674681
883686330
-848355236
-114739706
539074956
291946273
-227264552
878047623
509510587
-774160120
-684644915
533060182
-920379774
-925011226
767014585
309018477
799429555
-342146389
-886358826
641765473
481891413
-26018017
-870047441
-532196165
136762755
-559510634
660052768
387739989
198067415
132128601
-2854384
-764562084
-908315750
-412003170
640801844
-222478914
649784851
476533635
-448293851
-581711577
-636790258
-573192089
-678422794
872025087
-833081489
-358134533
-634445307
-314316636
648019528
-806061172
-294979535
-895116577
96589199
-509730635
88438279
661583430
-48991677
-598817932
-671041472
660783064
492089738
874313634
626737293
390612218
-333894700
-241624112
-299971320
-786228363
168795481
173282121
-35029148
945194224
958300295
360542640
-555983812
182726721
418128716
964384713
941369714
-395673726
-654865651
692521930
565708261
622555796
805120864
-254981738
-345727543
-375146097
-685517721
-919469260
37785840
-669816713
-780699356
534342696
311208159
11075817
-967191749
-363393345
590856457
-941677525
-137352131
231199629
456418775
-572934998
-832093097
959760276
178344917
-717787341
593716419
-965553927
-427766452
679208878
215730225
790560656
-315666118
-559805783
464615924
-427813597
-411074505
-871158429
127246172
-396223146
99883649
617160624
393395856
-847218351
263701254
-116422254
-496976916
-441051162
-393658075
-962429523
813549905
953104086
-517446826
443574750
751485984
-215700028
-885040632
-837193612
302556578
927574854
97952759
-157295941
-723058239
922054857
570439017
29237987
328740457
-930801191
-260311971
34398530
-320864852
683070350
-587691618
-415971672
319612885
-54723651
329558102
-211047278
197691825
540500619
410654385
471510443
-839565052
-962998729
378806441
-686677461
673404316
773354017
404608498
167067867
-790121150
545681598
790560656
-614079952
103336847
124196032
-351369306
-89213536
892993666
995639178
-153397655
-357655657
-323134719
-28927417
457687665
581270401
-351570235
848924687
-670884795
-460711293
-301341605
-197034
-151224369
-94310
-207544448
811666471
947728613
508390274
-434983786
-282187439
314178020
990855028
-986229722
328000920
-586795428
946834299
-716656045
633856586
443905500
-949173720
-452104335
-890703582
293029342
893059384
62552445
-191657880
513390840
465556849
138755298
460045428
943784683
955038028
-785344871
276745091
255408946
813739308
-744820380
991799462
-327502559
-173682911
837586850
242221797
253732158
933487333
290860349
748251201
326326584
395214281
-478463994
778905244
329692189
162292200
-382369278
-112194780
-51265456
468132198
907434766
-958816802
981489195
-306689551
859959516
-29543205
419056513
-308479840
-221478042
-519982277
494335358
-10916681
-933471174
-867335941
684395381
-71276170
84544605
-843958329
236992850
978045189
503760247
-651712170
256087291
236284174
976617351
419870951
769129497
14721883
-757577129
788565277
-2443468
541016795
111714629
610876111
429574320
704878130
33222056
486518226
822667113
-390678863
-600992816
-494280376
888222951
211564227
389086125
318421942
825329145
694849983
-724297806
-829957458
-640677992
574386331
252957493
587290402
886904198
-547291937
-496183327
-673240065
263122766
-413196063
-648264175
-553400443
-901124203
768979279
-235988611
400790323
962027260
666366550
300040813
337926014
-253554293
-283218175
952459033
585013107
564240585
-843449246
-750972093
-2020600
-679403709
-961118870
-451854137
-588752441
-357856760
-894833728
344858319
-432390052
-103111634
375617376
686105456
9282420
-522479001
354931864
-714606171
428096281
809921425
-504421273
600145056
122857062
-463240108
949841905
-533949116
978096715
981282037
-287590213
109885245
-138016391
-33458029
-319189375
590856457
-488370831
48080549
265366315
514166280
540421838
-23534596
-254598895
604224337
578352033
-676911002
-587462193
-656609164
-45802664
-264217908
98175135
665656109
-165874234
297012395
-937890464
337548181
-747568214
-694623436
-202165289
424074454
-779572012
-916144916
172329902
473209358
-321299963
240557432
-471258769
-979490521
-296387353
977559101
223292461
591504185
-808273080
-638280443
86449526
755027468
13740904
77812111
750038420
985697436
992157668
340966415
221800159
-871414811
960608850
738599793
231716644
-548748150
542667434
-277069870
-17578205
841198245
-216268438
828147981
-956308042
278933335
-672241488
862948249
925783057
-484237976
820457450
136055646
320245894
454570624
-320349338
238508429
-202032743
-505941347
-34222437
-898683544
457687665
270543016
672024051
-123278446
114392334
-948011107
-880762631
165289297
920626375
475421669
-709506474
666127197
-454675963
425630410
-95899629
-91812889
465326208
-51318135
783295607
-495926479
540979844
-781713130
400811892
187167986
-809084731
754445312
369253260
625390502
422730507
-254895005
-668990514
-371180195
22770480
-73226492
-571165781
317238977
860360994
479353621
467960801
936697455
-353077718
-804209194
468230988
-559805783
700529228
-131848592
-724557518
-239424977
-130561351
-673527345
-433963432
677928866
675311625
714680572
-293745667
188785640
515197614
-147052459
-79498327
-666017559
-401058772
825231147
193040415
282870270
-791721574
229326072
685223955
533104449
-740700638
56719477
-859110357
-384175709
299229108
-784110307
338128622
-806288989
-295918890
-144635811
717977665
-50628242
-280654784
-800024217
-393555547
-782891528
-40044984
88934736
-589861177
519033045
-756274472
-174086478
-782679099
919941096
-764277063
-663213450
-640985227
-707592739
-740859736
-325052554
-154031876
278359864
657336595
-981806424
-39959578
171108746
-532013072
-56403764
537997324
-985225000
137525284
-789676258
-844695683
-998537438
552801408
-81220577
798458626
-617949135
-656174220
914330546
-476747048
-534118694
553309456
-787376084
848569375
282681082
-537503485
766465382
548674300
-850927807
998579833
-522584984
-25707188
-612669900
856564857
-213233714
-569359218
-709241808
660151744
-872306196
394299300
704344430
196746279
-418623725
-827190676
553367632
130173199
25415134
336179798
243942060
302347192
-251812204
-544353341
286514150
-546183048
116845572
263557311
589214048
-908658008
846772148
662233073
-614940013
693739672
-640595582
192878816
-515789668
273044784
31768132
-358465086
-381064658
-909763056
-862157590
-918699987
55215405
-891843352
534988628
-684754561
734555555
915073428
483820218
266253048
557327509
697331556
762357662
224929613
802058683
814660350
-242075355
632878007
-527062541
-696394895
-951574637
-90718820
-139277151
751120264
436365411
-307123151
102118776
-699387908
176946861
-204538194
320203057
-66974125
659230211
-327119326
-785731488
-605535426
876596633
956421380
611292235
-467294033
-729456608
-788342989
596307923
867085687
498174654
842471564
855930839
158285252
599445210
-724612765
-683013353
10821385
508390274
793808479
-667749930
214353137
-207995681
617285025
149713898
894161125
-814624245
-709931872
-216830703
287152635
-614829312
-497190173
504440054
95910330
-942258023
357816766
-63757473
-420432933
-690129530
191872608
-622478327
-48942711
-589795475
507104463
859575772
405810936
-437223307
909482816
-100192026
-884710381
196224436
189177330
-9931330
398777956
239533521
-719943861
-556750243
-414285277
-925632986
570214790
-154481197
400951792
286720153
125861259
940879512
286280307
-808354948
-650569702
904810298
-614393690
991338785
390547581
936065528
-317053733
848477638
-818108495
-531761319
-470547537
205087183
684539461
474607617
456757098
972924036
-948791504
-506082721
91826655
-333168108
911083142
651955918
-591454234
873445187
832770919
-224970815
-426619044
359309361
267103004
-907306110
-675901594
831358583
878259057
436747195
-349086756
993863952
892993666
63119842
30821980
-31623740
-914169971
204575801
-465174981
543300434
184433067
-785603377
909205032
918243471
485936424
-362861702
-968662321
429611326
956843368
336746247
385400709
905732195
3347410
341753511
-654096944
495414888
864960832
-497337717
-441437052
-677789299
-82431754
-1449644
430645256
-718294727
959589430
-128403274
948190087
304929691
-768388361
-943947163
-101864822
-205591786
-536298892
54679488
-491404392
57434181
-57718358
-99097356
698398133
-490038323
336564031
-839204275
12915564
-333556426
836178581
552048619
-237375339
191523906
255686842
811067604
-605244509
113069901
43084101
946480003
-653702486
-891541033
244094700
859180125
-316499458
584433404
-319220942
-942716595
-221715565
-166646452
649784851
947331944
-571603461
-112348671
682751531
-944339074
173750377
929392084
-213120999
913078650
210440169
-158651564
-264493827
-354041659
-736020647
878009480
-328520862
-201683703
761299799
-180166847
194982449
-234399018
447823517
756309214
-766787575
85665308
-256677948
-703017700
-671735466
18145413
-20746484
667832638
-430717452
-756274472
599052379
190587168
43458227
-383724488
643344017
968252378
-390501390
153976116
-961443133
928384249
-764985320
822491518
716863203
707905526
-196269521
-626427173
194699752
27181992
-910190995
243706293
499607354
409377073
391033112
324768320
-838613162
638242550
-923919245
800103939
975293805
207935945
967886593
232123011
665824573
-924288963
673706812
-842816918
-876839757
-110191355
29484472
-711941621
361213321
707064038
-358119159
-228274955
-550466726
957578730
-781360321
-893887854
-563921794
638582631
179546059
670155090
525154508
685954656
595340601
-837983732
-816643562
-858784167
-43422610
-698725808
986187790
957305637
-418791472
808079760
-617416606
206823471
-356407160
-163167175
888481
436418582
-67747689
530136882
46980327
931745167
436581795
524534031
742320917
-67322213
746473454
980741466
-6357068
-707008585
-56534602
300399441
986597374
-397335761
654337941
724870997
-61633110
-487533103
168768325
-740859736
-29735021
314126929
203864075
-65251535
779908471
993385983
722071934
-204147232
-554156279
976617351
-624144444
111477040
-886358826
649220335
-12684624
-967022357
-861407980
822667113
-402307538
44083612
-129696975
-640708959
942579469
-894874165
35335432
-776315742
89447813
861897028
204739935
643206898
278063275
934261373
158814596
141285852
224630904
-155856379
-679045932
-130767113
-397173378
-394500715
190657688
528155507
290784870
-861827329
-329842389
-105014388
-191496991
-262482815
227883979
428685813
-464020283
-45802664
-966066388
282781476
684892574
821797777
-521685605
-483106389
-470415901
-927190017
-16814164
-953623383
-993133157
824686200
-252474858
70767908
-76225680
111291586
-63527387
962027260
764928084
-35684548
-209065774
-495931223
603647610
245159634
-967022357
-601655907
63818756
25212857
728852418
9975771
764178267
710211499
-307524996
357935831
378473856
204539049
-353053262
-236688884
105835982
-937344236
-585150706
765678376
-787062831
-315149737
323496545
556296961
293106430
217192357
870122836
51431219
-897646320
923230452
-412839170
-385598022
-650741116
593509107
128656523
-712300099
904384263
334576455
-487701821
952847472
692192374
-326910097
-380464001
-420154201
-108316441
-900776944
870798471
-572617120
-954113674
715990314
523411843
-265144
-704279557
780780323
-725167028
-504586304
71556861
-67676583
-365641668
-505552456
275196004
601309488
372176109
223551746
163083172
-466767794
-431708832
401306181
-195837897
-13669313
-740639371
507730768
-782052820
-684528828
743249744
-773047658
569959630
28682121
-798712425
-414720300
-178462714
-161973689
153394854
633486566
16560831
183997447
-896929548
929581275
-45515412
-944638485
-367884375
705333315
-803232760
778074188
108230211
753100335
661389485
-395381646
704878130
-550808346
105941641
-301341605
-792154916
554422359
-131391583
771397680
-700002787
351467980
-385385029
57530542
-271583386
290915474
943431490
-715411762
-285356036
338594711
-742282721
-899417102
330454216
-604611674
-925783951
522096463
972595514
-167784623
906864862
622345291
863300997
-261497666
51044628
336955452
812458369
-514111149
532659956
117004640
222807030
511703937
50646311
148166989
-627438439
454262082
328312152
361875154
-138501788
-169507169
938117060
629500644
-224428829
606033987
-41558544
-333380423
235129576
750076740
-775425698
136916833
506616292
-926810666
-991050593
-577854422
-361042215
-989419939
60563011
-600873978
428076934
926616607
-570814299
519145601
401909415
-993214771
-139520074
-203081538
631238532
486444816
467670070
-319189375
-145750034
572261511
907340752
-430523286
-540923905
-146745633
39194255
-453103236
471510443
325893502
930121985
130917100
-887477573
57782113
-128460923
-847355288
-110812088
674536452
-56078577
417957919
-349609674
-713162272
-647040078
435162616
883453890
-970444318
-124890430
380163043
-202263743
339342534
-191676637
715787815
245933295
53530823
-854203162
248447551
-18273804
-827107356
336312972
112093494
581218796
888222951
839191411
384411260
-637152283
567038029
-285893771
-450120483
-660004232
-236800731
-617276091
69194254
868305556
626591237
-236541373
-74332497
72005489
958799629
803044569
227213127
489451466
-1425732
-816607756
-76395085
-796979041
437856927
347719997
-686985821
966774465
-210985809
-53984746
460622359
51607715
-28179921
-374369263
-706172883
454570624
-42269103
-594191700
394876801
-588191982
-649023230
354475760
-807243746
127811739
-870245462
-946079537
-677699955
-120743954
-773858958
-630957234
-831315613
181679562
-967668288
-87542373
-324794949
-850107931
464263917
-907795998
-981984875
-551921215
861854688
-702756208
-514752294
149775165
-608110857
-314859226
203231957
-299390640
-749486909
-365971555
-844106616
693402255
-97334167
-533722468
-664910383
-376061534
250688851
129427274
979759231
442154119
585466093
-393194381
28358266
890410519
686715273
-71268482
-76000740
-89961361
-607332728
-895719028
606997280
-363090519
888628039
-659005791
-225715679
391097817
677228618
917180806
-11342608
932551577
-811645444
930062218
-234920067
439916385
-403022834
909212876
308263713
959402451
547517667
217116315
-1705863
-243022853
470196696
-821763461
-587615051
270287145
809507840
725139671
-22190856
631320021
-883158079
-713569053
347031785
-330208080
814087687
819040897
460319564
985229477
503892722
150483273
-660561389
-655777511
-442268811
401056876
979272739
-970763117
-935755580
931023884
-458385784
-883077522
88872967
-794689329
275153342
-96206457
-286210849
-895180864
693536962
863734605
929541362
44993119
870863569
874138352
806351237
263489624
-517269378
932496394
-95989346
65031910
734155946
-179193576
-173553844
-566718983
117012455
697042224
-99608179
-46454992
-463545018
-607635683
826804476
972640160
138301379
278821111
221166944
961702876
935679113
116303426
14260848
-107128233
-554814617
671902706
372874912
-237455624
-871392754
386603132
828095440
-280347973
-128395694
154003487
-928463277
-931171558
-160178631
878149296
353113071
56023721
152586318
358685411
-130004605
47496657
75585050
-858273556
752781462
-294786452
-923529186
843876748
-960149946
-334407704
610767230
-228742891
-738156666
-79498327
192282406
767014585
-410685142
-887273224
-592597876
595881719
940069713
588858599
184996565
296408491
640635091
903876112
-554233005
335624335
-212493565
185052638
-724938425
965857398
392867570
11223899
389953681
435848074
216774697
290860349
-285932018
-749476354
122199536
819040897
-373804310
-405445211
-566417521
-513225561
361875154
319564914
-818443184
-328216502
-269570587
-364979519
981704936
839387108
45169125
-380374841
-229590644
512965599
-720983531
465864792
959855905
834344506
-226048571
306747694
-850630403
909665032
765971217
85831613
-252387332
991655977
179200423
316157424
-587138384
504188643
786053077
605958962
358797347
788752023
129107109
497556495
-701730921
-975572674
-476802853
374245911
-738196395
-414804450
98685159
-759835829
-793666946
-38937959
-861466430
-833272039
-510263300
-70991905
-23857017
-775881139
966596097
451921482
-469678701
-869682666
-548033658
-366165611
-29750270
-8896470
667832638
-10284213
565200267
-982056103
981740005
-248915354
184334675
-886244809
697633378
-239424977
716189039
-437071809
756675690
-433265735
-177927278
-273138351
543329570
-450120483
-157429860
329692189
-561508854
547811246
-758663719
-628830672
65939587
174982144
143594526
496041588
-533746412
-790482277
878217585
195040548
-369889345
-827897482
-973470032
486779693
-363214638
-235175345
561414062
537893196
-416105124
9141146
-194211441
936281826
398167552
678393835
-779546389
-439356498
711425326
-316049393
-226841982
-683013353
-820082400
-431668882
220235845
-399045663
-978042310
590891287
-875847723
649845558
-589012518
-266060581
989977007
856845107
193026847
172063437
216564121
792344789
301872963
-919179447
-712030608
-585916791
-394793274
767323022
-692611203
-584276180
693589092
489745646
889975995
-86091043
744508451
-260329349
97398414
-1882931
340444165
-243030893
-59380254
-140267214
-689361475
-863738595
-846071952
433590192
988375350
-56018534
-708384471
-176347996
388632854
504252778
-947608577
-515156459
109376055
855337010
-762781055
193897583
807010094
406059650
-891933660
-880094478
-241030751
-896093856
-137352131
-344111168
-463980549
-403438506
540917982
650196259
167003312
203144283
-592979834
-743041358
-614899672
-596623358
-393762974
25293001
-253987352
-801604768
368944324
931463283
-340311468
-618558361
-633394122
-677464846
-323800550
93154698
-187304347
-427813597
915592241
585567583
-624878419
889484273
-551450108
133968124
691078532
-77641681
270096173
-601521568
639134460
-906924549
441408075
-380684914
399826834
-462251961
734121974
-40447829
90031482
622249472
-534857704
901337003
-534703861
-370216178
199034019
303539327
291162914
625289925
-913552310
204162888
894137848
36859200
575025535
181605572
226432792
320245894
-98420614
-212634618
624377889
753912585
-595613934
37930382
9474384
-855831712
396752764
-875504763
83544483
682751531
-593920933
-194155110
397477905
572485540
954491625
-882775964
134080966
397946937
-316377033
879283776
790387110
168238875
-943241969
301777156
803600727
429525982
-296387353
-793824726
-157634396
-622068687
-412589020
-857666192
-461371595
929683218
-607601895
150439380
-425543097
-953279954
-439063413
34904716
576821225
55430697
-191062886
-889287066
-841650530
-367431644
-796208506
-303945885
-25893741
621322433
-786122199
380633275
-796834761
-943394839
346772329
877788377
-735018111
-224123005
-210632256
446409542
-434509933
640215540
483082973
-983848139
-693255017
642873929
-42346635
276682829
805720179
-322821908
-850542772
-574745735
803458608
629065092
277129273
-312959486
-209617570
-693610293
-342959469
-820415953
670649726
852846682
495677294
34112923
813481836
-364548556
-134189848
-557413545
215315434
-148899292
-460313656
778228863
-761773192
-928170337
-206164348
-994060546
-359488123
-426275865
998680227
-744727661
-455547802
-562568685
436343570
663844302
150540813
3938549
-240876670
273044784
-473628790
-241030751
-737966169
-695004373
331215591
-994209998
-314521930
-747491369
62552445
-956453100
-674405982
-743872920
-23804281
-935043454
784291398
-447030060
174626638
-393555547
780365660
-852630083
869919913
-234991395
354806313
536979830
643884110
403191147
-874551169
594094272
323376551
936070332
471702568
187000117
688669098
-968750791
472766478
-655777511
-191750221
893417949
-767523160
997079491
-414909804
-86735825
853234412
-628803914
-643420098
166161136
-670307285
-77243272
326300112
193337755
930766038
-602195
987918483
200993259
-847419649
-88787717
-917600043
-136511641
62042182
-292355978
288124353
687704125
-115150948
66984451
793342921
865622037
276901802
42918519
132611478
-182574666
-619117432
221508872
-110412155
371874672
-406001118
-776640486
947194915
910003561
-549142992
704070384
368266904
926233666
-784934007
577056747
-513167098
453530136
-328490654
270653160
-374919347
643621642
-640074849
-192455147
876271564
884228163
132173877
-815338416
-186337341
689570809
-908247919
824911920
-973304580
454570624
-924067293
-450645420
918361146
-222744825
17225817
-944339074
-747250937
869643744
580358495
615335614
179852874
-367627972
717011908
-436131980
-793283091
563966949
-856395860
159861795
735822086
-701470626
956807811
-742782971
86780415
-53551626
-720071175
537594495
-497573705
-212084705
895394790
594825939
-352744596
225667228
-380739256
633699306
459065412
-844634568
490325703
375559740
-35111478
14862052
761681297
-40895102
-185830655
-598106546
121779216
-992497966
923049808
-884396471
483844779
-357044666
-875872229
497829135
941523073
998352176
791863163
-838015504
-501241173
687335433
-302639637
568230261
-849538213
883276379
-500911665
-687065017
-440757476
-613131489
219437361
203144283
94920728
836563066
481424701
-596538331
542777103
531391403
253214952
-162168404
757373082
363331979
-886244809
-818417612
816356594
708477949
-751819288
-521563913
-896712853
646993246
-494631659
777074134
129427274
-872171428
341676519
-601686498
-969402155
-965052614
361994281
634446044
-948875280
330206551
-93148969
-405012254
708103976
-313548707
-711892686
-9702822
727210143
825013730
436878752
-509052357
-383103733
-417093681
-741769803
-464176963
-474164025
654790568
-840403479
-727526423
954163678
-587331819
903320167
-368629960
691794675
493988670
-830112326
-801709224
-937931675
169555208
121756359
-786190968
281008147
-660429940
-700938075
139165007
939291183
-429332196
-290648399
-616973791
-335845198
-735004807
116845572
616391321
973823539
-19946177
-881067032
-684362190
352936612
-713162272
-143697778
-124404801
507510151
-146289589
-9212449
858766548
548852348
720872514
-567856955
33860038
-10275546
-803218397
680700429
-931724965
213318840
-771075987
-840718342
772279899
-992737000
-144015106
276176254
433182939
-9675993
422713646
-637887455
-316808571
-100097347
-512893605
196301444
-526776102
-929879154
-483979867
-405231115
105208357
-791721574
-702406917
-177229092
401189263
-66057560
746070038
579280504
384241025
-127246336
982792488
743439435
-232548607
309339185
-954113674
485705953
-625218778
86449416
-668535288
-466686337
-525919893
287212342
518018047
31990153
189486948
937546038
-461097758
166415711
-670168644
72481995
-688606433
461800117
688669098
-478269481
-963893589
866831252
985413445
530359925
558808077
867576456
442445442
35087569
377958089
-729293688
-572646869
-283499487
-140664529
185498617
36402652
967798622
-785731488
-788114214
-408760368
125799351
-747291851
648304199
-796044213
-589404025
-356797761
-297192987
582297669
144246056
-323596933
-624678901
266987398
-269650978
962188081
-135292954
-738445805
-697908137
850926033
-261744119
369815203
-595341623
-478633779
504631829
525998590
-109494085
674394996
669053869
209256637
769276075
-922510766
320379469
-396248929
44555257
-9534974
477234875
-405012254
401026075
-605535426
-569019668
829512195
435399341
-996169697
-622393860
-246839934
-382860112
-64780814
337710994
-857666192
368449872
-324713297
-156083861
453317810
413066002
-3682052
943193068
-739673712
798784562
795410088
687496370
-139023819
316569925
-268871412
389546445
885320479
-754992307
-653515314
598860533
-865516203
-167548360
236373421
971831081
-344364072
642835620
628901464
-505281356
895905234
401929372
437225988
924419507
-899301906
-961720138
9474384
-744103934
554833861
199951355
-693060727
819597020
-968727541
166439576
-556252163
-607004289
-251557201
4006461
646080635
723818022
125040101
507399566
731683324
78267169
-852818874
-1896654
850557392
746623130
-185464544
-398624699
-178010359
-719076883
-969019344
47572473
-630021698
-641931365
340852563
475020899
241940484
-460683566
-295337307
611866577
492143378
-104359780
-839009199
38141584
-362660127
-746823575
-325408576
155522543
894059359
141420202
-490149004
924020121
205615575
-494894617
-873086775
650289062
118656668
-37429235
-395479236
301505214
162587444
14199200
936494385
939161967
-189664897
-614705331
-129665367
948822851
-363824651
-817219660
-844665164
730482877
-266322653
538534017
-589576105
428076934
984769729
-902924050
-469286794
-252575932
-38355033
380601921
-199141043
815295366
-426680534
-856942780
747761104
265397874
-398352919
-294390327
316880952
26317839
179798163
191868123
757826991
278253403
803409958
841519797
537649679
99926901
178867285
-353647911
-551562921
-467855854
331001986
-153127720
849465957
737616101
592039796
-351446379
-886766865
964451486
-929664133
872823134
918970735
-516846256
366923430
-661525672
572049452
869537022
335680509
-157672074
-395792685
693154185
-943305124
-766655892
-912807184
-504352794
835472895
-587198667
-33179640
28285406
-504352794
935454736
-811347800
-504799234
490821430
568296129
-658651695
-562081154
-601406978
-396829241
347234187
-739913294
-530944929
-182409871
-693255017
-211047278
756784368
903145869
-43170319
-395479236
-995628029
-615419501
3938549
884618848
-224343249
94529619
312763462
523581998
-69151424
434769714
439464626
-178761686
244999428
-125298680
-548043560
-272222951
238449071
642438018
-115462866
-702278247
350162492
379415851
975705719
-316587681
-943706406
45656180
323631369
-304981495
-793696779
-652600702
-162243825
-39707810
832282383
-39437306
447147286
532306009
-76997301
-453329200
-316069191
55152000
-704839585
897363249
-747704356
940459901
-726441352
-247424931
-974126810
931360741
9504460
-673983155
-804495625
442396095
48257908
-662028885
-642125065
-769740263
-389050201
706401713
978877577
-66585575
-956419511
-178652016
-233239589
-263355781
-97098216
498172425
-820699180
-186348670
541832770
197248677
324474168
-723708132
552255250
-301425914
-936946197
-20699165
-856395860
-278067620
907836603
-581168635
682189583
-703767638
-920196105
963167034
822450580
-805956110
433182939
348913641
-714493331
239285505
-189008709
247107942
437856927
-397010319
962458393
-355494993
296862802
627373689
-122613447
921101353
-263849526
-923767917
-74771753
-70225735
-960961454
90804075
341399383
735169399
-495526139
881902818
470879583
56631170
953872261
536784429
-621520141
731516321
77246608
-499043159
58060175
-410125238
230484367
582057322
-883077522
-894041055
-77507918
-635475653
334422722
909659203
865403204
997177585
77150808
397407395
399277621
-485673639
-965380894
-531446401
202401267
954256629
-406829369
-45778673
898626585
333633211
-539411662
904384263
-871669069
-94472019
338778801
-707473261
-550466726
-399535254
-620167189
-444504805
-205757075
-50706515
393782879
424424815
13246237
-980871790
-662855678
542372339
-438695145
237440623
-326817647
-392306700
-446175587
-852311622
-5844392
366832099
325520657
-720441271
-183319805
-770321510
-946209570
-61504815
500886521
-203558688
-526007075
521888064
580540616
-146528215
-72149848
349513078
910481688
-58970253
-53551626
-327823921
-572455818
-16744023
-951272621
-808557512
-863361354
391173227
-338145439
-767037016
426818285
-877825163
-44582987
-122985541
778127690
678721785
361830848
-498886733
726547072
-544595905
-627250431
-281580922
-243292511
307733283
766549770
-293910588
74022130
188428462
766638927
-382026694
192551800
558399719
-620844098
-495566556
-2763003
-816791980
56749224
615229614
256682690
-282877234
341850387
-165929336
-57337679
-466349100
287906885
-195805312
159060500
-781704724
-2623446
-803596798
-312805423
126542523
-537430327
-170121544
284822149
599593159
739518517
77385630
483412187
-494517071
-544643737
950225615
800535511
468347938
-104715543
785119430
-243383394
-601937573
-945945711
-427442426
-316937958
9282420
-904498262
-308425346
445751148
-726694198
181943967
-807011318
-876458350
618635534
-677789299
439269065
-179841829
857449323
36859200
446487883
300031868
-58334110
422922413
-27572388
754292273
-295123639
209043252
971507018
391296593
426971609
863544306
926956547
-917113843
-684362190
714815608
-481656433
81809795
-186650710
-784110307
-160178631
-279543556
208309254
753912585
-959972085
712218160
819456828
37977579
-284427408
-821440363
364550272
225382884
-434316737
894059359
531532094
321636194
232871930
17828966
17369436
91140117
521496307
835178717
289033754
-350890150
793115621
741520026
655881056
735912011
324394616
-765833197
-348230212
-899731197
-812294930
793951544
471702568
-301628641
253952764
-929236410
-538532764
-726050279
702001088
987020655
-993511486
-253296802
-853335532
525665497
-843483657
425465417
555291545
780813824
-213968043
676744732
-547866048
809860029
-999737588
-424359286
-847551907
-530314645
90196032
-219550180
347182187
714151760
229702813
998036505
21427878
-281678952
-113306488
-837621084
-278914066
301110700
-608157373
-328025630
-519491823
146574686
358529394
912630260
985549864
-254058293
687704125
480486488
-844308440
590948379
-259705036
-819288896
895394790
-21251445
263630217
710296205
-437920175
220043814
-466881247
-391466179
793045367
-509168740
959628557
326397169
-503909922
343387275
-597487302
-286834348
-417432921
-981943783
-217680818
-209112567
-913889615
-463410995
189018909
-369775406
553367632
-923833455
313180748
-888751819
392335489
327741787
400394179
947424565
-226687063
11896390
537769082
573852874
243122369
-329011551
79224892
784961924
-496398777
-530600248
242806021
333496223
126616512
-675479218
-473659476
-744709526
-804889709
-35514479
-965309360
96199994
775324788
-800364620
-233817773
-624479434
-140971991
493626099
187175013
174886823
401972832
-535671127
774196053
583772225
267854112
-542101961
-510892608
-803965947
-783241066
36402652
305629298
-412143583
199323454
-273083749
-828770916
211217498
92398705
-314403834
-177664276
-838930333
-745315927
349196976
831083317
780365660
51431219
-772737675
-667389206
220321723
-291035822
394163300
931974197
740111227
-648469152
-21833652
587124630
-422425003
-507339019
413768067
431999789
-288068598
-251690074
-581168635
377715057
901337003
950684702
452864363
-230167323
-661600887
-509314472
819006100
-56743431
-166145246
499775595
-819342917
-934333368
-844794066
-353676660
-297322423
599517996
-258952872
772495287
921781064
759357212
-669364979
87747403
-447416920
190004928
-598411355
948595052
-465483713
-516714106
-424803665
881239857
318481542
372577420
467727235
902434565
-227524630
403646652
-508693292
419211753
-549664938
522543630
-27436690
762781572
247252979
957007557
338330143
-656546051
-945539246
-922268763
589553808
-541431971
-513285172
-390938506
-83361693
827782640
303816932
-785889714
-352067689
423815467
-36313956
517173204
-288980866
730918851
-547613920
-336648725
25672801
690248467
888654980
138479879
-789890010
-808730399
343741082
556436916
674077359
246234047
-733275952
518389786
-671979120
85253653
118457530
595802575
-122558839
905183060
771370500
-232319778
343362629
544637729
-602981733
-434039730
85026299
743975073
-852465766
-159011014
-826109476
-556890830
-400475641
477684507
-508306928
-8346666
573653966
544192453
560627262
261827243
-640875297
-862442053
-416937067
32445854
256327943
681329552
-195377069
457240728
220070261
-785980204
-427504731
315944176
695114187
378482915
762148642
-400579543
878841226
270096173
617365845
528776425
-25323397
410853172
48449895
671755736
574386331
-271883787
-483312384
-618861317
-191750221
-503318560
676041260
503213317
937816954
912436130
-980150932
-22309395
-596367429
-535105236
747293743
110052445
40645242
-241246326
-122479512
-496783433
-410014991
200812448
-865798754
55174722
-367998067
125352851
-139320109
-954297480
-948479465
-80591367
-781042922
633942867
-597768431
-860187723
491770281
358262450
362292801
-472999252
-44172391
567679728
-765951566
141656010
-354223251
912630260
921164360
162136522
460843587
-864037438
-572952643
-961740771
-299799596
-31828134
196860885
-228274955
-347791137
941294082
871297612
-448110948
-802802708
-771588103
-232281471
197737983
-987130954
-981242050
-714129356
-550165790
886904198
731000521
-6665544
-200264413
-756365615
250717909
-526364707
891829108
904074590
891564687
82986534
992543728
819539121
-626638595
710296205
928703611
989447204
361213321
902894665
-844403367
-52968771
618370088
361656835
57147942
440032199
-265621145
422852369
658092174
483513654
-933744013
407261348
930407047
-985592054
-906581372
-733624440
-568591255
-413228356
654147498
-821305709
50976150
667517346
-936227254
640178353
270255624
-835154397
948728907
-279358703
298743441
131192854
341140564
-902092551
-963568200
-120918843
909842492
349348581
632426824
88872967
-648375720
648917691
139641198
647760894
948800421
-134267560
-506962013
-669290705
109601497
-547232275
-232034147
188153718
731486021
-99976466
570439017
216643964
-304617294
479178756
-535835980
721208936
360999127
-199617080
-598238110
-41231521
-502397027
857267812
-823795423
-107158123
-774763878
-368629960
-620874759
189391990
-127524423
922332379
-689227066
84480759
-62664561
200163645
-520561593
812731385
-875576926
-928820111
-566447817
-566947552
325954379
-926242233
-888027862
511041139
507352466
44654977
-54219484
-565195189
891829108
-709744653
-443404614
532508183
698179720
587667618
-187542707
325989689
328092733
133033124
-425258852
-583852962
-695497683
-975163342
394519291
426348478
-320888238
-901263517
-438660425
600836361
-928875432
-756758689
837746328
878611877
-3268328
-258594750
-860573384
-927069130
262889843
703653117
-832663339
899420268
912412979
-498609074
126116282
597364857
-283079861
285893419
-645900858
300089982
287096742
-936080687
-483370957
-563382243
512763768
-689361475
324563702
-601472388
141802148
612627751
-917143597
-722362087
-826132292
541832770
360673241
32481526
777150524
-510984481
-819600536
-367627972
502096505
765055704
-435095757
-829573548
976288819
43820608
-272898429
-234023007
-932411399
936817814
208780108
-124463312
-665367112
49833521
271085931
72902224
601869465
705333315
513434652
-306642457
-334247964
-533921963
951757979
471173167
-660398208
434022067
267735636
-807989285
740906525
-399275952
-297839660
-669885905
659036612
-496297012
815678499
272433429
-303915452
-566699532
273980484
-352915284
417494299
-587905145
-304155706
-784061899
732957444
407552617
-154358658
-91769761
-115941814
-298490519
-59123344
-768776226
280494788
885246902
344563463
-284289301
867689316
176077148
-188771502
225371810
-564568477
-916180568
450034817
537288512
-161038488
338330143
259005526
42440922
-944885473
441219140
948133957
463852267
718437308
695954287
462009653
-822955478
-700645378
242111895
-361604383
-486459471
477234875
-730126741
836211985
310256877
-147886882
-553249801
568230261
361453289
-825696697
-654717900
978162396
-970853679
543300434
836727038
49886419
496473730
14291035
433378481
347414431
-631383885
486996596
699426615
-495194310
774515679
-25980067
205467852
596890352
-611034584
-985314023
-657702315
-129921004
539074956
37131457
107039674
-754732263
342391903
896639632
832032928
-698940099
-138487169
844019364
-554873375
-965631107
-102119247
668328548
22218634
-740394488
-459192398
940069713
-6644532
827003289
590612153
-884504477
332702927
715339445
789265614
440559153
-801604768
-590362121
-431130361
-388322609
678200184
106936453
592043848
-703124926
-466664085
-820360657
922247882
105092923
93283103
-249457679
-292045847
-253511075
245813505
-213361042
272769757
244727075
356030465
-400579543
93300346
904225069
-658234228
814048599
957578730
185714783
921372349
-451526392
626269163
-828159084
-454783573
528994008
828270766
205363716
390093528
-623137994
-788841429
653343295
-240207868
256839679
-101199273
204227241
330956266
-890937274
219869181
-573541228
803409958
-74099464
116154169
-827076147
289170988
-95207637
-241030751
-660952515
-75478592
-243881653
-441658788
741222369
-113541228
-966823190
148166989
81653569
-963455136
-716402360
202066271
-759550816
-214122545
-732448117
769332961
241695110
-569604129
-813754335
-207594712
-672153022
-61293317
485936424
669335909
464729019
731626648
936666701
665468169
-889641303
-906179359
239378344
-585477548
741292274
385346926
859180125
-17759531
11530465
340152430
-307915884
-572302634
-302677735
277672627
-359083171
648756082
398906257
-987028672
995720720
687033327
527301574
827463410
766249895
423384640
-539592470
-101432485
730373094
197737983
364371409
-468880834
-266772509
234965323
-520884897
902141746
742459216
901388856
-676429217
-998361272
991150944
-814804512
-899138013
-615687059
-203418297
-222405807
228852970
-978394966
-595056048
-689564204
568340253
96697698
-703328728
-155013781
28893131
-36361323
154384832
976165609
928766677
350858807
563707875
149620875
814322626
-568219408
-557651866
662948333
-191831703
165531534
-939906909
-675479218
-483621340
-582520796
-729126546
-768614311
204521538
-753836541
-205324005
749994148
337447399
747310737
-640492916
578368879
-5189331
-21592392
-252474858
627574032
-592597876
-446939370
-190383571
-898892905
33768249
-52823880
907836603
-135630257
148508204
441677319
-745434375
707748384
629941640
-437456429
-625481730
-445076032
449283820
982743078
667772219
525596979
-168364477
-837193612
758261583
-470145299
-857602562
675311625
386049077
444391836
-672855284
817264464
170824542
-551450108
-580357642
-519714507
-239104913
367862081
996813129
225787127
320379469
-799338818
-517067595
-402581942
-679531238
880722550
195390263
406268327
380633275
509959432
83786917
400512043
207559857
-224757367
-273268615
-415902941
446781974
370368889
-499190814
457211403
-648549543
390277697
-481453622
703478749
-111505483
-627164578
-596040286
-708007627
-806354413
-117159668
293498826
-245872508
-980272735
-179870164
877313625
-335472748
-293588790
125413690
818458007
-156149729
-141755002
677846371
717011908
-382530840
928384249
858279383
912436130
969853034
453911136
-623282453
-143697778
746453025
-323134719
118817047
-471606583
162736929
555844077
-280087953
631677305
139621790
-708473142
-132790120
312716511
492707266
-921951110
106376750
420718961
873095190
536246407
-343444495
874866714
-759983781
-978866453
-762449934
-953204291
228244483
-307321309
-573688238
459678138
-603787092
852321758
-22618746
-512222729
127756060
679208878
-724442626
646183237
208633171
-4648968
245393060
-956911676
585342343
-625053459
616084763
292829339
-441798181
118656668
220070261
-455096708
951820199
-53028626
975110009
980250966
618141034
-774498281
457846128
809093338
952627596
380693876
-580140857
629271593
726983453
-944938000
-501589300
984038763
-453410579
591885449
-409611469
912305078
694613316
-431412502
-316534659
-212629756
260908826
-494523094
-997809798
173801761
-868656255
28819163
878611877
737926151
510918718
-878008316
73491245
771080318
481424701
911844746
-28217328
-275254021
-291185806
-186527964
239229868
-636196959
902463344
-590893235
-102174525
-227551970
392096914
-928730780
-329124217
610565451
934505872
-562240583
462575124
-801632623
-560033512
12277440
712329475
141827010
-981806424
285702880
-787256604
839595636
-446475271
326663279
-265693214
534106991
-336665396
303496438
423654904
-619843836
-904307230
513932018
739623859
-794986265
-614274410
555437454
779773964
934668821
927529175
-390785136
-560210922
642331089
116107606
-553727705
848833308
-542807465
-130438561
-415226815
101287771
-428809340
-764150083
243542631
-892926702
-456744232
269131385
-619962571
-805956110
93407959
-175132049
-567023045
477998772
-178704267
151947321
-849334438
213318840
-907752354
-851183139
9693545
295632924
785171352
-947120428
-311460177
807121722
-500092876
-403554012
-677402340
951143319
-677464846
-620775652
-271816584
-241624112
-374189203
940333047
655881056
-885348287
684122431
629826617
585478102
310749867
804411570
-80215043
624497064
-896470955
-168483349
-886766865
-101017636
743478031
-195493244
-893946044
-610935499
720518510
584703322
-96662688
304444088
482602189
-480807662
-743041358
-27867992
-965687628
554288821
756675690
-379184050
798016177
999807169
-767973663
-800050366
959712524
448067686
734121974
-767374250
608094225
-752425360
900517632
771603014
-641383641
-418104622
668564299
-263787322
-556352640
286759707
276252173
-139320109
-813237458
-583472323
-644729472
-748751423
-239723272
-463595925
588417762
203019208
179244598
-669770196
305453471
-694790672
295543606
910965223
767392722
963218474
257570906
-132289349
-943394839
662129232
-413042466
700787404
-340412132
664185446
-568700057
362684535
-420202383
104881534
286541945
527985502
894245062
522650241
589870460
-620471764
230018081
-472040965
655244180
-738972239
503458190
-590769383
456848700
797015937
-943912046
45309623
17938495
-545996364
-207366748
-660071488
-44172391
166069646
832922567
-616651017
585022398
-788175560
228852970
359443148
-5312221
897604586
-636695667
174666117
833994084
-459640976
126690729
-565559978
899021504
887322923
-148305319
-690795049
-232156007
-550466726
-710804804
-756419354
-3297143
-998158082
-545240346
845723471
-270377242
902717684
-269443338
39821780
217210659
-242023899
-603598426
706395409
-114974416
-729042837
136544334
405064827
-775588784
527140419
-297448686
717832475
-105926606
-961474307
-383103733
-224702064
-826342042
-152324951
29659797
-187923416
-760399601
-927885466
-595279101
573259760
-94958437
-78759896
-198528690
105766007
-144320837
-950910299
-596835767
10151617
694810661
637548549
347182187
211517311
-790261099
-830151798
217677019
728427198
-133704400
-636196959
-855831712
-733053438
-65960633
-356565971
-843891066
-603987829
938562987
279221678
406555633
-966297647
-151224369
-811666642
-500767941
-218282713
494971167
454328406
31849549
98408398
108006623
-653975117
-822214108
48080549
-507825979
12442740
582377204
-474567757
306716507
-160388772
-909205142
-325815290
-291709582
-153495962
471325097
705382011
-937890464
170784666
481758084
643171518
740124088
509320084
-333659584
470879583
466826426
-38848651
732561688
222193120
-82805
-253554293
-98118430
160824200
321192142
362793912
-541336853
-427813597
544764139
-556432816
-248044963
557678343
198406396
603836803
81897166
845825650
-404191508
-31279841
395266657
315251111
-26018017
-802304343
-199287127
-798670419
328070668
-292797093
281551431
-488845530
557715354
239357003
604807954
-428741091
-265108590
70208539
169750029
-244298044
-711738370
-257551138
207671798
-799351782
-310604047
-944905814
539255000
-359105868
-299632552
-661268735
-461595643
400531750
929485878
-208591286
981174567
617734177
-73483036
-174820627
16077082
-946489941
765032990
806024871
-204718039
-193057635
-209336533
252387981
171373918
-579425014
-381551578
-964790324
992543728
848439147
-527168771
749147165
-367688909
28893131
-468880834
-1950506
790028367
140959296
-847317162
954258674
-81174097
963958523
-580378171
717011908
-414398882
701883213
708954703
-102174525
982839413
410202321
-732448117
376015421
833921829
175903114
-51624473
422474468
115529510
577560967
21757363
-853848299
632607167
-138765934
472961560
-899539923
163073358
213949047
302347192
-249583968
391173227
932009462
-636101841
-475443024
-794986265
498819077
-621593782
-239982584
310349767
171673570
-593453515
288743757
804032773
-299343988
508708259
957982019
303932433
970062899
-233280960
-499752546
597407085
-279387567
-56743431
-924475880
-522011422
-190030895
667143787
922845150
-161077139
892174901
-800548853
-581168635
-969122296
970394838
931183655
888222951
-627088595
886303551
-118173484
-550939641
510565848
681329552
55590182
890508158
-776421222
11530465
-286487099
975871822
313432021
49886419
-404787788
103261931
-980507943
-418755453
-323310055
903929610
-154643797
-864672308
475660868
107438473
-267792296
-374699241
855337010
-735600312
-83691174
475383683
927309887
-69865468
956080529
80694852
-346146593
242496167
-260821301
-449116981
113069901
13892302
-269344670
-128504550
712972017
-894874165
400811892
411304387
-317802273
-582802409
-67442517
-712697970
857559292
-362763992
617084122
232812895
-24079622
-823142256
-902215994
-348628513
-350739870
-903262545
984282344
-556824565
476267954
-415826907
-372693183
-328783194
127891235
-924916371
-294657869
-15703723
-798027362
947050521
-607572145
440302066
-566578094
729790177
-475303770
922419693
-844963375
-257551138
-764232703
-668879220
-814708875
-620294098
-73226492
-557684309
-87617934
-460396764
731829846
660515113
868847642
982925581
732912232
359657472
26181316
-908960724
806753516
-693332149
996749522
-436288672
-687669973
915473516
-320949908
-36361323
27331027
-5098982
101880963
829177491
-792372411
441897465
-891417736
-924836205
136544334
889275086
363557322
-285325963
-222388989
-98903321
-781042922
-891248985
-380901214
-333999258
-480207374
660256155
-31279841
-896308077
276674938
-84835403
-559839531
-739332344
56927179
-740416067
942579469
907434766
395350204
237735437
-653078888
-17578205
-558414116
-748225149
647427403
-718236335
-363991362
633856586
917931986
-176740335
-207937365
-765508735
-889309338
-942085139
662444545
-657733074
204162888
205899527
-907670871
306509459
-933984954
-492750499
317238977
-158144625
-488403650
-104715543
-648804817
274699542
718382941
-582118550
999561354
-923240639
-828542219
-189076596
762915500
-393762974
1662814
-928613204
-230698791
787144935
-249490337
-249991755
455711078
-746690039
-984323450
-253051612
-454060255
-322300808
121179777
-761578368
712421912
391296593
247338261
-229559584
828864531
-193665297
596858885
-38018208
-265242153
-307939874
902720298
-59058994
460622359
647982138
-896514554
319471818
782660898
-742868923
-106454085
552712947
-910190995
239760663
-430579266
-81813180
690806247
19944455
535784109
-353201822
-27693037
-34690564
-413670125
-553791229
-715411762
-120857664
659339144
882327591
248848127
-105846191
120484844
365259353
932088674
899351487
-313391573
807546309
-457289145
-613449529
809818471
-5817025
-342190868
93840110
-651973406
431659692
314323079
-542650097
-492179717
-920158142
-604611674
-685411582
-248836207
987429735
-126359387
610728862
-38937959
872432776
808079760
900339147
-336141454
-614247969
369727105
-984975452
-551921215
-914558993
-751685537
166541639
-371643029
-558278035
-39490925
-96939596
956152216
-426558462
506115166
-610255173
735551945
-827312437
-614543750
294962952
-34754773
47658103
672254095
905829436
-280416368
181713421
961953341
426731494
938299261
-249661021
555568510
-604226879
-105519895
-792410074
-261292359
634871398
-725953970
871587803
689024523
169485962
-138487169
-759776939
110517205
-314726953
-304837099
-694905648
281008147
-453924267
341335794
213739292
657630585
-128776596
-406023749
-222238804
531391403
-585111955
749810906
-27572388
514672038
-709109539
-172964404
202621203
-32860574
-699596797
526053731
731948697
292696290
-447248868
-873129859
-96074914
-202946157
-679597414
305161619
47435427
-369553931
-299035722
-821086253
-808177430
658581044
-767123609
848751539
729896543
735726223
-132990497
621368241
-896308077
-278740900
548674300
-517493656
118271419
-505155798
-446764076
-702927440
439039038
218859733
147397737
-231689622
-386206193
-239596767
17708119
98889674
-285638371
-452953498
-966285076
-413784270
-102312089
7422341
-433687648
-173198994
696974852
913972263
981115758
-988168364
120866115
31473523
-934750978
-835106062
-935168265
-126445898
-390501390
-203495521
558546973
-758482683
203839035
524018959
-238918322
-73207628
586691470
368398030
-716226698
759694089
345285386
139051883
839830082
-352835398
-513973915
601242986
-306148660
722807663
422068054
-574768927
207735042
387388135
241480215
649165983
249603140
-639177773
36345095
622654084
-268857489
231702857
-442987263
-425472471
-23431912
-758857052
212334302
475916800
-42594797
-594089509
159331239
-884221289
-660020820
291614039
741042001
744191817
-270954342
312716511
-663096208
871254812
-814882822
-664002266
767014585
228045864
684304870
-63955352
900481112
-824321392
-173283326
857267812
-845395670
-50041697
-42083414
-215088097
-333066103
-288402709
494714186
483187154
-971203850
-688514662
532195621
-866829406
-697930929
104991748
613786190
-832555255
-786771239
-666729967
359081893
938574661
22107513
-723902619
-470145299
-574320525
-754788192
-951344645
958020024
-789633020
436365411
-567948145
-991274944
-322821908
-146289589
794195691
-330401215
278123206
-909587810
481424701
-923299528
607186852
438934921
-560345150
584433404
-267781199
796420651
693099915
-560649976
-40028499
209434404
686999391
288427475
816588663
-341056217
507104463
788969351
731849896
-364422936
-632154405
725035670
-115979350
999115113
822060010
-585200385
79783188
-567501664
-847052484
-380763858
-93387438
137822219
-321886884
-628299489
-675803670
945877115
-349133250
303776669
-141260604
-163564675
-44172391
446543988
-603286708
-521457730
-765161151
975044004
672024051
202206363
145867878
-108316441
855665563
422730507
-12191452
584997808
566871740
305801960
-346654344
-450120483
616312244
-804572390
-579706086
919686978
466382613
559408607
736784435
464406460
-477972662
-31828134
-486200762
-195301205
988671507
-537051164
-596517685
-211607233
-870301883
124443049
548773703
-704728909
294900966
383004459
189810708
919152286
238548925
720306035
518018047
800873321
304586297
289617453
-79605379
-536544320
230846988
-184458028
128519276
-896712853
540632590
-615148999
567114211
367291835
-678176260
718924314
507352466
-128252324
-954227117
138931065
91140117
588096376
-164041536
703974326
38681723
457302690
661240076
807155623
-44172391
330630113
139422262
666009463
3289169
-329767058
179476693
446818935
-564691764
542924676
775822614
857028378
494620507
-674168759
569959630
-485871906
-197640370
954163678
-548531536
332411874
752932773
-585747981
-579834891
955414831
-19747329
501779731
714983830
277249969
-948994028
69560676
-749246741
-864037438
10597625
-279783627
476464834
793503055
937354323
-897096705
586053649
-911371302
487041935
-168934573
-698444198
375617376
879895386
100506637
198716722
40024906
-120982053
237429210
-254837129
-121790975
-509803944
-20800399
170178247
-719642321
708776410
328239118
919084897
-407351972
943965341
716811486
180951503
-81583527
-766978335
954712727
274593680
940333047
-987442071
-278914066
-428968083
199034019
-242378390
-582677966
384324463
-248812292
76922288
636804283
-853954425
443105773
740660815
311924697
-829763960
662168454
-50348189
151995335
-904629422
-961720138
-528277666
79022985
-856803178
-896419225
729233055
66830120
494194023
-872983366
132932057
-85761621
533978940
-794062773
-245337655
-907306110
-289205275
-233024463
-355963282
-810363134
700446518
927883673
134112245
-584344104
545956185
-984611949
-687676939
578692759
349513078
-82803792
953158122
-981777124
284882143
-325454570
413066002
923811265
-485260203
427936421
-486180549
-981191703
-961505275
-109022643
819794719
-411947902
-141111663
-727752167
228138354
916421545
190188970
-787031858
-498008142
-912925438
-853461580
482903619
796085723
-325009360
512160597
-493464922
85026299
-467041828
18279731
927355152
-701303876
710528559
858004228
-78293523
-704728909
907974060
586691470
-914553269
-933035751
-739698880
-384696037
-703017700
-954503983
838661515
339203498
59217037
268883061
-946042544
358052128
-366061548
-821234352
467845297
869745343
337781613
-539785002
925728799
-352495055
-461097758
206634435
-81583527
224455781
-23486695
663302242
279068357
-452820186
659048478
-136073578
-988256623
-384129854
71921247
243089763
-317874903
613512029
-64827956
993385983
302347192
134583320
-226438155
-20633344
-506514386
930576189
383242456
299116177
-370202402
-697492641
870109662
448798738
-971230595
778601348
-720668420
764334943
563966949
821589234
-342507931
571803280
-74731965
-198384132
179136249
-336297645
949735875
-419555545
249178167
-905548108
251577372
632107854
775822614
-460384956
-392313892
-47022301
220571886
-193532664
288605515
-56624364
-988631045
-877484336
626786855
954910420
-492813917
934625798
-379296015
868643907
490913742
263952653
-850808588
702972537
-175407988
187391723
409599894
-719178184
868212231
-535754081
-538682352
316761494
-52090066
758515772
139588953
-72191349
-16439208
-533781930
569429681
-603286708
-136562369
686822553
668037860
442560004
541988856
-75032363
695954287
645309066
66136737
-356217870
873004426
-273859278
-428093058
-393021998
-29286397
201638945
-746822216
374180638
391614788
-710991270
-118093928
-470658971
107097490
567230333
-951934336
-527169813
-964379975
189810708
-565810350
-703767638
606804938
101531792
490745308
-857152285
-908221367
870081207
997425061
247183871
-84650709
-906627991
-359356789
-572681909
-953138802
-32965381
-809621737
659081014
-51936704
398313027
-884971575
-447701301
413519117
134840806
-301913831
378901969
625482097
-716483146
711703096
266487287
51696399
-404405787
990151912
278891119
-653976737
300365007
-618167969
265452790
-473792864
-150723252
-302432964
557609902
-152900158
47349291
444266760
-708947766
473209358
930671242
-567795464
21812429
751742576
354770379
-241908766
-193355014
101399783
-102817423
354601211
459355835
-847218351
466456750
-715337217
822108526
-141483023
23675601
-917288063
-574517369
111758241
626150393
-549664938
527567722
-766379571
-872656657
-495239950
778711383
480196816
-894407447
-53337432
-435334114
433471652
287853439
-220309403
788843960
574228075
-756953087
858360442
948532575
-524140983
109658647
-548393242
502399902
343165287
-35467161
-286309642
611292235
880142817
868955763
-337006935
-184790183
-733624440
548732708
-316517136
578864346
61942155
693012636
-535053606
249007249
649641971
312763462
-840170809
-610577451
127576041
-827228467
18492305
-917858483
923952426
-710966909
12093750
-589404025
631451218
506022020
-745580041
316435527
-694790672
915400243
-879606144
-720008375
530421233
-579465335
54652281
185592648
630514647
-843072885
587936830
763516526
370736164
867417405
-431748686
-337319345
-55669895
-256711923
-638233084
-647610787
-621176424
770822544
961953341
-735224266
436343570
-77220267
578864346
122388375
-125862277
-598688061
331941734
666826544
-183389462
966811260
976593273
154384832
-931921842
-798816381
-248010397
109021024
192218440
-426558462
-209795758
227556211
-232833969
-691586380
-93627164
97424873
337455234
-369233290
-662141371
524356676
-451554360
201324078
53172602
309272288
-248744409
754512606
147630650
73293508
916842728
1975380
201331568
-547121505
-610023854
62701938
401120053
-560398160
740731858
18564053
473329781
925268087
-707782051
-835000012
-5817025
-423922006
576477644
-58970253
-685156993
-541811035
-405284402
-540710635
50103188
-530801560
-641313855
911394106
-602360244
-3031363
-534703861
690384740
836327585
674410381
990031498
728760852
-269625530
233075538
-197803185
-549874112
429202700
655972960
103996920
-240780913
-636367426
825815969
-870722611
215041274
-917728461
-146896659
-75697016
-441503805
-794689329
-347479200
367055370
240967126
-164735728
-913345707
-917061585
52609209
592756224
-299573471
-546370229
-676804351
-779222171
-258069994
454236697
222233875
965979173
193337755
-278230456
-202431210
-771689226
-690551828
444449064
598882947
-531446401
650434679
-684362190
-405787358
941294082
-792420705
137994558
-268412480
-345292240
867305590
771291620
-346681618
161773699
-182005631
-588027858
782008496
659365043
419795004
201747665
732287266
157367681
115283611
-883914197
566514531
-47659060
735794118
-140569435
977456319
136055646
750364703
30159640
883638347
630402279
380633275
605060796
-232207589
-267362487
265853017
523549640
-240748675
-636998093
642707266
386527388
5514442
-763255487
-801719594
834163700
-626068970
415486982
-710474946
-36588780
-725802315
-303138258
642654219
-950952237
-809741115
-23911000
810294357
-497111542
3541038
-166646452
-624678901
-723902619
861215862
-83176750
448962670
-86383853
-142812813
665676461
-285932018
-415077996
-468041806
785211692
43632992
73293508
-22122946
-360063652
-656444122
491568521
811477207
-808817118
-141111663
518502029
-256552291
-193235983
-102119247
-255253897
72240105
884369885
-279565014
347451295
258107382
-545131637
-443242668
-492407654
-302171701
208555108
87149588
-459559578
416181773
-744189147
867966792
939176301
-270377242
26508909
312211634
112513405
-468592081
-453956082
938562987
752068316
793234895
-319837468
-855831712
550764151
-635786297
-797106219
639721195
-607332728
-641722541
207977261
375937482
-717801118
-516247558
608663932
-75504022
-617949135
-26808050
591314286
624497064
-633587828
-385090350
-589648443
591582896
284515960
-988615526
-431200714
-655664019
-463849547
-117067980
-608110857
77020376
471510443
372874912
686717596
-430908746
-291854810
-804305298
-608162607
-869411559
293438516
285423078
834091283
-556214835
20211611
44999590
-685878211
-955754851
-710819
-441223513
682937510
524463687
-818933339
-63252832
524308929
-927767369
-437324916
-946209570
376171352
930490212
-800997746
-559935894
881443728
-93420820
-363046538
-403766940
683070350
-457404025
-299709419
-421512638
760679198
859419649
756815496
-391280299
235607743
74393895
71490505
335112159
-709506474
217594455
-600992816
-354828549
597726025
-621104505
-75666905
-144526980
21560567
879180746
928082495
-460060053
-542789497
701808956
872987923
756586207
864437379
803444311
-784219543
752308524
176197412
853260392
-886867393
-653235516
-446395228
-672566824
980482235
-599491456
230018081
-43362636
-731854680
549384338
-839000210
-265394402
547723433
-234486751
456967154
665778110
539495886
396726433
889975995
-762992281
893707813
-145047712
-159664536
396299248
-770466349
937443925
-398550424
801845873
471925011
-507049825
200629676
107011679
592847442
-586229503
-745678771
16894177
-917061585
-319470996
-768585680
14356894
621964654
879790823
-676436169
36914374
179502513
-25367689
-259219305
-62107478
423171164
-263164343
-442509500
-763775938
-913262921
686822553
-998158082
280100904
134228531
-602429761
-287218126
-462672454
-784278860
-568768719
-451648990
719353493
-505155798
657183330
87812275
-354223251
-160443811
212746559
545827677
637379818
436536812
187242822
-922051122
-589808879
83869012
599517996
-320563709
-63192280
850926033
-296387353
660151744
-617271662
-463517731
-236866570
261343348
-812182275
494916115
-359494186
18548769
-564427498
150146965
925655964
334741694
348998251
556527974
688362878
-167750671
-653443759
-984451932
-664262962
19276764
350224329
646993246
648168810
-980928912
270590628
730642825
933546244
-6535621
773030132
740559584
-603752945
-703233679
-676153679
-327621395
576441722
-504162148
762302399
761514560
-384929063
478723596
992230935
781823058
994204974
921492868
-466528145
-464518786
687704125
-538719646
-737458894
748544728
625519737
636577096
126584179
812185381
13740904
518379398
-941741663
-125829455
-230548830
905604867
-248980402
-635978053
-458813230
342150721
-624422587
-787197704
445844678
617160624
342988578
-98573312
657983161
675945224
-710917906
128751119
-276406969
-445661195
615859254
-137992589
247081286
-531201273
-520659810
-563382243
247398097
486781929
-768058802
788969351
690354347
425782499
-495124460
-401897011
-75611515
124367065
179476285
-326461596
-754507317
59629745
427096861
781028729
-643420098
757826991
23097741
598587218
-161866148
-15844614
285206314
-973765427
234911151
129223585
822910039
-974698933
-245058365
696166739
-138267109
-226192332
-62645786
-242014678
793891503
174541872
-312394117
-167117119
-877012723
-536618495
-553547883
-423211476
85075281
868063947
926764432
-324942112
-857171984
-418228682
-117364366
-349896856
999398471
-236315799
-840837417
184334675
401972832
499996358
-495206960
453423552
-748318025
-487151327
147928379
-529951018
-134700984
-379671172
255646405
-768184848
811865115
629681929
469905482
717248567
822910039
-987308397
-336731178
-542807465
640625172
-484881126
286099564
141570537
384116971
-295737590
94920728
-470980129
-485673639
442560004
-298456206
469905482
-52180244
-605319500
599320620
-588782343
61871663
843967525
-858488728
-523087933
-804889709
-788841429
913709292
-445304583
907759101
95750459
-378263447
-6735975
-984542123
477476425
152600973
888471530
995247067
-540767340
-646432517
-894124063
-414372402
-72149848
-382083405
247195095
-932799162
831822694
850263032
-243105013
-916496196
-935068271
-294979535
-243506860
-407026121
613863264
-693559414
-378045739
-106389190
167197757
653775791
-327823921
615099053
75715453
-203558688
766142268
-631129878
-401980157
132207151
-39059420
-272222951
-118994296
-538740210
-598903243
44348637
-968122386
751788153
270251014
266715985
-70075454
728149239
-703363189
208458613
929541362
-30382366
-502757818
83223932
742768186
-940098696
-166165076
-382783842
-289282357
-153813411
367481980
443758786
-370028656
-582315843
526405622
-698412743
-762240405
675412800
-503062879
901457020
-822815216
185764060
-150854774
640363585
504521672
-519528786
-177126000
241224127
-462672454
-541015939
-930185435
-16814164
-871669069
917717222
-656164512
-754669809
948270002
584089836
173927729
387651599
-446006765
61680996
734823326
904141747
-886313548
805079465
388437629
221843187
169288054
-843072885
457609139
-467172978
-505683376
937443925
759694089
-184306170
584873102
430984212
15106219
224865267
-369208118
913709292
-565009973
-811220926
-262890785
508529740
683588603
248500741
-667949603
-634361255
-378486733
-357591823
-335071044
-407351972
-38755033
-574269458
-784514710
-120069533
-195732562
459543710
41910261
-743903029
-488597168
638898367
655881056
246349198
470039377
635747678
923105757
988421968
-589478819
-684334234
647760894
870562932
553309456
-560708936
992797534
-327540238
761147053
963659997
-350522461
990540411
-325893088
376219864
83448870
156750851
118435704
508500217
-347341254
-392111166
976753662
-574738456
811829959
-733039323
-561675507
641494162
770222399
745088445
-57652721
530822633
141643934
-340012780
-37657360
338128622
483021182
750123904
-410377717
-401607491
534826011
-399873536
870907626
-991161033
-701920036
574038786
793301219
514807881
639444061
-865899060
-497068412
856969330
-680402382
-512144496
-524976723
408744247
897785344
97792074
-98390394
-299465634
609903875
-549142992
-87542373
390725488
458342632
828123511
917124241
-357655657
60442814
307448512
133344758
806926758
439416276
-983848139
63865808
404117560
-404583533
18834976
159527056
-25947696
683775313
-896676413
-101706374
-230867455
926825507
-594191700
-442145295
979930911
-280167857
-913099751
-245248506
572049452
559867047
460452032
508500217
-575328837
-661921058
-127524423
-788222310
-13762185
-651411401
-789659356
848477638
423977251
-707871042
840915807
438158135
702972537
-977648682
732957444
86272954
803600727
-684048900
585510887
481357888
765754597
-349983535
173011664
-606357071
-375648072
-604535619
-902492492
633486566
270389351
-869650346
170698388
-10978505
289207288
-336548544
-333517544
-900297455
567790198
680937159
141570537
58559108
-389955177
-582202396
189311082
-212344595
414477730
-552901334
127458792
232947710
-848764950
225971828
-231669763
-286952822
211769488
872664517
860709082
-805679768
-812701993
518723451
837345437
31523852
-774763878
544539131
623793697
-340563227
153618681
909754587
251283740
-619464913
-129346517
748233651
40299605
-483912591
495101759
-594214590
426178843
549978247
354580385
-50041697
-838108306
312003711
-601675820
505249462
-961005281
-37322910
964707913
59329892
-535593627
691239512
-880297971
231618360
242362319
-740992647
923284941
219471409
341985578
553168911
-855831712
133968124
-243383394
326485503
-155646569
815548021
-324220283
-642754845
689244205
-504534371
528044776
361612086
-949353846
705333315
742194971
207218607
160404388
-541928019
420299673
752485578
983642700
-555502759
973553275
935089493
-97788111
-833808734
192972539
43239674
-456151407
-735778758
-434509933
543538329
-655864549
727028504
-970131585
384176672
131447819
-236211909
-744885150
27025563
-971148886
745266841
835888230
-241700551
1729415
619654444
-472366778
-286929744
513312641
377332696
-7450342
-852024003
-173856852
652771205
759188447
673771084
-221527369
-582435272
-958695064
197977724
974212970
309629187
-226855993
322970314
441154733
-937224102
-674435687
-75478592
448067686
822607227
676228373
-118173484
-102119247
-733542902
788752023
19851678
-788450140
978936784
106292956
-779911760
477433136
-335450118
814264017
148786400
109011219
321879188
-878838987
570364643
-99922532
-774890973
18548769
-664717326
-506744767
904810298
-964188344
410967767
-496783433
-940426458
-236447205
778074188
-168290556
-855454993
241344358
232581356
-148048040
-714129356
-831315613
781745104
330791775
687784020
287219029
345101099
731486021
-199428316
-856472218
202000028
692521930
788969351
203052314
-667249394
120651170
170824542
441438962
297821315
-178135931
-586023547
-298627962
-324046122
-391581486
-735778758
-306320997
-772456080
-740038439
-483106389
243235102
-584815093
513670047
-253682069
371874672
778770649
736448883
22762780
323153094
572074856
378250697
161968745
90451116
-910960614
-209201343
603091835
-683359902
220929196
110802524
908372660
567844380
-80853508
970325089
270205267
723958634
543991914
913972263
-755819676
-40620030
-32680288
-466488871
694996209
278205992
776608048
-917113843
916767843
535416149
675311625
969490972
-98573312
717802571
-275376757
400646117
195187335
-372633068
-413842805
24805231
732447408
-333066103
-421736262
-999859903
-233686943
-830299428
966434288
-696624533
58873748
607640285
755498249
888854749
807337818
-765567253
831098263
-485955272
877277561
-941542529
-135606797
-391939835
-892258845
-934621623
935704646
-333380423
-395238812
784497778
819510363
-585942617
-70148191
585567583
-164735728
777660276
-163148488
-752841150
135429626
-761800238
-272222951
680626689
-51529899
-124114274
-90263059
-20375491
-686387909
-715111907
-599915808
-838864488
183407999
671023166
-461445595
139009316
437471983
-17941529
-139391080
-815230250
-918419630
-58916074
268023904
-334588665
-137045595
177535561
236794053
997396133
209896556
912913089
771475650
950395991
440032199
378021534
-63955352
-318464431
22235890
-484588946
777787337
883121642
799019635
438288231
-304225776
-268959198
-580049531
341432818
-788294
862873450
-253652347
502951811
-97098216
-781243710
402053472
664485083
-612262164
908818792
805861028
400205910
-72283126
789241034
-797106219
797734457
-746118405
466053200
-543588218
872784055
-355184282
-717395022
458760204
913795238
319197514
-151179552
952369395
523723679
-719555284
117960679
-111776454
-213604822
-546126231
618241313
-289858368
242806021
-99097356
284171730
40550603
945951941
860240685
-978957536
222186185
-549780979
-732600405
-531761319
413893734
-222787797
-672627174
-547713665
986340187
-540596626
214177847
-708203932
-111473125
511455900
-2281919
6098876
932972525
-666790198
949377047
213846841
724709537
-753947934
234332449
-664994010
-168483349
-9962371
198416775
172653505
-482456820
-391873956
-965516098
-297956137
45294538
-76660217
603166138
-289454232
11364801
245398942
604723570
708103976
569081269
-173177079
888158627
298097876
-25184651
-217589192
-909249571
-384929063
-961657946
763516526
-503719891
164468867
331082286
476021194
-989110434
39053966
379954108
838370749
-280258224
180627517
-207309189
-505486285
117183361
389429926
-80459580
277318262
562606041
911251378
-955686589
-96161652
-219884644
465181917
192641686
436878752
-425662692
-321503038
657167842
-851860294
283553615
364044544
-673812433
-62768586
-692706875
190657688
-268284405
460367597
-590261892
-340036325
-346619855
70336641
967798622
194352541
403471411
-577330839
-99240417
-731266415
-365688522
107536210
171673570
-967395827
651527413
-389372251
871254812
349233873
174485801
-237674921
-45080602
-221051625
944152589
-786254987
954922117
294697733
709014336
-897335886
-445105337
71895179
-34310353
632364600
-629342881
816485963
-345494966
-840638312
173875908
528042267
119482852
-356160463
-180245446
522466174
-382435557
529618039
-581776796
-499661073
-414055478
532931831
855180331
352383508
-341888928
776963595
289798449
96491300
887783003
398762409
765828814
-469445561
-495270325
-212148267
-306739244
704037035
-344015240
-370824195
-98322031
-264983094
-295278478
-107536921
-175538039
791642005
-787494006
888961608
388575667
553367632
-647052845
-716614550
-296042186
120895275
516438191
-396379907
-737921072
258542650
-67442517
-357132987
-630396463
3049768
-758322149
167027682
365267047
-107242534
-561874731
262568248
582888928
-311058919
892203327
48783258
805120864
840068316
-324093141
645039298
532170211
-835106062
-246542999
-629477637
-292702080
600229978
-728934622
788843960
622906695
33657981
-982644500
917462867
548732708
287524663
572673245
567402119
-454117671
-599978062
205198340
-662285049
940975596
-992554391
733101682
-518622834
-273539029
-756571404
-90589789
-723388753
-392494198
-416311828
411374799
-361705600
787682651
-396513607
-140111697
-229529832
504942466
561869045
-500911665
-529871054
-906972450
96567604
-83003720
367197500
20317928
-370648702
799079369
-311584580
-968903318
-324085898
606771955
-409862771
-785344871
462486645
845867320
178561328
-331439293
-134273593
-627981888
574038786
978387660
-117067980
-966477821
871547958
309446017
929358676
-564169503
661621417
-274526225
609467272
-851623671
-665367112
533597255
862948249
355131472
89048592
-729240535
430645256
-37521144
-522666847
-419238015
672674543
-715370231
-66018163
-916132347
-662434169
462905890
-849715754
-910754511
704364054
591458517
248128890
368585549
-584943073
-880762631
-430543254
-739673712
-425258852
-465925264
614851747
-822159072
-418388749
864661725
-411000704
958456756
-782526089
-53876479
-480397617
-79625697
-801401305
-17425597
790687539
-538000923
-267215704
-95388840
-551813743
811788523
172954135
-965184122
142031006
132236825
-219305983
-10078738
869329147
-12791879
-478316119
-4297574
74128142
403562797
123429812
4324825
351879021
-511318862
539931518
950699386
-124463312
-720919677
338277569
446409542
-894257886
-504621574
746164149
-909887612
-924916371
628381196
256147430
-683840288
629113846
-609179826
-617195417
-91558998
640059538
-261580304
-419481414
533655693
-850267491
-938135242
-733421491
-720637700
792808012
60756781
-655864549
54271678
-283789373
343480042
-412840859
46417265
-46511305
-827575675
879984579
561380452
-675952354
-185464544
-645938925
-874928359
-52858131
-490677602
-163023258
683242980
-734317076
-975829150
-420202383
321854759
722009308
-292597628
941645283
736448883
-380276966
-764815311
-75697016
-28564330
-257922893
-687642193
-382783842
76602728
-20375491
-29806723
798362163
-687448747
275449457
173222223
371414813
-10284213
-356974070
-799581101
533783364
730619109
847026048
-19148943
-881087701
493928592
-226106556
-94297180
509425477
730619109
62668621
-227524630
-455686156
687139874
-777137884
730591198
375338023
-119266542
-579108427
-406784542
535319546
85717894
826548408
450597407
-332409741
-40357038
-720116414
792745329
785211692
808500112
556202852
240579732
832282383
-854032446
-683946251
-998701412
665113100
471722979
728852418
862566282
-51643163
543300434
767679679
11457735
935679113
82122906
738065240
466537297
286099564
508145198
780861826
-924716718
671204914
-690481935
145934608
-74576449
-421594175
-704251966
988931574
287212342
-952255157
720212649
-327483946
153574217
-969945140
244101335
-683929657
20583548
236468614
-711451909
976527285
479024595
277230748
386239336
687228095
529757323
348262245
494030428
-311123500
-450120483
-847704571
296093890
-599233015
-412420743
-428741091
-245274886
-76006510
-637708199
796945317
-17632021
58228912
525019209
-37521144
-789273216
104522359
-248405626
-797734583
272769757
533122009
-879820160
618241313
161773699
162755410
-524194135
524495306
-185464544
766886390
291660530
148508204
901972106
-504534371
752253663
-86403802
-378813171
165248100
-432252133
335624335
-205276926
857981976
858531296
-686053048
924077773
339069765
-883914197
611030301
-851651461
219922677
-807657288
-559481410
-188004119
701703063
223507284
-187417221
187658822
481802026
-826342042
619809308
-587462193
-340069730
-462672454
-801075627
451054860
-65950196
543300434
452357138
-51670185
204761856
-938159262
-69865468
157695957
-435908688
-580181220
-819018744
-966240317
-298184828
665331602
-330688853
599300674
813940758
-200269250
989447204
-119868155
-861019633
-409611469
-912295331
512368430
-368923612
-985521799
-442026110
665523180
-864231002
-272469642
-234046474
-866829406
-95599486
185906323
-340687045
417765834
931618897
884228163
-854584713
-802454101
557665861
-673347225
867339802
780262134
-467198763
736729541
265828701
480914770
779773964
940515022
56680518
331503194
383135698
-998641166
-248303205
525358784
602318633
-912334634
-80459580
279874006
-538869496
402661192
-293181669
596010191
347719997
174772928
105668028
-361568340
-469724809
231792921
729233055
-854483612
-687128167
396572399
-179227478
902768272
-517446826
-293332686
-71675761
477654962
-38430207
-530600248
109658647
-142628019
-134620193
-72644560
-459241248
876666849
998579833
967053905
725907118
-340311468
289711501
661981816
891499182
-951934336
-273914142
917149107
-697764192
14658158
59043901
855100203
555242251
-309029395
217857493
135941030
219064165
-992592476
-998260969
-276076084
-117446725
-903269420
-99486615
-583801620
-782022282
-116344416
-867594028
101226520
-739144620
-783256848
990456008
-361157482
-567479700
22235890
-405473002
333035321
-817033051
-311460177
22876345
-246626350
-36054698
-673017247
-472599259
161747558
34629037
-170995441
805597576
602504192
381383235
784847720
-416662334
-70509627
-254198665
-249991755
306538124
-677789299
-905615331
802754300
519115547
-90302031
-366548138
398344673
-29613002
823863196
604869152
119329275
919510920
864344805
-736213479
-881872220
-305715013
995639178
1117100
260727932
511059499
783553566
-766919204
-717850295
-729126546
883486930
313422516
-214457943
-368100933
-497068412
481357888
135491636
44710678
372996849
751358968
-23534596
-22589073
835716019
411540189
512734478
158872800
987703012
-889514851
383135698
778277007
-848417845
392482595
-447820385
416359750
644476681
349233873
564240585
685373894
714464629
305747879
779773964
-611300531
5359251
809034420
-181794066
-722106709
6711700
956450142
-733563038
521439252
-225715679
468922626
-738105726
-139320109
84083034
-890383077
-972138552
-381620685
111161908
-442792008
-90424028
-816908262
-750643837
-76277425
-535835980
159627966
-559133903
-519149759
-210337300
223653151
-663723875
875745526
-942897755
281367721
-129403542
-443769087
274359578
-944470566
-613359604
929815549
-895636435
705333315
875745526
-773770244
-667146529
359443148
865181244
293106430
-793061090
528697416
-531211140
-168320781
-162159541
-60809845
894534092
977456319
-21551130
-158054163
-487826778
-639214930
884821532
517419757
-99481240
675675761
681673606
49763016
538912125
689416900
-454939541
143813195
428076934
496631518
608368955
549065562
-541966685
-426066920
895905234
-729293688
-873781310
-239314821
-212843918
-122340930
478420576
21731273
851439629
167197757
-621802512
625574624
-556890830
297036907
710749872
-210608812
-238285660
-290448138
-881444777
514024574
49763016
289157646
-441536877
-964134784
-501131552
-657498283
-545032896
814598727
-184458028
-586094131
-712648245
-496694466
975175312
789345009
807407868
-533479884
742535992
759077402
-110241087
-395948377
-283718864
-111754002
623488748
602827687
-452497074
694249135
843902744
370011267
138707794
-179744699
-216701360
401779344
861854688
-684528828
479726223
-709893148
873650241
-475606362
661583430
-404363024
-436622110
769888866
204986241
-250579070
277622600
103309859
-270009907
-19148943
-288780842
-719954052
-176037349
941811085
818239447
559179323
425055097
292448243
-681555006
855930839
274302893
192812589
-901626613
-658740275
803182126
-755657312
-21437316
-977761600
-293382856
-713040874
-238918322
-672004100
708660515
-728116838
881999421
-839133423
-597487302
-587331819
623167424
554199678
391173227
474288132
624973329
-591352851
252957493
-210422225
181436365
-784110307
892792437
-768585680
-1468091
609101860
-788376699
999807169
-837394919
-920952387
524486777
-369790605
-439089884
-457775715
925080359
974123694
-194080793
945119633
-665795885
190167749
-520783591
149982258
669816475
-909532154
-225261424
796107620
595907375
105535239
901848253
-407351972
885873338
-976175856
560750914
428920189
977202360
-855054600
-872933217
-743954325
369418289
-939664616
-987491785
309919535
-642684330
785328347
785211692
418569404
452532943
-493658266
948291817
281515391
121179777
-806801821
411304387
-934490479
-445367917
873751773
-969862336
832282383
-363090519
8967617
-19808860
623600443
-556890830
892135799
868567148
673067656
529497564
-968487166
917124241
-847577820
-912550013
725775065
-821763461
-666999556
-164414540
-586111270
988025007
457789424
367197500
-444746328
-574069849
-301499249
-115150948
-262005806
61680996
586204622
-997540367
431065555
433862464
985016760
-99608179
271695335
262176606
-829413905
426069291
-154899776
429358760
400846941
-423988128
-144015106
6304332
-551167594
344563463
607920246
613016431
-734249370
-274609252
-318011148
514672038
453369715
-994209998
283701552
462302779
-238081004
232123011
798731096
-132741698
-911594484
-160126018
-193532664
-95318284
-157352676
267854112
-855054600
-400514909
-403977323
-594089509
914137635
-569235667
-733443120
-24002962
-62340645
-583076325
-990516488
-579589708
42106984
-730908893
795504699
-698677267
-104715543
-11009167
-634676415
8164031
405242723
729518919
255003264
250409016
103017716
-697190895
-581776796
53203163
977796543
927631378
-317224870
-608752434
56963082
-237122274
47730839
-186589901
-972793394
-351404045
-256568292
576555179
934521044
136916833
481632554
-811265410
-282511853
-227264552
680050102
709769815
-206003239
489652317
-314076680
721608356
437905796
53780461
379505210
752485578
487221957
334837647
938457298
65992439
733678333
-753518228
143813195
886766265
167228149
-415493196
59390794
68935278
243473508
521349609
39513245
208353105
-562142584
-943849667
-349330137
592958471
201246985
892135799
-590952485
241905699
217609015
-630957234
715778168
427540088
939316306
327277674
-489434552
71381393
207398539
569459600
760035640
-271883787
-47884019
-407010345
657997419
766214946
894137848
486378410
643621642
-909887612
-667889282
671487686
208470907
598697993
906874499
319885449
248571161
419129664
-573541228
-314521930
128216370
-560156833
884228163
-204685981
-154170056
-433687648
11075817
939215710
-191583939
-87228849
30769137
90945012
248447551
703194368
300706103
918140577
499801873
-696485577
660379991
-724100950
-800016219
-383913093
647432901
-717647137
-310639472
458797510
-505370909
-819981889
703571821
-510225485
838150072
-154947892
-157743357
-736851464
-898474204
-75264622
113332866
969490972
-311460177
-206794113
-659424390
206537795
-634676415
-927644576
383242456
-206570654
-695990675
-235988611
199109615
-994371023
-34558427
763736098
-88401575
549733142
-266511654
163297554
-782279262
-194641571
-220232940
-269871206
-848956005
-75504022
-562081154
337610032
849908981
346547388
-272058783
566848449
-113678887
13515818
956807811
-72907884
231281021
632569700
-75110807
-689227066
498109043
-654031776
-76277425
-385839521
-174803946
-581497986
-195640657
-203993450
-125087687
-433650293
817751786
-18729203
803674534
153556498
-991552757
-844830956
-209165909
376739692
233389315
-142628019
-402945759
-761021636
793732020
124830285
-735308486
-753760835
144999003
-753383855
-257509650
909631559
-697492641
-84527496
313180748
445194367
-236018629
-540467813
628170212
-906720184
-397792322
-133214320
-957237585
84516511
446122940
254114346
384551509
-464360748
-121531172
943784683
-951108779
-462548565
-725382833
-577388045
894632266
688249813
841433009
910642085
785171352
944648189
-142761338
865658073
-595356065
803839501
151579581
854284525
354149581
-196912600
510625243
-36460820
-681948714
140213567
411854084
62322286
334278243
230569644
512368430
-100918115
-286034781
318754562
410853172
-680952433
19275235
59693061
575980463
-851623671
-951799560
24728555
413822575
-306219437
956510317
529352881
376462328
-522082082
829076065
904074590
-484790707
763583649
223020280
-365971555
355047958
712368514
-173797801
350475196
720066294
-206065974
665468169
810522428
-813557968
455650698
-359015820
-949675408
-809387994
84178355
846526887
991768889
-278562585
749105653
733011627
133220463
191070083
336231085
699171147
-453355179
-250607929
-947080157
-793244791
-823354152
-48290455
259169835
950395991
696096012
479178756
-119486400
-462803633
323971621
-617794919
-814804512
-697384960
104043993
495969416
765920762
-284427408
-785980204
-555296791
193710006
263660224
-713076886
762165577
550362122
727491656
-827708610
-657733074
-150415552
762412212
649165983
-282023668
135201168
99828491
-414298579
800127760
62042182
334508373
-299971320
-511806046
296329904
798731096
574014451
418399976
-56442123
-147522120
-914468121
-55488488
910965223
757670052
-222114182
-160807083
82164967
-705936873
-983096631
-349022080
-711451909
-342580736
246694013
-340657319
-371562616
734155946
648943420
539707574
-96662688
-965101877
900149604
-238510884
-396284598
467178094
261955227
456418775
-306800383
320736412
-983519038
-578299889
-896160287
768355314
146617192
873095190
-696897381
361253665
-704145606
-432847195
488723450
-191809915
274371826
-772815768
-644377439
65939587
300117669
512214471
538666721
-466443084
-174872415
-892565439
-159632200
202236244
470214597
-349389800
-90346190
-835354881
-551921215
-328708083
729013673
-604117122
-522844599
381728909
251678995
-204065308
562578666
-179741736
-442723481
-961465318
843403729
-183217533
-478476427
-644610105
40299605
-966315209
682034062
-737067431
620658677
672886920
185626028
151579581
430475434
-914653223
339283515
823764538
3240032
361656835
-864655492
-755068720
-115150948
-457534346
-879912308
-340154815
-264239050
699174302
-182765155
447853444
678974422
-806736592
92308966
-981242050
509097015
384086948
151672095
-386379302
-66831163
66332183
86449416
380579725
-163854686
-12917719
-722296967
-707302509
-982551946
979384452
627845747
678602480
-732762760
24521453
401544887
241754157
398701440
-686534900
897741821
-601538253
-457953261
-419424310
740124088
687312585
-707259958
-558773105
-535339687
863764778
-92419896
-482824601
520038889
527301574
-990385267
114392334
-385598022
-229864689
-759115516
-656444122
89974621
-714061749
-384929063
-168701758
607736992
63394911
-218479511
-309456574
-562441247
87210356
-504897850
-935248629
273488054
-359068374
-328300752
-641978370
-693639202
11834475
346078173
-597321850
384551509
-285435036
-921651002
-649387
880358767
-112040362
-528453687
-327420347
-515105513
130554869
326184438
828656932
-667681948
910308991
-236115677
-557249086
791685419
454938755
936988197
135614474
446409542
271983865
967373157
21768129
206677127
-140664529
-559032306
740138802
-735962463
-132528291
878217585
7829747
-387821891
-882106188
-495526139
-853533115
593264662
-333380423
-97586461
-529871054
-332547453
-520783591
-410377717
-361705600
240000108
-547400685
-777367706
-922140199
-486318245
-36219811
-477960969
-593264663
-577330839
183993861
420563829
-799670591
851651947
200993259
373421385
594187032
399944002
-298305770
-730533628
391741526
-944938000
674731358
-428093058
-298184828
-493287068
-642723697
-113087874
-459881875
-309481242
-971118696
469787878
-771046851
-841750468
-610811257
226706809
-881444777
521976006
-726324285
-6404474
427845338
-626310086
651597582
284465384
-435611684
489388858
-451064046
-508846124
-745315927
27402211
-989189302
-831810571
-470020489
318670754
-556890830
272313630
-17759531
994146580
613016431
-95599486
-299555634
-746281399
811666471
-223554447
-991339124
-518032749
-890057131
-273539029
854969362
-9212449
974826647
65396814
463524853
-406654469
-966969740
844089765
-193532664
-854408146
852321758
-263355781
57416544
-924765474
-716614550
-611365378
-16502295
-63592563
-850038333
-421631767
202972592
-627597304
637663626
630572907
958661924
-430310658
869757541
-967395827
149095102
-784219543
208166184
695023813
577387358
782265793
597822291
-217282285
-2623446
580409907
-993214771
-346146593
-727444741
332659930
-3268328
947913335
-370069544
589501034
-201894613
-263646799
-532013072
489954522
-115412816
-550025011
-41537686
-285784191
-63221682
901617620
765754597
-144484242
-791021182
-723083283
749609968
-165641118
-821086253
-619934316
-468459404
391223732
-736435589
39295626
-154386904
103687376
962104767
588754037
34052612
-645045428
-10222843
601346309
-545152293
-788114214
922475741
-106108575
-903210082
-63706968
-233024463
-708116734
785618914
-457214541
-35339252
230484367
-249075885
22235890
-966720722
650884074
871023984
281515391
259590439
47730839
199951355
117498667
659339144
-365137488
-490411850
-521109679
-404496427
-355347851
886639833
813815130
668328548
-329406620
-934633355
839938130
-606410480
-723388753
454201498
-403255176
-685567513
161864852
-174375825
-921363238
922767913
-930016458
810384117
581174094
-360194971
-488272501
-146678415
-266956756
104066736
-191496991
454107502
-222990248
5030390
-429215088
-527248906
-842871563
914359207
635913348
-624542229
394640727
-944142911
-802415168
215216601
-526564846
-372738693
-654019409
-394104753
-983385389
685615124
-503849639
-276319372
309272288
798393078
984607321
-715129953
429976534
913882562
742535992
248160425
-606906207
719353493
735651660
680742282
44330455
-826384876
133220463
707979135
-997487849
-709027287
-257358758
319663810
957768670
-358667050
-841763410
677928866
745774008
981654852
888395157
300915531
-865989939
237429210
-887066862
-143800073
-148574183
831438673
50687254
350435408
872528693
-808557512
-619346519
-730497505
-637669049
-349450576
-433823179
-699887773
54431580
-113022419
943485371
352498392
-928956667
533962314
899783211
689824805
496223982
969490972
-698940099
721595540
-333689940
-117974397
655368695
34506217
-521851806
-622985609
-94472019
828208780
-912255296
-944208348
9474384
589745497
502951811
-353634549
-564749330
-18066014
126076698
32744060
-439089884
270670524
-587215601
55032543
-411074505
783441716
-433447563
459678138
-947080157
-265108590
-744120890
-11282662
-179619380
-375094984
-82958030
980922474
-384898312
604224337
-506529104
-659899201
874337965
-223872541
-907604893
-678798496
-63819645
759612327
289711501
460416473
61078650
-98846219
-95177618
-442465387
-693255017
-394880334
-803874396
713682445
-463459934
936065528
-847477367
353340499
-708807388
587048244
-985974303
76793615
-568096731
691136980
-893291253
787980211
663490300
218755289
-810488321
409801026
394577221
992977563
-53295197
181215916
440875010
-869355157
356530158
226156303
-76813835
141656010
889975995
267375593
36982126
-672627174
574228075
-911090331
-839300712
718585984
-884133422
-295215534
249403913
-70206983
172785492
-849492048
-650413156
-704115654
-793643014
557105230
409935505
699787703
385400709
183578747
-287564106
-840559840
-487389719
629343517
-800364620
78643104
-999583289
22876345
367918669
456477464
-790016489
-462912258
-465271568
153377330
591962331
-867236480
-174990146
-502676632
695114187
-902004142
-610313753
216224665
-237813955
-675048136
690806247
936391791
538907065
926616607
100734250
-757069288
-853604614
-855379411
-745298446
958237479
-839056613
735898175
-192503030
367862081
848980964
-436166742
170505840
-234779174
-697492641
-567368577
308149618
960942035
157594510
808791307
101992030
-828827268
-270686915
289822987
-703432881
260983896
-822252719
153244225
63066741
192612721
632107854
-307852092
-472496314
-616127145
-669364979
159587295
-977796054
256867079
352016933
-556872082
-204289670
598727099
547577979
201957784
499160281
520562709
-715301626
136055646
-358667050
-749962701
686431519
-969890653
-102537855
-568547069
-655394851
949801201
631790021
89828014
914543213
736277902
404679739
674760229
10864155
884891163
-598052478
215450685
-963151634
-404119249
177894908
911142406
990098014
-234046474
-281296252
8952010
-677368374
-559110761
-48408871
320379469
-141518771
-216861602
533783364
971051131
507534420
869666352
172475613
750869193
-805571088
123274274
-875365876
-865946170
-596952435
471537805
-162939692
259472999
-883525087
-16956236
-694253884
-314180988
771757464
867211874
657665573
413190086
627379856
701010820
316344345
331012124
552738054
268314528
-964035659
151876
-609680036
-728128149
-547291937
46505120
-993741519
-470547537
93603634
-184258848
39513245
133762902
-158696114
-467041828
-377298379
815548021
880103198
-994750481
-846429565
448157141
-196203861
-983249917
-308731565
-369458308
-797734583
238442153
343035978
-778841021
-962350607
-264926691
44106806
-412273036
-853461580
336352482
-300143210
904121403
202972592
-849006692
-531138829
-227524630
-360257757
-537581983
-60949585
-39707810
-628433290
812677468
-849334438
-435082902
-742443874
937839548
-319276559
-744120890
-466881247
-627499722
-462973148
162554302
-825431104
644716943
577366309
-773267156
786244657
694535256
-572270701
-557539162
-287356147
-726943720
-403992765
-682541601
482602189
-950803695
20186592
466198003
939703331
958336276
-187117947
527523906
-364979519
237696459
279372418
89619368
287456154
238374644
72454150
548008151
-289350719
327538129
572015711
-634796664
478589540
578181182
-83632553
742661496
-595927882
39146962
-359540773
669725983
122192461
496450288
960286481
34112923
-18772695
884101418
832138001
-848500752
521185082
-451271920
-374699241
528240823
-794532960
946504399
-278427854
809511043
100589142
-646481830
-774866641
732192472
-914767096
-985125746
595421271
284882143
-294744156
-363736972
275889413
431331052
424424815
-477575491
929485878
295288720
426069291
-484237976
-877156271
-720529599
548893957
-240970773
962302917
-10149387
127119520
-5400751
-940717145
-517805718
732287266
-93669552
-631178941
595014
-322907755
-268494736
251900045
934001299
-658819929
-437960096
715653593
732726312
471523012
745817193
-327769128
-537933093
949091182
585931787
-402976899
-470058402
540687769
-155190481
-582301867
-44031819
-863816639
-448901337
-588563112
-370813323
244727075
948728907
-910181272
-379800488
-269311565
583474652
-191922366
-76557239
-369723335
-506109083
896518983
-237143784
-11640644
-741980422
803600727
246425394
594471309
-305340836
-189437820
459805503
769640176
460636485
139232124
873757435
572799210
-670851126
-158439748
-563131593
-374596538
527723715
669941920
465284189
-452664459
451978861
943463053
-884314223
-211719894
-969437381
-238425090
443645249
83544483
-267996087
-604261679
723245846
-10378046
-793132253
-913949909
-953015678
-283718864
-560647061
818675585
53876408
-834025496
323047388
-334407704
810861301
-387781856
-25229924
-451809755
-214457943
-84650709
735502516
-774002595
924639676
-716936931
194015367
817084102
996182829
-595012804
-277336206
-910334850
883375599
-228641118
-282877234
-333324825
729145804
-662224746
272791515
522756068
885246902
684680984
-35563472
540632590
299616288
-732600405
531286257
661621417
-723594596
631919187
-145548128
271498788
935646624
156750851
-970119399
236572995
-628362710
576059571
358892027
-731699477
399733422
491314757
150483273
-161366705
216696023
98283541
-146678415
892632052
341335794
263228672
-632791651
624454896
239984733
315251111
-516054356
-362623586
437958112
158667884
-650759521
417332083
-725660789
-161299195
-906986747
-511572573
442921114
318311054
-184505022
-113831661
987429735
-485459031
20688702
-38994677
750992642
-885646784
904909772
-401897011
674077359
724709537
-680659922
257416819
132521546
-430579266
-47197922
-266723280
-95719087
624258954
-395627958
-575911800
-299767513
-73373025
102073807
-477046962
372961743
618882932
-682082095
-534513658
9847065
409200982
-582694089
-897096705
-923728558
-72149848
-721926503
338046937
982062676
-287408688
-373254074
304444088
-264704850
-185464544
758103534
159980824
279973561
446409542
873445187
-633810965
948270002
479961725
-274195562
527985502
655229091
335543800
-981423191
-673441909
-815652314
-845277888
609101860
-962844938
-23312757
-624217916
-708941075
-626492746
934545397
-866380856
135140762
660703551
-830920304
76463285
898653289
933147635
402272289
451777539
-524050992
440106405
-92633265
11364801
870615495
201747665
442484887
-311966866
883811143
100506637
-260064706
291723667
-470634165
-856054709
-787679140
-638963669
-220913716
-740461128
-425462253
-839835040
-874294579
95565436
-162939692
431460854
988593167
-385227547
864057562
-638584757
-550793401
629681929
-765157038
-488588958
-343670693
800351137
825678499
-173553844
798660432
-549531817
159060500
-706375243
871792566
67515884
906259163
-957806982
-860703665
842275912
-22084254
-545411284
-916540270
-620405043
994093455
32576203
-54241314
965362767
-37623278
84785792
997337911
443876879
-575733972
-676655256
-546888229
969995120
-527646596
848656628
439959064
92398705
187715996
417899091
-376853554
408797200
782174365
197598044
-728025829
-724762239
938217614
-431048583
-654472023
478224934
124604076
205198340
870798471
466537297
-663539869
217116315
949735875
-804879061
887855791
779289044
-680990739
834163700
-120982053
-672668628
907456637
232082732
786053077
-8682781
-538273477
-604650731
33433239
-90486530
746519474
-477700134
129857265
-509001406
-105054072
-113022419
-90552261
-284962297
-687289433
-503707553
-554156279
-111776454
-212017231
965341195
477557432
89206208
-869020360
759592174
480310612
749659531
523317464
434169165
882380666
-346777651
681959042
-839300712
-238245652
208901810
-148865403
-695759404
604723570
-989816691
-109411979
-885130086
-47503205
-310044790
3655735
-127656199
137741690
-295449174
494620507
673301602
-724938425
-385954376
508805421
739251225
-789697078
-422284118
997396133
243089763
249403913
245866441
463339316
-367183582
157695957
767187734
-800313797
-534118694
-300131484
331365113
-214386124
876713530
-678826178
64479360
221271639
-700251201
511103652
-216223262
-139320109
34040255
251629883
-296838589
430764803
100119756
-200887186
988487115
-575800486
-3578800
115098538
-942788080
-5947937
207589875
-898629
-307852092
-440842214
624377889
-36829205
-153831866
-892208613
-894145960
461700026
-324818697
261801617
-650314152
-325359765
-224009851
-247115391
-444938760
-201408119
388834573
919963131
360192772
-979991106
-841261601
186322611
996031257
81974395
358052128
-95811759
-841280981
264507124
544219616
312639756
-307693958
496355812
-532834477
695099479
922447512
659289773
344035325
-534979929
-21437316
-253987352
-205921892
-492407654
857559292
235262141
795399226
-215740230
376377791
-640250935
-372111003
882840796
20917827
221711834
956735943
861133432
-702756208
617903553
-788294
-260487297
375323172
98158850
-683667015
-762203936
-566657817
73074792
-247311927
296862802
869656909
863193184
-940019931
873602172
350360337
558516425
-94876972
-466767794
-979603106
-428854082
-923683783
-415226815
-581711577
-948636173
573789993
123101078
613229054
-931724965
387820874
-495423236
-132492426
-723800789
-809200331
-392494198
-915531632
467587614
-906762952
-973304580
989027534
-522314199
685954656
791243982
-45329526
637473233
965191945
-109275133
-969203829
708549616
262984277
-292658017
-692086527
104684848
-845249114
947076872
-912885019
-390617351
668204898
763116216
237429210
696087161
-898374245
790459892
445581810
453469441
-195301205
-358547943
59279786
907157960
385270713
85295323
-376061534
449530238
-804675376
73617286
-119188233
46069407
-115603859
440788713
-860796128
-507714900
-832371810
-337563470
118998434
34112923
-343921621
-675479218
792465103
853682146
-218653151
-975163342
262080255
421349916
308421435
550707686
429358760
-333799074
187304087
440986998
963082804
679355058
-988615526
-626492746
445844678
-895879600
-588701356
-707407939
434022067
9784288
-481039269
148660104
-433650293
-19835803
-298627962
19716918
827181687
360978195
374927690
668775117
-503985102
-331814665
-774160120
857216643
214263467
704390744
-102537855
-89889234
361773167
-456468817
397058169
-520829285
927255586
807010094
-633045288
-892582689
-174990146
-571916364
-347249771
652559699
-245118689
-749096672
875516580
-347791137
877934183
772941474
-115755505
135491636
630058583
312943765
-237053735
-142558720
237888181
-130888543
37977579
659884673
213066193
98518898
78546411
524010170
-706281322
-336089968
650044069
637795896
349513078
-937722930
469835766
183407999
385166162
692471039
666155857
770994008
-316666182
-561106206
334798404
789241034
-603409818
879058821
-869485434
919638537
-826936740
-411947902
-318849989
180990670
-331927373
6767251
212597178
849060831
-765453445
982062676
-253612871
-516537822
432517027
150907581
622594654
190951624
-437824799
433708221
-829234799
284356708
-847173224
141285852
223717944
-730533628
977076895
-99926740
-49087423
-261380099
638639059
977744512
-976333146
377760960
455650698
967905570
-964222599
413341384
505938486
-311646764
-515248443
-490922268
188785640
867085687
27483115
634287308
452282301
837026179
813462645
-433999130
-292764021
-439853509
840115191
-178761686
57940719
-376061534
-415009688
-66920486
46768696
707905526
-824454103
-646846906
-312816086
-987308397
-890458568
-109109036
536150462
-335177348
953982280
460748157
-49087423
691190486
-823995108
-907068492
-991630025
754826643
492412814
-688243348
696087161
-762724839
369546351
227581264
317627268
-513285172
-757138807
-88475397
873650241
114080514
389934223
-948479465
142678342
209256637
-747568214
9063344
697633378
-996559551
-517625409
-174672172
992420020
-784061899
496432500
193623427
483108207
-341911826
-970131585
841582807
83786917
-960464555
-674707354
-926943574
-912667908
-926012679
-777052921
-293437679
-303945885
-990385267
-468058048
-295774689
-959336587
29171717
-554973347
-261022916
317238977
73867170
101816939
-512871453
866166405
220235845
731560253
-952510043
735726223
-400344440
-23898329
717656499
-463929649
836398053
-615656604
156045184
598860533
-708947766
-943394839
-900712370
246807781
93366104
584219608
-274704919
560197337
-186038533
839948198
98109925
-52175464
-412143583
-644639918
539055806
613758286
-407220098
715053732
708236197
-269871206
356563414
-952442716
232123011
-910960614
-505683376
-191187945
-827922054
816803725
-943241969
870815359
-82041707
-259321423
-560156833
-159319697
-542506373
-520084464
-113870487
998207098
-306016068
989747011
-551109996
882885828
-653757303
-109994073
-969787534
463225354
419144696
-348571483
342051808
-483656260
468956149
558320957
444864363
-423211476
-197341688
-982183232
980205186
761788421
670199286
960907268
424331603
-319980280
694367002
-816709657
-555080769
770623226
-172519133
209858872
37241512
56080558
-918189262
745733632
366673820
-176787053
251678995
622839982
-101065940
-865849839
183529991
-95811759
416840733
-638405428
-603752945
172285829
601659055
-655777511
325466100
54865583
18696182
-69827054
929541362
-789697078
-846034288
669812393
-86578386
28850743
-866723846
86815629
-808273080
-483175175
578696841
655229091
-962699885
-405144864
-958596695
58106976
-169761178
-488845530
-315200871
762302399
541441226
-652099541
-545607156
-73373025
205050208
-686227277
-628412123
-961118870
-232034147
279973561
904617291
-465349187
581939203
759316778
215929795
986979833
676897244
-858977060
-874476764
788249839
307733283
-982820086
172679660
-586917096
559946042
-378998247
71381393
218299306
48471700
-654515392
17556898
583891562
-158339540
739357657
312943765
-661268735
-382142470
141019493
-248635225
-244933890
-709140039
909482816
-732017372
348913641
-884396471
-66831163
-12468748
-64728003
-395062435
-233297576
-587415051
90660289
-180648233
924390080
-764807981
-318065865
4524281
-931053366
-992031821
250251304
207487834
-14379229
596879135
538341348
-379296015
351467980
-642125065
-730812479
593532161
204489814
638420498
898938085
69286112
-580467452
-26653280
-339038554
-29806723
-905154613
-677043880
955749275
-205841263
131052030
487113670
-81519223
-849940583
-134537702
-303256268
129913052
-226684115
186308949
-601749078
-701138850
58988836
-875365876
65468407
96780081
217594455
52322638
726127941
883928789
441813607
902434565
648676005
-976047480
-919577278
124534589
-653078888
-632189317
-570287766
307684519
486889018
829356493
324642879
-388375793
509948654
-62340645
880290501
689113987
-973099450
-720277334
115445618
-579912188
-900146966
61078650
38495282
90921216
34398530
-615039865
60280975
-281678952
866034694
964113027
-40447829
23435288
-282571163
32576203
171473886
262812601
-216427915
-863131827
-618167969
-986787063
-32680288
-50787488
445426158
600454808
499867346
612843935
-76796392
628946005
236992850
-349330137
466456750
694954117
-273539029
-815185712
-728979862
-41604936
-805228927
347719997
67873692
634943534
465556849
-200352917
779289044
169036092
-486903155
-808116627
-843726126
226706809
939637528
-144649942
99433844
-514985166
-589351534
20855028
-587905145
223395287
-695384600
434962962
354730967
-453956082
-641541751
774262573
590891287
-607004289
-201238716
-262068462
-103970342
-295072055
-220135737
205615575
248087586
-935110037
-785667525
247026810
-591665633
609574761
-465441635
-181581260
455346110
767115297
-946871463
912680168
-772376063
-722716097
-722520895
465642112
-757763001
560462968
-100807182
356563414
-87041183
435624078
280439237
707802903
312639756
-493128567
39146962
377268888
-533395712
845653884
-680527809
-574090285
602492881
-61437001
-459952517
613016431
519705582
-993248689
431788760
-180984273
-443105867
891223612
887678625
350360337
-359083171
-247942249
889364416
845825650
-433506672
-316377033
-494523094
164635170
-181694191
980698648
-741103903
-875504763
-576246866
62257045
-6220961
-588349686
-457749168
-553400443
616509794
-834832843
82512356
-735554655
691136980
744481112
-699596797
-769629219
-255362003
-797388918
-229529832
712144383
100946822
-960484706
-262150432
-228956252
118656668
223191734
59629745
656851097
862081415
816650896
423384640
-203738146
-45802664
-849334438
63066741
-208621035
-141839052
-142628019
367862081
53091609
695124614
-731163015
131695962
-548033658
-537799769
-700619114
596591034
-667583748
644146040
439339702
-2985188
674662174
181679562
199341172
134891917
91572864
934155266
832714854
-465813505
-920914582
-399773108
-292908669
-535908805
-880425540
868132876
-577854422
458559534
-972939110
-702278247
-682717476
334977527
-882918909
-844106616
876351744
-300261033
-547158840
939649892
-816717391
129644567
-264546490
-413842805
-83514218
-179227478
52322638
726838449
-487701821
27483115
-549531817
358610548
-624329002
616547153
401120053
104180949
245159634
351975461
-891960995
-25248914
-76277425
701551779
-898629
806351237
469145119
-629740611
366682145
127458792
266145864
-756479270
70281829
979131262
721864999
-183935871
710211499
588375165
-74470667
831438673
381201465
-104312701
-628695302
853119799
-765737707
844662486
899093865
878009480
455578984
-554973347
-612895626
372577420
723424121
213507567
-638776674
-558140614
-840091246
929502063
-572302634
907679133
-222330623
-464020283
108458386
506771629
595802575
283848130
-269311565
478097602
195335004
622443904
-570660464
-617680816
-817498110
591504185
-11991852
-244013595
-178924203
297404016
-872759554
-823995108
546712541
530079461
-459275633
422813225
-861953430
745487324
-847924588
380340390
-355168517
-701078522
-74700163
-101784310
-138138298
552832529
356667948
-936874216
-623420626
9282420
221698290
328333451
-933054662
-213726875
838041028
-528453687
226571852
-869771183
559660410
141738176
117887462
678617282
17938495
-255040859
-806189235
847893914
337607580
155025153
406906063
189293878
247783079
-161774223
79335401
845515783
730028939
-763468950
577655946
-786630992
15135736
-321991620
485705953
9282420
367898542
-88733777
742939116
646383783
30526682
178402250
-86794057
-853533115
-27099830
410487023
-633454492
-962502663
129160555
-661681022
-719222067
508145198
-988727065
989695809
-382435557
941294082
726187484
-563057825
802414530
-373126602
-642288374
-252649784
-535264264
105322650
-974098034
971370128
-205371261
-82195580
487942932
-356456781
-19747329
448830260
678200184
590232628
-987028672
875086446
-712030608
-142199466
-654822060
47496657
239285505
-199407810
487851874
-212221153
909360911
-900078432
625438189
136710705
850510687
-962607811
56519766
-784514710
786070412
-143586944
-629541601
-8499809
417057648
162587444
682896092
371203624
-792493624
610767230
-349560202
29081093
-860901009
656438750
664819070
472496447
775894840
-134676220
177348515
358487490
964518149
530421233
-987271805
451739438
432499511
260858154
-922885122
384551509
-291028893
449340505
569487457
182726721
-322780533
-57033508
118923481
530182268
-368797356
-831315613
903929610
62692202
-968400479
-664994010
391454153
-712831311
-28528823
-940717145
-892582689
731293404
-349262775
567402119
-573688238
-626310086
697580630
-267157096
898653289
-807938071
827575811
-740768623
947728613
886460786
-761975859
-100860335
922247882
346425568
292725135
306850327
799057416
396221628
58845530
-821358646
380693876
-647354652
86805380
-496387681
894550134
-751170927
75681849
-876229888
866910246
-835994791
-751841464
-732691468
-181449750
-1480221
913226562
-351446379
640363585
-831260714
666826544
-816532269
-802150374
-870301883
-57230303
513198646
252707556
-293662506
262080255
-760721394
-364928186
-797912617
-973031595
-260319669
-113678887
228747654
645423782
-211773073
-901083092
-958882273
-559637202
751164598
-2281919
510079187
894844584
308081767
176241811
-281140624
-587857478
27726149
-606084394
-718648098
63161129
-330705245
-951574637
-525800547
894466781
-248156778
185187197
560529825
645119578
900842307
232581356
109885245
-961005281
-88812363
-939944787
-841280981
569840282
-693951748
-87680996
-838275233
185764060
-317038197
870570849
-564725641
479839398
-293662506
-272623394
-355717727
181883477
940879512
152108896
154686554
-906785450
790667559
-69243306
623886523
536043907
-392428835
209043252
121711864
394792783
382918765
896737897
418569404
-34266406
-771986984
-706414343
-850542772
-949353846
-133516728
-974098034
-315011759
225371810
57125429
334508373
82565588
-37394538
417765834
-102922139
416978546
-568795626
936971362
730077674
813549905
-848066120
-422718217
754826643
-126077993
-659307127
846226074
721012157
495114925
534209456
-476135487
-150340222
568574779
-884710381
438009894
-548593561
-810215646
-76037049
894466781
175673158
-182078888
-753344074
119016593
-372700108
965270206
412958872
801882968
917124241
922127439
677893139
713910683
-619060522
-830920304
-245990215
739623859
-412387036
-29806723
692415133
-920480658
762979478
-897428453
228597448
232109755
720872514
490689497
-316937958
-497897480
764047181
-722867825
-344055424
-228274955
-90424028
861500180
-162561917
600058213
-529446219
-150583799
497088476
-675952354
-384688147
781028729
435376961
161968745
846016365
643171518
-375749423
886388298
651099330
-616844185
-596517685
-124737374
-12733558
364518850
-674707354
290500629
867576456
313422516
-530780779
-553164505
-920081481
-505649652
-346777651
-586141966
624497064
-108615963
-113997273
107536210
215997361
648058554
95630703
598619825
-600535961
259444133
62379
-727787434
-664002266
67961552
473209358
-745828253
470599464
-358281052
-959391830
-175237318
-475268547
-20258149
-921530187
-408377002
-318901532
247630188
-393209687
-552584365
-19946177
371780972
-852255546
-165390028
897044081
-715946684
639444061
132487144
610085214
248939463
776020571
255680003
-248222948
219471409
347841290
-403554012
9657305
38346374
-655568769
899847291
-754941079
-948697419
111607345
828502965
-813754335
57489964
-265513394
176327302
-516682533
198477548
-963035538
923213226
286414765
-978335883
-306877236
646740195
247485552
204489814
403016680
166789391
-350537511
-753836541
763365523
-542020422
-955203303
-502455455
-571184567
701341999
353234014
164003382
212552222
-279635398
302721796
390547581
-608200610
-384463094
-458316596
-341533080
-506451040
-913425629
330390266
251900045
999807169
722997126
-25778127
-135422917
-658395667
-902004142
787682651
684841049
-78397229
-503516921
-900137038
156142147
18492305
282870270
272498715
-195517432
-664814843
-837875914
-107600771
-207800397
339069765
-547291937
-679839350
802956887
222646588
797377906
445844678
-812342548
226926117
-743798036
744601268
471510443
-423654497
893303205
740095992
-890155796
-910898060
587421036
91572864
124138350
275449457
912217934
-311638282
-924836205
-71544789
311873105
-890081259
566159979
274873781
-103165777
723012740
-933908604
-94171125
4335298
-693110581
715516706
-137922461
317183059
31256778
-746005772
-212029149
859662567
647882225
-678304362
976753662
-619962571
190906990
419573783
-57235668
683092015
793562456
184858507
-124446862
793222994
-245733453
-852097942
-429397432
-482865991
-951636402
-660048307
-367076924
-678931714
456477464
-526302197
45775976
129984123
-593996526
-559989951
-955823865
-677763521
549384338
766622339
-824529520
-633849406
-911915266
493812597
-747675124
-297759335
931210044
427556266
440469526
-57623667
75480145
673067656
-941454440
-778607797
-874850928
458108593
-623063769
699286694
-284610336
-708743567
-261312776
744230133
-765232858
223551746
-668895850
188959419
592330642
658680987
933446597
-157213280
356873805
-70148191
-656727529
-85977280
-684528828
261714880
198477548
-356565971
150483273
-775727979
-328708083
205529995
251503556
-580263185
821676210
661830058
-411725299
65724733
-325310882
978568934
834127063
-38541800
809187703
-836052625
-665220090
819096771
328740457
743478031
-926347274
272351863
-112348671
740491862
-409464453
502472159
-106737665
-324486685
706389977
174375659
-929600980
151640529
-152555114
521976006
-464518786
907131444
200859540
101992030
294616899
378310326
-904047256
75353727
-310534206
-346126995
191009516
-753549766
546726942
-945118039
-573441634
989065065
-320568969
-241624112
520917879
935190416
735661955
-546852221
125413690
101162245
-518423691
-303800607
650196259
-576034788
-631129878
887942478
63017141
512914173
-578720427
-883077522
-927519414
252355726
412958872
884524837
-21068263
256621129
632364600
-161362523
-171907786
658563548
733101682
623767144
-593590740
-426680534
-142854351
-238961028
-919753713
-381388551
614484719
947936417
439078805
643756820
-749671630
-737109059
190196827
-923401034
840653625
734353344
730499712
-957720676
14758636
566514531
37489524
656511443
-650106447
255770971
-236541373
669335909
-821900822
-796016891
-142141253
729817954
527103543
999947139
38774434
-290035483
-524676517
-891624526
803373591
146782247
4324825
-956781671
903789300
255619281
744548265
550112755
-3362255
-147702248
-833481417
-614849645
48342000
74899219
877934183
874803262
37736453
970836580
110123028
-998100466
-738813241
-761045560
262306170
-750643837
-415077996
806731903
115958412
-551014766
971447776
-988727065
702145799
668775117
41058354
-822306725
459498114
-910640909
-509260497
791642005
-978042310
907679133
-309768382
9985817
-57881884
-599683303
-281992176
764646462
-866380856
-173933151
-172677550
-364803309
-351446379
195444071
266358008
-86467171
-543231923
-452104335
989695809
-535646776
5638371
438262843
847889924
147721143
181240865
-637760275
-951428283
-706281322
-930726847
645240908
-5333999
-606618073
-327199743
732822194
924607618
915302510
229912981
-769723251
514166280
516438191
345222077
330263464
202520137
603250550
-820415953
825297553
718585984
111128205
826043005
-317141435
-124446862
-921870054
-694749075
-357153058
-785211054
-50682917
168733789
853464508
-795870228
-812294930
-969999836
-969890653
584478090
-801010255
-966477821
-695518746
897048289
957530404
-301279787
439093784
-217998267
131010717
-109494085
-117257892
966960366
-628716444
-2589465
-982644500
610995363
806425939
738678886
-617416606
-956308042
-778777305
-569359218
857065703
774594285
830683570
-102841156
-706088717
209256637
-77536236
-602489537
-81086856
-645691277
773575301
-882023581
-165707145
840653625
294852775
305758800
-408498302
-780597546
-724580178
-286685154
-91494015
292172009
932972525
943559939
-635999209
-618439372
993781015
524356676
208705951
276010869
-642816158
-502695501
-378256462
357199749
282619221
-488735509
611823259
893856910
325153258
993960503
-853074290
157594510
-979236492
609747043
-833081489
566943512
-952815248
-263706245
429102959
-110508902
287456154
844195238
342475971
-986493990
-252891096
-498470862
-760281784
971382990
-844329199
252387981
987260538
350662374
-650741116
-681182744
585355737
-550257642
629271593
468058452
489565190
494790421
-696557672
84544605
732788045
65302379
-546824716
-688606433
302011783
-708213748
-298388167
870004411
-651584012
-987916882
542148940
-528218066
-789273216
-581711577
109981242
752237051
506166651
86570609
-879102767
-979953877
849465957
-4572252
-910960614
-869835305
-505370909
474508259
518051140
-120586520
-136229497
-49608001
44330455
89353072
-866742277
-273595980
-675290069
-637593150
-171233014
755921212
659775824
476797660
297012395
-650581776
-73373025
-894706212
149464042
-126359387
-878911798
801819585
770391741
248754494
-964658260
-146404030
531713902
-943849667
-738905306
486445837
-918189262
978877577
-12917719
390789047
-424403406
13018748
966531846
381512803
-351886344
281705151
-686616521
-583511390
-203389291
-607212870
-630184285
-510248778
-65590237
-699887773
-65725206
516900487
-17268523
630625441
801775993
-751969822
-609738752
-518236471
281137032
-730859263
356563414
-253845016
-652357906
153087298
157718746
199724222
194587646
-683581885
-909249571
-533302999
1019656
-20446414
39096403
-502757818
-314403834
762501498
-85148085
-175983680
-487584908
633894635
735185395
-866930850
636917463
-288723487
372974554
364202888
334071672
949876291
-161202456
412072176
624772666
323376551
-708581779
-534703861
-849893549
856385689
-145372795
920118010
-88110252
-23312757
158814596
-315994574
-755349063
892506497
-415093854
-409264954
283103573
723872370
-589557522
-159664536
-921856301
595847071
-693189871
-672444468
979740869
-48134358
299708603
709296977
981012022
-584717113
-75174875
443440353
871086335
-576608487
21218789
-48558893
211651381
-3402278
-685878211
-303434959
536051758
-637887455
-380421983
-853533115
-377739686
572049452
-702352334
-317468829
25053748
523332094
91572864
-930413867
-213891806
-354304255
782643760
940333047
881112482
546418485
-494894617
-268371057
-366758313
815295366
522062429
2996802
369253260
376956590
21350621
978568934
-176474658
530312191
133359224
786554362
-736904573
166140238
44083612
237576728
-525615289
-634139302
-987166744
-904992972
-855831712
-530040312
832518126
321420118
969810156
-381351942
-319026756
-491982129
-79881076
461620306
-33216664
41787748
366285071
-609588381
-435181148
-710683192
-746062639
629883959
224671733
-734993138
216080348
880691024
-209875175
-354041659
-62474060
107940721
-46152152
298795097
-125612334
-213827196
307448512
822397428
-192969992
852976276
-754153197
-518267751
415984965
629475959
716042966
-469828458
-5333999
156211304
-766173924
-778740976
975410729
375617376
443312683
-82958030
525233486
605642807
-69452015
453716816
62481494
-250070187
-877702829
822601759
83234609
691794675
-321137313
146213124
607700362
25384979
-732386710
557425562
-513137479
491837983
-729497444
531024388
309689094
368435692
-335563017
135140762
83174780
-823035360
-788753210
-980771302
928610266
441712190
345602488
-759827834
257416819
676529015
-521434951
-160388772
450034817
98316586
235529372
-347955934
-545281386
-400379647
971197349
-866910220
141570537
-137552055
520449192
964801378
-766619635
-630957234
750992642
546785400
195453125
885246902
-919554841
-79130719
-348544002
519958070
-343444495
-840740410
898033948
360717909
-273474863
744715419
-728239989
-875785751
513575029
-503624680
-116281054
77415278
-324326441
449624287
90486400
-214822581
342174432
-312789022
584941286
831899510
-723708132
863158838
879455301
-137743054
168238875
-195955532
-601521568
-43978406
242441456
-648549543
-856564908
-29613002
-579941988
443292838
18057628
941702901
128838651
592847442
-154933618
-761362816
-633125528
-127390496
-597285327
-896419225
-324713297
497027743
-468728909
617987099
-697593052
-745190165
-680036151
-491503719
-255117447
388575667
533018699
-55031146
-915684841
834246893
840064388
68029994
245653548
413618265
166319548
-102119247
619567431
-880906892
544612583
-628716444
-65398322
-136667381
654714773
-797019212
396299248
-65624740
-790755393
-305469093
17225817
778992276
166567846
-851338620
-217265541
422017869
-7037431
929652232
591445031
599959674
-655864549
518170297
-481905298
-842871563
-401503354
42176143
792745329
905342718
825231147
-352265599
828095440
228384579
750309278
2323208
-467510648
-435151931
-151224369
-716758538
163585394
456213611
65031910
170178247
458014063
-510766825
881749245
-590321012
-47774248
225564640
123101078
744508451
-693845752
179573453
696417650
643815802
315000945
292223734
-416601637
-511730845
-560302824
261687847
719779534
439916385
552845115
355487233
-642617204
635747678
698550836
-348706535
674662174
-763255487
-25447287
-38481514
-254940135
617836391
87332577
-140064614
-305960413
680721177
97884788
-224475635
458577801
-506820885
-859942446
289309386
-104542125
-128937456
169308762
-348837423
-648814218
102545242
279973561
949841905
807786273
621204241
-118226903
425782499
307800807
40852941
-52858131
-631877071
-981524135
546785400
342887078
146712884
-877951519
635951495
-39388669
-150490063
794791706
-608162607
-349896856
-126445898
374705032
258166702
443105773
963659997
721457551
-270882371
-831796012
-53473794
-650661898
850391415
-165874234
731626648
405250930
922127439
570725603
-348628513
676376422
-369233290
-868129026
-227891065
698748965
14955111
185667931
-283358049
-772118501
385051590
721211419
-188987408
552197512
-132064761
330263464
-884221289
-536129205
856174013
-576009751
477052170
934902739
389953681
918026397
173779886
-703432881
-414428632
-329157227
-789676258
836843373
774710472
124452868
-750277798
-795249253
-426043062
-908874072
776664539
-976132563
278636242
743975073
-6147449
693378676
-159441809
489565190
-442302721
792602383
-901361400
-239678289
-87328118
241109355
-721024425
886118169
-432034583
546418485
-256199796
912387582
881546957
-407351972
7999075
416181773
-707353612
786244657
-174990146
-148783839
-306290387
988421968
185945372
433537122
-742688150
800103939
-761687413
758162259
-39580072
-233449342
917462867
370368889
792070525
218957149
-687966984
-891798183
-665043689
-503062879
368189676
-955142036
-337242392
461199541
190059204
815613414
-52632054
574266197
839191411
-941837361
505522737
151640529
377958089
63494177
895394790
260098729
-696461485
622501754
232605166
-715325273
383813354
-162307394
325974089
-101527697
199206363
-952277379
-268105491
137822219
-164115613
-196593965
-75611515
-68019532
315164831
-480936424
-472969017
828147981
-940019931
654345170
-950963887
898626585
770222399
-973935849
893707813
-482416795
396114084
-77016385
450902322
-326421886
398794992
885246902
112819184
721412986
501658640
870081207
-839501783
591627896
966774465
352819016
-375344893
-238777587
125601365
-532219680
-165266583
325466100
479353621
729145804
100767936
259169835
303539327
-865516203
-23590716
88484157
288743757
372874912
104043993
490913742
535483860
-195755562
-516512379
630711870
-101957816
849569543
-318511840
-622950421
482454010
-297759335
-823667370
-820699180
397407395
137643834
-675607294
-856940963
704221277
-38430207
-537581983
450034817
179984212
966280394
514672038
-386479791
-988615526
738437557
294942948
826950539
-809658372
4300227
470574809
586903484
932591689
-950521963
881671883
-636321996
591962331
-349813837
167884704
-300961508
502399902
936914275
-95886608
-880816410
-642125065
-685406846
-336936637
861419976
-585223956
-706832345
28940408
843170368
-572934998
-208652811
-752280720
-863816639
669812393
399870370
283437929
-612262164
-325296007
-423040237
11530465
-675109339
-398951364
663568165
-528288715
908511342
600196055
340114547
-247267117
518747578
-59782556
-14379229
680236897
904121403
-959591297
-558219462
267141038
-778926735
-520479938
-893493277
-41081899
9801511
117812262
-54241314
-907655911
-891843352
443805882
-518742653
159193221
-908504152
52711185
-851869587
614749051
-449335279
258499513
429202700
-194261830
370043662
-443180491
-446615101
-908658008
-664407888
38681723
-456975970
-607212870
415260385
311146587
-146109737
9566289
342935723
-249564667
903929610
724408936
-708473142
547167414
699695435
581974895
-889928272
-919177978
96780081
-112365266
354312405
620822129
-217609672
-692084503
669689269
-692488303
-15388866
471722979
-927250394
-485773539
-64459591
-44279707
834567065
-348604796
-416736839
802879832
451183940
817751786
530466582
26366310
777660276
-619843836
429102959
-742443874
231159709
274138363
-557598713
141342315
-976623597
-21551130
-703432881
-766098172
761983029
414947681
-827298374
-275183555
354068148
114632980
757723285
7352830
-100489556
-343827138
-800278920
-507878898
-982895952
353672335
-815863875
-120176814
-468330699
-798495824
786244657
-449061457
-612807494
-597002298
-413100446
556974690
366307921
448157141
452864363
-278034735
-722867825
438102934
-128937456
561493764
-248405626
786554362
-752218428
-829010252
226800067
-716743269
-126975313
196152248
140115189
439148798
611789692
-198137402
-467172978
774015111
949225376
581712657
618828714
-738262402
-123956717
-397841901
458082152
722191706
-518876210
142869239
831583232
-169980680
-677625108
-433687648
-160388772
133417647
831822694
-864511380
-841029152
144999003
340485175
469177048
-329526060
182492674
490380929
-167117119
-682766927
-615605667
-88598434
684588311
213686187
994305375
190906990
535067468
-897946258
-958227594
-129839300
-166480030
-968889525
-257494885
74393895
-132317823
-695626061
360008882
-892696158
-862442053
626495607
-614120610
151822893
752982740
868264146
736096823
545078676
515197614
-133298596
-712300099
-613565183
886766265
766348574
644434236
-932170526
297702046
736006059
958873704
-826245143
899546238
721457551
444751495
-327769128
-109772008
313468679
-839565052
276711976
-343050427
-357373115
-365908936
-245957729
-247770785
950540221
-159664536
896700393
739992756
545987373
757311307
408238071
603986751
157257611
796706845
-228723783
-780434593
747310737
593945267
416521931
-499899348
-929099541
-996083955
-682592015
-792289104
924020121
521791012
-519807665
938389817
763736098
-564049369
320893909
212791862
-893692022
-792973989
151640529
-723554329
-969999836
-487022176
347195012
-298811179
102383035
400790323
554966410
-80144440
-108485479
-772456080
724395
600793065
-66974125
176327302
-877156271
-873420217
476683599
-600400455
829242507
-209558061
-373634701
-300549356
672844758
675769089
270155802
-935930687
565473536
-438551501
191156524
491340890
-719020353
-747337387
-290919219
95253006
564287912
-313013600
-557413545
-76728132
972525740
-151770779
427601592
-267413355
-270277401
660402532
23267913
-290578346
-572600957
939861720
212597178
-354908815
180720754
-854892068
-748958528
222533489
-203558688
422006
-510455064
669599696
-485273814
-100528752
856644550
-977845157
3541038
-336206450
447150293
-564287082
-583990279
-808118551
461087215
192062624
-700002787
-590038778
-436968801
641877352
-227483776
29094151
476496942
-671185667
-809864035
712541822
266487287
21757363
-983011844
-511944666
550183364
-320349338
273308588
65820295
-32292408
-13509535
-285784191
-85572737
487819890
113069901
860796823
-142854351
-16227410
643579862
-588240455
-61822348
905583927
654790568
382101565
-206403701
596307923
199584781
-60756437
39878254
-363618465
911844746
132910522
335436635
-308922065
768878857
-186826180
-830635054
352391390
-762974964
764753137
290428567
-902927521
287580330
-826727340
-878760986
816718915
135201168
-229590644
-645553720
-394793274
-177885434
-909634937
-727223622
812516650
390403679
-683148090
999688460
877934183
-434577207
46536274
523907714
237429210
214713259
-862590522
-6857753
828775687
-982551946
-490757899
502472159
939309742
-848355236
271735369
-681480249
323560140
-354485015
-481436104
-986493990
614966040
-893084987
294942948
873848471
-987941617
378021534
668459021
-410014991
-145979652
304444088
455170164
-115923239
654593559
-175347279
577802394
543381518
-723156690
198010402
-875330788
-285444921
-71088419
939669430
-121172380
-184620703
367022290
-390076215
544192453
573916354
-430745689
-602360244
401544887
371654678
336179798
110790045
-491384452
-822550503
-875755215
272861755
743834026
-873420217
-84137667
-317730236
-628558338
-632531646
-970059723
213507567
535067468
751422547
913455675
80260529
-361766393
-714786135
-376303112
71750215
-52858131
-242754428
622485406
249893486
41556886
328959368
650558498
569555122
728231501
412085247
510738819
880475114
-386546526
169529516
-908247919
-16604433
-250382957
-398075244
263171973
-366846017
-910190995
-522106442
90159941
-780772993
-205979540
748146457
-454245376
-856538278
624075313
-486802857
554728648
442921114
171997005
-427396161
204739935
667517346
-730464900
106400145
-374105833
42512759
875270794
496157084
-575765769
-692488303
-158439748
-450154976
-555080769
-251798240
-680479400
-586526263
168029506
265070015
-517099281
-687881866
169441597
3257837
289368364
-506023776
-562330028
-229317354
-841994916
-401285872
88248782
-178389632
351029177
-43662745
-322643075
125601365
-559839531
351655078
-807938071
989909913
-557288672
665269621
446781974
-978275475
-347613601
-736153583
496016613
475695294
-296527815
-796782901
152184523
750580333
-64459591
-188485031
-956015211
-270077252
354342284
542737442
611942734
257416819
248087586
721092386
-431109984
-749050266
-535964983
-358153542
538904855
120928901
-383375060
118052223
-230167323
-299250479
-934861948
555626693
33740518
825678499
-662523777
970462041
740807723
634349829
-366674072
336352482
367489713
-858374839
490869583
595421271
-558104644
665812097
-676790407
-35245592
-809258884
415260385
729980701
174113899
-837621084
-609851923
158667884
-172266272
90159941
-354436949
642491899
391454153
172063437
-520084464
-921951110
-718099148
802414530
411304387
-320816796
225371810
-530165750
-271883787
458342632
429736243
725007890
878217585
-212629756
-438857041
271939930
-136186590
226780835
-604637254
762640014
441408075
-519071113
209454079
42215176
269331447
193089541
164368373
736850357
-242275268
-308239987
-736005191
-192305701
646854280
931681387
-334623643
-579941988
955492095
-909634937
27402211
-452333559
165838222
-838476963
-271583386
25053748
-320349338
-89312741
780506835
910190751
-308239987
448798738
-738083487
73384176
974156688
583944092
104368419
978361590
883648214
-34427820
-407641196
987214865
643483283
-920855830
-545607156
-744290640
907131444
-975018101
-320705059
-807866378
-97234288
-805362956
763271104
115612536
-913494703
3541038
294697733
-643334563
372136924
992123474
-914553269
545545342
-670015852
-936874216
-452293295
501409836
-970984266
-252421337
-992793794
-805386158
775786754
-224273302
573405885
51787413
60442814
812318333
-979953877
864661725
717802571
-168056534
560462968
640870018
788664114
-980244724
-599460264
-546071029
-914639134
231537663
833762156
-350846803
699763122
-712410961
-315859862
-387001143
954751054
-872515463
-245757856
-979071145
69914242
152701334
228349940
-134086638
410074395
803409958
34808032
837497887
-590952485
461527378
991891459
-812587312
-813914142
615271385
2644027
814087687
-496398777
750038420
-571557535
40954660
-815185712
865251607
299574972
-338691763
4786222
842728146
484942248
583474652
-979791996
-768167517
286226550
-920323946
-913333462
33574128
82986534
691910060
789503597
922374862
-11884713
53155519
-176374597
507104463
933698806
-481733358
-19628104
271340997
253732158
-840939236
-831638363
-651198565
338758423
-356184582
-795870228
-224357944
589894299
10097226
-77111163
442484887
544435693
-486547433
-707737064
549153705
990269368
175112907
433320550
-389771928
-329406620
-407549818
568919439
410392710
403726775
930625152
454902179
-123804939
469650145
-738601256
-737840326
-316934428
-407734631
-534776757
803757500
-345460871
-880588199
806119871
-699818428
601571717
-745083533
-55727317
-554616694
-28979353
566890863
923182988
-744387356
-635786297
-339452992
156326108
618828714
146806342
945951941
-802745469
963905741
-8896470
-613173305
498714677
822077135
-23415923
-26018017
-939664616
-396798459
827063446
-711178960
-612521939
-352024462
-337810576
850426947
-254198665
632059671
46417265
-407899980
964144313
-409701888
-770420008
556749011
-807408969
208835465
276075482
125690470
268108194
-545928685
73293508
400865468
496016613
-86918532
-752117262
477628910
-307870992
-369648330
631677305
-528288715
-233297576
-594679152
-821006953
296919157
477052170
-524140983
465556849
719273173
-671308181
793780141
-195563048
-16213637
-592726050
598390652
-407705684
-439228171
285601259
380671183
287762059
-251557201
-427442426
-405763141
972692929
968558869
447287782
-480795684
-609304650
-682226559
652038529
81187777
-858575164
271939930
993450804
-938920766
-970434881
-855684474
107132886
167702590
-326672205
-41081899
259037968
511426053
719413091
147512426
44279454
293558063
-936333090
98518898
105284763
800030882
755385131
-912807184
-704599610
-159789749
-312394117
-645317150
17938495
-52100686
927309887
-164414540
-124947120
-148612361
-824138576
-965441690
-389257571
913370215
-452211932
-196269521
-91769761
719949448
757826991
34979106
-891248985
-300407014
763154001
281819824
-948305462
-682439575
-563685361
-915714253
-40447829
-409862771
-39040326
-932205169
479245884
-833770530
-362103883
-495984594
412757310
242806021
-951490049
524308929
-22190856
-208521315
-655630625
446487883
301464921
-30194604
-837512622
342684137
360008882
-728025829
-615235623
847315625
-823007284
220879758
343442643
-453103236
280915830
-436052587
58228912
-59770214
-302199709
-651636698
-707049766
275739058
-387151905
554288821
-378752679
828782470
470196696
858796289
34636804
360717909
9282420
-226427020
-826727340
741384600
-747964558
-438027334
-305469093
-727320079
-4193493
-234860100
-267413355
-535835980
-171949318
20284686
-222616904
905855417
-844569071
275511029
943089252
156615691
192551800
765000732
-466194374
300040813
-813324805
401404044
764996419
-465174981
844295373
967531560
127756060
978793535
-278230456
-256948493
-839204275
-921495586
743327957
542415460
-33391966
-675863131
-859433942
-119312481
-677195419
288675823
-207392783
-690795049
-224140382
-319438310
497389299
-807011318
440185420
380879880
120928901
-911594484
-653002553
302437464
-608607801
196032041
-104212489
-455228335
317705147
275196004
-174211380
-582744853
-582262499
287668235
-282125547
963958523
-576833814
531193800
-178761686
-545281386
512257079
221455721
-160619233
912602226
350513926
-200489951
-250405829
873184607
397506094
-137618321
76545335
177697562
833197876
209067141
-437927438
-831449460
-225283299
540110679
-933266717
658933003
-27194793
874561804
921665134
193897583
-380684914
-305693235
412617144
-365116956
201638945
-605661485
861962579
298800345
130435333
-24599685
-350935698
838357369
-593527603
692858220
-156563859
-85622263
287456154
-501006634
-76813835
-118529249
-308915801
300430027
-436364610
798858237
918546454
297096804
70857177
754356147
-569455585
999452726
-248174820
-452788882
-308239987
-104542125
302444804
-898374245
286330054
201487229
178561328
672667763
261801617
-166261072
-900776944
-569867768
567548069
879962649
-56743431
-878231906
550319071
-899333178
-760319168
-813237458
751256090
-426066920
353672335
-953692735
-584717113
-472480382
779226163
-610479210
683547559
883856247
44524596
-317224870
599660229
-571184567
353833164
329513509
-898441735
342475971
-984684815
-156184698
168768325
163815637
344388008
-611156659
104358124
213318840
197486593
124874055
877459841
-722296967
879558776
801772919
-118135552
679208878
-333324825
164635170
410202321
933074764
-462012077
68982830
-993342517
-231155663
-366187799
926165853
-876121429
-656727529
-683244290
17785206
-443404614
-859266391
-404363024
-638776674
163688289
-888135638
-570593069
-192698031
60661355
-289685494
413822575
259005526
859575772
269586483
-362699277
-692676697
-95970078
348425578
953536567
100365908
-179485175
-770021289
332630194
-294744156
174239403
13286126
-277807072
-731257563
-691232112
-77067984
-773178077
703706280
-582979655
197845742
-546519309
556974690
47349291
152752730
911394106
233705196
484455684
633259319
-240273264
-778223835
472595922
-364015956
-273914142
478145351
331446607
-136996329
-123128698
169945414
-344305955
-787949986
537048801
-19082996
391614788
-503516921
312146751
-174211380
-476146872
341646216
364880673
454262082
274478880
534106991
-272387533
304713692
204817912
650044069
536784429
541659690
616329662
648578995
-969578015
302089328
858106055
714027641
424951299
-113000783
422922413
611983923
524133191
-859529532
861087278
-948875280
295686367
-909249571
-917858483
529108429
-353747624
-205172480
-225627687
-26964556
-229954272
-745828253
102829270
-131078422
254316436
-545364327
165766579
-91494015
-898629219
986133749
563881323
-817973254
647531291
-205876893
232327768
483291532
-191034796
420962216
146877064
596307923
639444061
438664933
117107597
901099434
788092310
432137524
-203933601
-603598426
-471317544
446225967
-706414343
-549302417
-891327382
-466488871
300399441
-268388064
406817994
-645229984
-479314999
-893255390
-796642076
842728146
337812591
883453890
798784562
945043730
992395439
912520972
342212615
200421063
-225815669
-452375302
323153094
64747520
-902653248
-898892905
729461595
75206418
-738445805
484881960
-974538961
19075646
823683691
786053077
389449327
-701793388
397089544
443292838
601659055
731349183
234797440
-631912020
-360240099
-448915590
55152000
-978874706
462940344
-492888047
175743363
-245793668
639444061
623354310
-878703373
-113908624
-575065161
-860367339
-433143557
-210533408
-849538213
195889268
367588430
616214954
835742774
566427389
77785895
-76856060
-999264043
67144598
103819105
129057330
584301014
-824837283
-353207571
762571309
-270882371
199109615
-765775100
438262843
-452293295
-435548375
715676589
-133298596
56023721
-517251237
86899818
-269871206
-956972360
437338835
-901008488
-451934668
738479137
418569404
-251627767
-932035036
-527817666
-788809616
182197586
-910190995
463524853
243688886
47481741
942108759
-616317218
944194244
85181250
-896168544
102882019
-948994028
103084111
517220646
161362490
-865040293
329147406
-823995108
560261320
-249437132
-471606583
907072141
793791036
586691470
475895610
357816766
-6884707
-962076001
-511848812
869329147
228045864
-317141435
94750785
406222680
-645938925
-164414540
-202668866
-515248443
770560575
-801869084
519397346
958237479
-555819844
-45279017
-545043628
737825553
669274993
-632930248
-738228239
-81423449
555980536
-699502183
-35990035
-300010157
-157813446
67813204
-370648702
-494196211
874695540
-346834330
-408615887
111972006
-334800169
-688345854
-950034726
456765656
-572302634
798819637
680399424
733789033
515243967
891829108
523483201
-591946351
40724385
479892604
256327943
-435272335
-197678117
-357591823
-944037708
-555644737
818567606
289717019
-730608009
378651771
253732158
859515356
147868894
979101830
-441560564
-291574775
40584804
-958545801
-942279395
-391466179
-630583723
-968252364
-308479840
512049303
-978905470
548328543
-558663254
-225368893
72140972
349855057
-637587377
-731706385
-413057067
339676134
-150207064
-785403033
-481961960
-811106230
326079577
72266186
-518372236
57776348
293879573
487819890
-414030103
828270766
572799210
214713259
-242760369
-747675124
-133155070
986307994
358814807
-169017740
-781360321
169504696
683846401
-356184582
-870912946
-725911944
-139023819
-383016998
360805932
-970668687
340215660
-555080769
-739785560
190379696
-581168635
183472671
483577438
272313630
643815802
661062282
-749024941
949474573
186857596
-787983897
858327174
38188731
-719312375
345486164
-917241634
754161914
-933054662
82986534
422713646
928703611
714624724
-834408094
-399138386
-661921058
414701941
-594050874
752982740
604022371
-430310658
-961680287
590891287
-56743431
260635694
-884539332
-127390496
-501131552
68721068
-431412502
-212063019
-701470626
908291055
506256938
797035815
877788377
256087291
512867833
-600717926
-813780605
908185135
-455785876
653158414
-395381646
745180998
-852571471
-372281473
422813225
-281240347
-69572241
577174848
-735778758
208748829
-170258447
766622339
280915830
-747337387
186392280
88099979
-757334794
-766655892
-995889530
-524300432
603714684
513575029
367644590
-582301867
-869835305
193200325
-534118694
806425939
-161202456
128296899
-623055984
-163854686
-63494887
-936243786
-214240223
352124393
-931681477
-60949585
-957806982
-939177309
-880297971
236794053
-710351443
-679045932
678249097
-731219076
409975899
-471521201
926702337
-575721196
740163467
9847065
-82041707
-147782972
715461277
-541336853
-115412816
938299261
268344731
230850403
-118617750
-596890078
-332122046
-352265599
61329426
142002620
-337512641
342749268
77277154
-954503983
763921877
499569887
154128829
507399566
938666923
-468483608
648917691
-292702080
-766787575
194691021
-302639637
168378083
368585549
-106667110
-403022834
-383579122
634732141
392447343
-336501737
680050102
-574990649
-173198994
920492048
4242042
853348175
517279906
659471140
-380029587
133482265
-667749930
215306260
-342043103
-41972310
179798163
-437470137
-426680534
-451585429
141214202
64285825
-386549720
-950739789
510434153
-295449174
772969001
620728781
733870146
648676005
670220328
-254198665
360138364
141827010
815990881
329764146
-232762224
-329643530
-163815766
989027534
-711178960
-342821889
950540221
-444817200
-459241248
-359773931
913525770
369222077
583714210
-164041536
531129099
-509377433
-341084050
47623048
155814718
976716943
-649942142
389367008
606368592
-777302899
597904648
659093113
411396528
892174901
784819951
-323943043
625124499
-436564051
871076208
-144295368
240829863
844089765
-483907784
764753137
414035059
-556432816
-601612510
-150753265
-743267965
9328349
-523489318
511656301
424209513
46936814
366730368
-962765203
316282498
-887749843
-385496894
-26371932
-373699828
703528223
787710628
838492285
354068148
-308052008
-180207891
-994669058
499706698
-679511268
-339659679
747001609
-868365821
-926470022
-219550180
157657048
89447813
535177798
799297033
907612201
-31398342
-65070498
-291035822
889072698
-220309403
-793313030
816650896
-716039602
-3297143
-741298015
-174176331
-485139162
735850854
496196622
86449416
221015543
11896390
522174234
-445543127
730155445
-285258168
687947421
625124499
-536845620
-238384362
142958984
-34310353
464615924
143558547
-803170043
-59837859
-727112902
110802524
555242251
-874998520
-502648253
-31144072
759780782
-88598434
652559699
465086468
465556849
969873012
-203081538
717656499
-971361626
-792778548
177012137
62775937
-632959208
-742868923
357262146
-711178960
133878467
-321299963
-572110220
-619060522
-817941655
57344319
-707085486
-60626747
201523477
970135361
464465571
-497587614
318421942
340798767
362992021
-987089543
-656419392
372626988
-689732163
156941718
-531383712
-790388670
-181694191
-132990497
-94472019
-340858931
-126863247
-169017740
109005012
866098072
-46749837
337548181
401404044
-613681775
-95899629
97821797
-297688191
107039674
659108921
73627330
-347341254
574952108
-265513394
-425390625
-772254845
863444611
173443063
404117560
-825129672
293337207
554927194
-419266112
695726434
52392482
-642055761
904347858
-929017958
942135753
623066606
-18376648
-172266272
-819639219
-280558022
-641471433
-254598895
-998683456
-362206619
-571502985
-512542295
-434670897
-181091892
-226184366
865006147
-650838808
966298618
794334812
417252492
349975345
396726433
-611300531
837951402
405388038
-397250848
112834146
301430659
-609622764
226156303
664569684
-472904218
973740164
-171769066
77662873
-109275133
-550428601
702631
403941655
-592885175
612251246
-858064978
879844583
357695565
-856183175
821868258
191156524
-609350611
-39894677
443645249
-668895850
868812565
820252486
756934674
-949173720
941747200
659230211
-831449460
381201465
199534301
-208521315
-345688548
-440378684
-974433848
-718834056
-494284542
702098314
-567674872
-472040965
585158389
-248906309
173523422
442484887
-651201872
317299451
588941393
-754707461
262905254
689854535
-939348029
417721889
-4845648
17785206
-398450545
724593042
-337401138
107924401
46964105
964939696
671970525
-250970569
-87297068
-23002371
227396259
-528288715
481972632
-203321918
-679123202
-975636616
495864109
-343444495
476087366
-799848923
-262068462
-113087874
279842864
-551261663
374098599
648633617
-917941733
458888851
619135243
593321122
429102959
-434308553
694213444
-640875297
-643081066
111022886
-133298596
625997853
-73567254
134779689
-205382978
-800585126
858629713
-411014401
-937283651
171108746
-732448117
-879489980
-153185117
-534839463
653214958
148053218
-516187605
-631229333
508915682
128751119
954256629
-917288063
-724928446
-870995212
717595456
796595114
363019414
-814773053
-273875991
779411130
-236253584
988863614
-832443244
585843217
-194469563
379028869
-17256431
473524632
58106976
116854596
-14637383
-186862787
-404737365
-663891621
490798519
-954587061
-379641207
87575619
-222353230
-264658608
-841650530
296784418
-667681948
562357259
-262231257
276594359
-719642321
-682748059
616896818
367022290
527422279
99053961
-940155413
-895257277
839434015
-968442126
-480680821
398431592
458342632
-23694159
-127702575
36859200
252801025
-878911798
701110489
529857449
-708328344
373255722
245724681
-948490668
160662117
957424577
-646783357
912323304
457424009
-289058579
-414055478
167772640
834469514
-119273845
230152042
473575566
54772408
971745723
-336412139
-992592476
-558970472
625683847
-902709417
-919828238
-256948493
272808282
-589297445
239899598
-53955052
846735463
660910808
611735688
939921014
813144057
-529788997
849130086
144682609
-66193950
2922542
-523820018
439811378
-15495134
360352385
-356355294
-913658931
-500659959
696681613
970245215
640537094
-803232760
142980076
681786243
-380464001
434511815
732611711
42886451
275105514
-682967121
-643743680
-262913697
-388122646
-191175665
725383345
562390995
597874132
-314583759
-128489249
-19148943
561332676
30377567
-923683783
659811193
-381521347
936391791
49849164
-46247890
166789391
-203262593
864567379
-716963521
-818508889
944194244
-584419065
925949406
-80349464
-585811614
-845844322
-32860574
-169213735
495468618
-38889419
-25627258
-329643530
-486903155
-145143383
671204914
322752304
-230322592
688811570
475451009
836594106
-965553927
629782431
540578002
-953916907
586116109
309815287
699426615
-593655488
-923322285
477865591
-471455465
354093425
491044362
79022985
559045685
296447195
357999139
844295373
561361195
-988631045
-51750103
-604071695
391337902
-4696660
23435288
416794604
620451509
222063851
-966768407
-830635054
-555156692
-914226270
-907885807
-748305420
-452749249
966634510
850981231
-640359380
-346446378
-654044099
-310639472
591582896
698815655
-689093047
90804075
-960031610
244094700
629271593
-566259348
-485260203
-36618083
-792289104
877277561
-676655256
-758077139
-878960645
-280317745
-93092806
-10394517
-292615909
-955880321
70906920
934457767
266661100
-226525401
438456292
680700429
866574564
-339071583
646264304
7230797
-303682218
884228163
975273070
-597122860
-727112902
-843528795
-824138576
-944670911
783163920
-644806905
172475613
981503337
488790218
697331556
976152915
348125579
-906231751
201718417
377703917
146487589
-122634340
-773439539
698020473
889555753
244954367
123862849
598972521
722920601
-116085247
-2130096
-37761545
-786043925
154450291
-892208613
-128999230
-87157687
-554099228
450034817
729145804
-825763596
873234425
-68268126
-958949373
-692322559
500359783
763583649
417252492
-546071029
416437141
-2781023
-239051231
-137618321
359735848
264507124
-392853811
475159479
33406172
299116177
-264979698
-865706108
-129736619
808079760
-864793540
-637089863
257036158
-451226045
829076065
-299799596
23659497
-609170281
329240459
144952011
-972264439
-819564491
471325097
336110966
-961118870
452532943
-578299889
978045189
265501003
383426960
925032581
-425061023
82845537
852828653
-302786309
-230459770
917683469
-81027206
-172318569
190314699
-752280720
291572934
685176996
-933303345
167702590
769163115
-348587931
-197461620
803182126
977127891
-614217915
-283022721
622752562
-508277443
23971956
895461192
-304617294
710861627
947700993
-516453144
-25947696
396854298
506256938
625683847
281748638
490634049
-22844942
-809335672
-287497068
-384410787
-187665167
597835699
-547866048
522096463
884300925
595015338
-215398235
645374000
626388848
-726472806
-45329526
631389646
-564940544
-234046474
646590731
-870585729
93884357
583474652
339069765
-403452874
-121172380
-794177748
984176802
-32463844
389270536
490050778
-683765340
546943982
-375344893
401687689
-648375720
604701580
415193126
-94583538
-74700163
-748637797
-343747378
197598044
-522255942
166204010
-805487183
-102537855
74641415
574788046
-430003564
-971003234
-166646452
926121878
764679124
113142799
-407351972
-306800383
-212436438
-710221465
-670688306
-613983570
-887749843
-577820650
583082530
-185614998
291252664
-435940511
-374364161
529757323
743096232
-210659941
-103430762
-623591694
-26763176
338330143
792541377
-615172578
-632837559
-398113586
656888943
433649803
622795224
-513285172
596062238
-904736959
308263713
211064270
-170470442
-559935894
-968743468
-968340863
959254763
348779434
741065649
-314086189
287771803
802754300
392721672
75245752
-340606366
-482740678
-196377637
-956530163
990667984
267638910
641975614
316934228
-559762699
-88812363
599959674
-793061090
317855917
-697190895
163141595
-357347956
507779587
762678795
-925519783
225814689
886118169
154254942
-658972861
372072130
80976598
-946190359
-192503030
-82868689
474881525
-911382469
361330169
619997700
-584076845
72240105
629681929
119857818
65302379
386952284
168849045
569870663
-640769924
607655286
305604944
33588736
364518850
-199114939
44789220
-519461208
543905676
469555886
232987492
-124294983
659392818
814884556
680804460
924110682
-321598212
-798918122
-583222168
-69304881
-683462726
289149042
-796979041
-324713297
-3775858
994492883
352016933
10629636
-504940130
-342913324
313180748
534316385
-581487046
-339722701
415647216
231702857
-994824848
-793052828
711460701
839490257
-804035466
-164609086
-894706212
-828531396
-368239279
-160619233
171223939
137959442
938873388
-421383821
-925654017
387820874
-517950907
507708482
156750851
859180125
726614303
665468169
-597321850
-738262402
-413039090
122164028
-201860574
309286577
354730967
-646983872
-709473489
-35132263
372248238
509176630
392335489
76663497
226049215
-453648595
25962213
998352176
-30654634
-920938787
429167358
-452497074
-777996205
-982451791
730801533
208901810
322000549
-484957271
688510701
782530545
-710395147
-822863771
294633693
665289657
768307574
923105757
564614590
839282122
748544728
79748017
928232375
268167684
-42116967
-138607101
-960177405
-726570757
-7882985
-728025829
-367374630
336498619
157594510
-769146320
21443781
108544341
-731453996
-124294983
369088737
324394616
509658260
617918940
530537480
442833533
-296387353
-851369921
110341362
-275732196
728064902
-938034018
-287769935
117750039
-899914677
656519656
109885245
681085371
-242760369
-588933533
729585592
379680151
518983425
-469720380
-192305701
-102500863
699695435
703240756
-932470880
-16100771
489890160
-648179652
168768325
-159068592
688831377
660910808
3357403
-265693214
701245880
-990136360
-651973406
-81343122
-365425613
695723761
-489741567
-927202837
-999309036
56927179
821952785
692858220
354119921
200993259
-438269850
319298934
892632052
287261212
-127461377
754826643
63443379
-640250935
843403729
94298599
187278050
-571016389
833624377
-741570401
-480936424
886639833
-680527809
604295956
-647118130
20760435
627789167
-471521201
-167893044
-956781671
600564113
-144814946
840137149
-16322852
-419898637
165636460
-43302
12826200
990509811
772835109
-281207712
244803916
-609304650
-123565230
265552824
42467909
144246056
153618681
-437258788
-594973167
-940796173
-405320661
904437555
-502350353
686105456
-921946359
-70246222
-146572243
228426679
421632942
94036587
106292956
726547072
390330398
930444062
120798708
138165208
-228160651
-997836301
921781064
-522584984
-132088250
-869866247
806810838
804055180
-24151760
-215136844
-904239989
379624041
-908874072
-803170043
-943849667
-6357068
763032042
97792074
-755618336
507985715
-979490521
427138505
-39348062
-218901883
646264304
-431653263
400205910
833694656
-351252310
-909887612
410136971
-923784066
-357044666
715516706
250329340
866416426
988025007
-894473365
-771504793
-157578099
669204282
-423580376
332394376
71284376
855599962
443292838
-136896073
-451385656
-676164735
888030604
-771275509
789314296
-134660385
-630650916
-958227594
64747520
-99240417
-22623712
562887344
382422082
-248952648
-898701093
-706938284
-709040777
-858273556
-828724252
-797080825
992087056
-738013817
-206881678
-718847175
79356882
-416736839
-606689958
-694093438
-300361252
978962263
467542552
-441599730
792218090
291946273
743292289
887576483
221166944
907456637
-196912600
839387108
-306533354
949585900
-379480357
-43556017
318279139
-548393242
-112237721
-30729965
535450825
-600873978
524850665
-778124092
796684843
706040593
-403300654
-142098418
-636101841
-791515239
196746279
478342385
-66920486
429844832
146278820
-294201318
830292258
-265625077
895645677
-343378845
-850426096
-814680897
579359054
-62405859
-140569435
-993077436
251793070
118923481
36607388
176334343
-480138552
-461927738
-333613141
247722966
47435427
60442814
979740869
29659797
-79741216
-852534321
152439487
-816348769
-932444198
-928875432
762302399
509746218
14721883
-979258785
-244260821
-40503657
806130983
-587215601
43534775
427369698
-427588897
-72574217
-54119006
491340890
481700676
-180515842
572861552
-427675550
225865903
831358583
404505263
-957806982
-447643266
865553278
155088203
-604533604
-105014388
14935003
756586207
-255208331
283788090
-118376987
517173204
-133466929
430645256
645880138
-864655492
298571143
675204062
-587135124
924191628
-579087239
-678826178
343480042
922185708
-51091301
-232034147
-247032503
571239868
-540381540
-421631767
-16322852
-169886255
-844106616
843170368
800769291
-354056701
400646117
148360720
236251736
499435419
307097439
-408284438
-565892030
67253478
191369254
298352860
-405728930
-609896264
-963756673
99180344
579435963
435624078
145015522
-535195544
691366642
-194682678
-709333132
-668990514
-576465240
93453812
-880612195
127990458
-558605167
479839398
-224568346
245159634
-744607547
-497840599
-317901519
477337934
-441451739
384324463
974879374
525779
-902595754
-865660397
-225397689
-783525878
441677319
345486164
101694351
-66193950
62274413
-454460867
205874212
-34505356
-727940227
744056819
301220702
-863283413
-49240594
262306170
-948810269
214427600
934668821
898549659
-951152686
-449891174
-51318135
-325598128
-648922623
297522543
221129700
-37057646
-289350719
-494631659
-961528412
229622962
221750865
683547559
-396132216
477274880
-212609828
-619552851
-256964666
-674871147
-522314199
-938874613
-439853509
-732230215
-774200506
704611809
773566174
-459745757
126309438
-175571610
-185434013
-11205539
-924436178
151143894
-320080794
-239802447
501964031
-114487917
534202772
652158844
270632245
-232762224
157035663
-460766098
440139862
95507997
950766267
61466673
262152692
-831042330
-751540185
-637400800
386239336
511703937
-794941290
997813808
-544670555
349714837
839712367
-770187002
-528542318
-595834557
271735369
-420558104
-96828551
-670660389
-250382957
837158005
-330298680
325893502
637196106
-274311141
497098898
637419894
274646089
32945262
-724100950
377157874
764295363
691672429
-51750103
569081269
-510892608
-257720245
-617320334
889777063
280625549
-84238491
304833765
-405590189
-975210034
-530113178
-375811772
-332466182
351162811
851971071
-242146355
-184351110
-360306864
-462912258
879696353
860854478
-366301234
-351570235
-230797764
-953279954
-436839489
-342390840
-52316636
-519721953
314108712
-528750654
-552387665
-624329002
972555404
-759380536
-934193360
-864037438
-113892871
662948333
-363618465
289433117
-698602202
97455325
-762042089
893011517
729678606
106307228
36914374
467845297
676807431
-294298174
345327914
-483296783
-902671159
-512525026
16572400
-170216606
878743206
-119266542
-155449130
-39752711
-161837081
-713104794
-7071662
-994246711
680700429
-109864392
66695671
480816218
-314897530
983642700
-546126231
-897428453
-236367394
699454866
388308377
-37344900
372093764
905732195
-883000051
-968932114
-253612871
953982280
-262311548
756415419
-198835943
-603598426
181320270
-371464707
605530526
387589915
238479992
629826617
378806441
-322518138
-284003705
965699840
-223333708
592410274
-694790672
-447111773
-194682678
-434456277
-526523875
-628048969
-238414698
-285932018
-669364979
-668174711
420674681
912412979
754826643
429830266
62355749
-104925063
-800150111
734741858
-515506903
-599412174
961643051
655244180
533560320
-414428632
499268078
412983292
-384696037
37759495
631164460
-744387356
-909887612
-515947860
-919407535
494148233
-70991905
589429998
-86068534
-41305977
504887005
139422262
-311434768
932088674
514807881
295438614
-963192002
-111400245
-408948518
-809687052
-626521796
609642410
423922782
-802643294
-468880834
-832235241
-991732397
56475819
-338994928
-777339933
700942455
631282802
736006059
-917556015
537548038
749810906
-385450818
-298969121
586476959
-80215043
-951618051
578058078
818675585
-650759521
-674144589
304688
-127965412
46536274
619428200
-669321930
234894465
-929469569
-740029765
-846398850
633259319
880290501
27810969
360717909
-580972682
259604332
-111497341
364105440
-25468702
-743507619
985615573
497088476
99295266
743266093
971037303
162779056
-519198413
-713924821
-199287127
542370653
-79571216
-243292511
-956781671
454408901
658645425
-823795423
-160388772
-93547236
300126553
75218615
-744108624
-270765625
-1203518
-693060727
-758857052
677316356
595636286
586353633
-394793274
812935189
-724100950
10427701
-970618938
402753069
861759396
807466702
532931831
-779468437
-524835094
472454495
914381556
611486172
332271250
683225980
475728946
-863092162
-184790183
448930831
355866696
-168269336
848284642
-188007852
-736129430
-279635398
502951811
508012625
-301050142
-347765592
-255324498
-889025877
572958163
-977648682
-785455034
386855430
169335167
-303527157
-612072720
656888943
-509228863
-878960645
561869045
-466189172
743373203
572278120
-843411390
402272289
-939753767
-517284333
-700746984
320832589
911691529
47788682
-408948518
502755027
72088719
-434793847
-668402229
-789154997
796639961
-146162142
-727813130
-18447198
-753934101
514166280
386914255
977618206
791774431
426623340
-117785198
844258331
615431198
-264634720
-441437052
-513285172
-41305977
637743643
-880237527
-138501788
-571346279
929441271
341140564
-783062374
493976200
717067010
448930831
-649478236
576630940
-226039172
878404883
-178243812
-815264254
591314286
-91494015
565708261
-282511853
-595785049
176946861
-449759838
897239358
-331889305
450645390
200080598
106817299
718075552
-564691764
-306546288
512781836
-708711383
818889268
-207176079
-948341636
62322286
-920914582
-557876515
-986978961
-896885416
20186592
810118579
738000154
709540501
-950288898
894245062
-269529996
870335068
-25627258
617084122
-80254022
685877216
-986044932
827782640
893654175
176370667
587760690
756174294
-609958846
-746036496
-258032594
-101957816
-524994870
322507476
853108198
-850356132
261687847
-69151424
490634049
-990979522
309815287
219437361
845838496
-694905648
228306732
772553135
-164201017
-666790198
881355829
-72885940
25053748
-585173248
-794177748
236876406
-858430822
-962076001
-599233015
-174057745
-452953498
-344595363
266968587
-356565971
383426960
945602326
122683226
62593343
-581744415
-766436963
785416919
-29140062
887473305
68580144
-927609341
64967743
552993668
-313611944
-789987349
301803422
-857200869
-538351746
-645317150
892632052
-881910062
668538291
-583493958
575277289
-674435687
308834352
-591628625
341041487
71228479
565200267
-837102310
-186721271
-183966232
-89649473
-568795626
-992382253
748385985
514388035
441813607
-921916269
-324126646
-107722281
483412187
-661805739
-201789521
-718528682
-184082939
953850253
91478000
-209229461
-119868155
564109640
166789391
-698677267
263821230
-790343722
-141631929
439012325
-461097758
-423450183
-508255673
986597374
125517907
210984119
-936708813
341399383
835610958
120678373
-132381176
-397471696
-571771389
554288821
-964222599
457114128
536043907
196898884
-147193183
-667249394
-159664536
841820890
13892302
597645328
64360274
601247203
694849983
-324756294
-803567348
-800827805
726127941
277688239
839638644
758213039
-651568875
-117307638
-765336799
-970131585
15686188
-377037135
-162089537
-520180778
696087161
434409181
767601336
-551813743
363216877
-141260604
-97234288
-519982277
477432172
-629404288
-68702205
74263743
-770918295
718174810
-201894613
742098688
-406954669
608340311
-948299261
-733216778
-639177773
982220393
10083992
-670851126
-921582155
-386125508
-909532154
152136636
980725860
839938130
-865516203
205334191
749994148
-573040864
241063928
897239358
785785043
-745298446
-678422794
530822633
-114728050
561653499
672355908
354200530
-545411284
375419109
678200184
443136688
-296387353
-533665845
-532692699
-103082766
-458412164
-693255017
-404191508
18424855
-357281068
-48453248
-871525173
-378892602
-533649422
-312708859
202586491
933596258
79496309
202391948
688797237
-967113392
105535239
-928463277
-432034583
950732191
-241551150
90336245
-760861948
383274173
-722823683
-606142273
688040982
821727599
-375278215
504773199
-889441029
-799640879
-334155460
487374661
961953341
399533841
180125009
225211155
884843872
-385740185
351216278
130736027
-782679099
-145976330
431004565
997559854
-652678078
271853181
-380464001
486195312
670931401
-627031419
364899198
132813610
486779693
-241863917
334984721
-319658941
-537799769
-283789373
-608476299
45857716
480979947
751908031
-274696751
-415772643
974689521
599397225
-213014540
565708261
-305715013
515909587
382382154
373119986
299690869
478908644
931841985
364795210
-380878516
161519072
-803874396
26702887
-46726963
-743179283
-241409306
-373668247
497088476
591612679
460356264
-125777688
-553916599
-803002519
806246436
-675479218
-40357038
-936022172
325703841
-587434990
992157668
628617743
911540796
255455355
569935481
797678941
779423056
374542352
-513285172
38994693
502282845
-968283603
752761924
-855151017
662284694
769276075
-298549801
62257045
868026299
-735653828
-340406366
-988631045
485455553
681933737
576509202
-24816361
-564749330
-644446837
230971542
589381686
150940905
827931858
-45111265
663145473
624159675
818486617
617323613
-979442404
-114264287
-997785004
-269344670
-327769128
-693639202
-953347380
390927238
691239512
-976047480
-707869446
-405012254
-384898312
741384600
-696485577
-485871906
384564564
-401407320
977003460
-338822993
-204863268
-992927038
-148088818
-702824982
-476469950
-835013560
-119123045
234894465
800295361
-647921854
449835429
798660432
340312318
777376139
-924593241
28358266
-739404004
414701941
165968671
-198439739
483166508
66729690
733746760
-336488170
-403340848
-265769488
193623427
-872983366
861664104
-107623172
-657412532
239666233
374098599
426304350
-882395565
249293116
264507124
-478584328
-639735622
-628943525
56811259
988319237
-572803933
162376045
6337727
644911971
-951530414
413961804
-456658283
158335118
-497232759
307861220
-246426742
602385514
678200184
-853315622
-890164831
897141353
967019995
374043814
772495287
-130456606
308600606
481357888
7829747
-207515465
-582694089
592108985
-720919677
-958360246
-710305814
680500476
304905081
-396132216
-212129061
857175516
-356974070
571156705
-288780842
839490257
-347699454
-559067737
-647118130
-519149759
794389305
470458450
-669688344
97868317
668603994
-139856112
677028925
607339223
956807811
207218607
-615834561
-209701462
408650106
-754223162
-621746262
-148982481
248111978
-211047278
445910466
217192357
-371852900
-870393100
-243783814
344916808
530846183
196860885
-434316737
-82803792
-915216526
491837983
-936532864
779890491
-71088419
-410738860
-29494527
543740486
52799812
499850176
727999055
-203209919
172622742
501811310
783828271
-121834308
-364548556
-786387224
560840801
448670285
482883900
-532313880
-181694191
549040479
-303527157
-695742934
-69442890
479386683
-371562616
-683052790
-177447235
596717428
79540549
424951299
-688417496
-764949884
299149102
4506219
710528559
157594510
-551167594
-598753657
-696557672
-791855347
-486611625
14670343
-458480284
-119854658
789625577
222612745
-36569891
602297102
-474956533
-453417947
-714715641
-605787223
-513973915
181436365
-807523599
-312479083
-649915159
227916531
949735875
-414132570
-817812713
28419947
-201014429
224730982
-353824987
-996559551
-167117119
725977779
726187484
870798471
798886628
260727932
72064772
302589542
-801483651
734307373
70208539
-187189900
38841224
250502029
-435234469
-792410074
230628808
898626585
871428150
949416067
650804347
644228866
193280614
-785344871
199951355
210729207
307579403
-343234329
-830691737
171698609
-241298892
151090663
998352176
-101759924
-42890789
294191348
-39666440
554558804
694899997
-560398160
852801064
384974289
905855417
225580930
-380571849
-923789491
-786416801
-944414679
-248484558
448830260
-648922623
864704009
-605535426
-7071662
492271617
-260460433
937742365
-384943568
-588563112
129133723
-713351595
362793912
-812510701
550112755
199724222
936666701
455961751
-89693486
424691527
347282826
520010227
-679742180
875529985
516073543
27329961
-776293468
826729784
-115136559
-387029716
232681632
-444579767
-408377002
-819518917
-755068720
-726031509
-34796455
314278173
-237143784
-624329002
854082379
745774008
158667884
-98827995
630854891
-321388619
-715370231
493149844
277050036
256867079
220144891
847615413
206864939
967846973
466130737
409327059
673471958
-444225036
624377889
-995059514
-80386010
-161393001
-985592054
903908092
-602090166
968316088
-874417694
-821037368
36982126
596440186
-280654784
414955538
-254747260
-525029269
550479525
-115701237
117411462
-849777535
-587691618
-496843940
810154352
967923834
-251934373
302589542
504521672
-513807046
-65070498
-723124177
494079336
93726617
983354613
-126359387
354119921
506876136
895710629
779289044
-846093860
150483273
-577958276
-208456673
-350739870
428582259
32122495
338468957
-860479867
115098538
959501182
705473020
566159979
-49364478
603411311
515988177
-181986601
-102752313
-291185806
99220124
-47817301
571777752
-147737684
-45499379
614089269
-379641207
-772737675
-737388679
-642617204
588585644
-189857293
-929361953
-526911120
666868706
-805487183
-343780894
803600727
-822159072
513672681
700179638
576599415
829135555
855823287
-708442947
-925284218
-145845639
-934861948
916108637
538589025
614484719
-987659643
276541118
808269151
75011450
-471472440
658307171
627474848
454158176
-757993956
410868959
68216259
-929236410
737771669
-990516488
-754660383
-342190868
412148579
285067820
535559017
525094999
-586978311
-569955161
831937845
447170595
707993098
-948153779
816209335
294544032
-276795970
-85274123
-431388635
192177586
987738540
-91842408
-145067105
-143114410
-782296705
-407607571
510941430
960862483
-872217925
545904483
127674495
-629620788
-986715811
175728976
41666567
-16039709
-222716641
385962763
743787559
-418294488
344667949
-367183582
276825885
-444461174
-402090858
-23312757
652656014
586160144
159286704
-768536232
-365504018
-218282713
14291035
978877577
39096403
-380763858
-31996031
-214129350
-719561301
-893030795
469630194
153805510
-350890150
538357856
7934076
511728295
-48134358
308981298
689984486
-393738879
681352657
-227040835
-707861208
182096805
822326915
563099127
390056697
-823439351
464838235
856099885
-328548350
431929868
-415209499
525358784
-949420117
-68633161
850426947
524850665
-245957729
-505552456
-322222376
-391138755
-142227887
-485325898
-979258785
464930910
502755027
-619060522
374550121
-733809237
-27619666
-224568346
802353326
248447551
-34589204
-410935486
639134460
600058213
-307693958
524094047
-832487397
734823326
-194739957
-403992765
319429340
-453924267
-757230166
12093750
-355776192
-270733528
700242442
-59701842
683485488
18057628
-351570235
393395856
558834322
406241263
991374316
-141775469
559712478
-741473318
54892558
632831341
931841985
134520651
201718417
-875428696
-836826881
-688514662
-390501390
224568282
339069765
838052943
79954238
-531498945
-174127294
471020737
-414757046
-184330493
-528288715
350028338
921966665
938217614
-30423508
-827447358
-28352821
665812097
-983011844
185220353
443222479
511918751
-202123810
362992021
-907383392
109189897
-921363238
789292186
-518273048
-151711886
510918718
155025153
-343272720
-546183048
-130507910
-45279017
727636875
-879833834
833877792
978108326
375839297
-134153128
-547004468
-84080235
339241782
498711540
431874392
-676876638
-394270893
-350870793
-449987518
-94628887
-861400099
136710705
140915649
3257837
721937799
454027919
-720717300
846722785
51277120
-641339026
-966209712
-775824998
-149603891
194015367
434482603
982313687
770222399
-104212489
-441560564
681757083
730243656
-324942112
68087275
255610289
-667466959
-837875914
448078203
-266956756
613990761
-594958923
997177585
191909243
30085508
234728438
-272428395
957768670
-648363788
187454006
-5287013
980796871
-351243202
-264634720
415106357
765666764
568566807
496795462
818458007
294678940
854466682
948896540
185265872
-52774024
-18967081
817287466
480737823
521888064
45358925
282431635
131157775
-333380423
582568967
-578804277
-870047441
-769321523
-226525401
-136896073
-85378940
-367514865
873445187
492543934
-697764192
590232628
-400475641
519344495
300970870
242898646
904321094
-449061457
548520499
372577420
642873929
371654678
30769137
681902590
121467832
-900479098
616391321
-834759553
67736168
-372227055
-245576627
211217498
-737522979
784819951
161042040
-437711030
-380641021
313050736
782712201
-642684330
777660276
390873838
733498125
-694517578
937303284
-373937478
-452953498
623167424
-708286465
400050073
297243857
-126498127
-774329719
-95899629
-572952643
555708879
-734113939
-984602874
901337003
817898516
462920428
8164031
-991274944
479678782
-160006518
-108059310
38994693
18057628
667622469
556150594
697294403
795308968
699231995
273881549
-408091416
509238632
731223237
-266989192
47623048
-742688150
366328952
-598418564
-273030484
-853848299
609731183
-674254580
329330666
-9702822
942702735
-310247157
-940388353
-502936603
-948193604
914849839
10837379
712900947
662948333
98627456
-814911474
718598140
-954150470
741065649
-531227670
-347636778
-72091614
-596890078
26082658
-107408214
-794177748
-538073907
544845617
-118982926
-847089822
-245274886
57220351
-577661833
-697968633
-726324285
804667296
297730465
-374061688
-67877251
-153863546
864794164
735822086
564597570
450597407
10505086
-196480899
-803170043
-652807553
-509377433
-810737562
-91020501
548420930
-880867571
-344676877
-189437820
138087965
-399773108
-86822875
-908115190
-128029105
867790548
495101759
809760821
-655568769
817823673
-900297455
265876322
-345494966
-493287068
720077109
347723939
777090459
-738382230
346734939
209434404
-770234658
409068964
-708041957
-188808415
738792827
-387299093
-396690794
-331726042
-452009453
239229868
137216121
646816960
646573825
-668174711
934261373
-835258707
-106320978
-602981733
-423929685
-292395545
-759573282
744169825
110517205
-761724948
-140394976
-44629992
-575235507
604224337
118998434
55388209
875369210
169485962
-343383403
612111149
-949173720
-797234279
923023400
-145443594
959730745
-404191508
67322722
-220722827
828766242
-843934275
-639518309
-629771165
30526682
663302242
606804938
-729881357
740124088
-644785126
-735931411
548176839
50103188
-229685622
57789952
590395095
713617597
-75584485
-945436181
823764538
617533867
245159634
179136249
-935835578
859730204
71737420
408111747
240579732
333394660
126559332
-962494182
460748157
-241817863
318551438
-444461174
-396513607
785649899
-973304580
366061466
134336391
-776211345
-808993412
462203803
890348990
-673095736
-826545423
852321758
-453648595
754415087
-274333767
483308695
-71544789
-440698859
536126641
556347010
-758857052
228426679
566041318
784551967
520959185
-524994870
813940758
473471318
607339223
961149420
-183493066
473575566
-245098434
466198003
551503265
625865058
866416426
-990181217
-234727318
-412516402
577771963
-311631316
676376422
880211673
997079491
873314887
983929453
-860479867
-582744853
-756894878
635289377
346636726
913508462
-244372366
-118845505
746312827
-294845305
953397162
-790755393
301269820
-664586127
-274778398
-781295879
57898981
-284558035
481632554
298073090
-434577207
-700002787
-81220577
-683046434
-911574471
-195230906
186087819
337680979
648578995
-149203053
-544884457
-39707810
162225885
-651946556
-768805425
276041493
-252937462
-154703005
563784006
482724075
-791298682
47623048
66996972
141411826
597518091
421811608
378973483
-21251445
763873327
768494528
627916233
-512697695
-33587674
25752814
85923893
-826545423
717873518
449007266
-80144440
597726025
-909088504
716647968
-363894003
-907249182
747373276
-422613003
403857683
-24791368
-721551187
-434039730
-279635398
571243744
169956739
-369349163
-108710823
-514107391
-28783094
644361903
663237959
-269344670
99433844
-489798981
-269840973
-198098730
81133088
200223548
-195062864
214648224
-693610293
270941265
-849031846
-677699955
586584929
616391321
486498714
901167333
-239387521
-107722281
-9053484
20031231
155025153
-354989052
-520160143
346267429
-912996424
309859738
265551346
250502029
-750738165
-997464405
514807881
-172356162
-284573339
564479118
737422304
239120852
536847446
-754255629
823427331
-823197406
-52472221
-465271568
373834780
221698290
502132965
-632888045
297567902
-563402001
-229864689
-354908815
405388038
-817993227
431041763
786334268
-398624699
376264425
199462197
-240589430
65693232
-112900661
988831096
-24495809
-483020054
209527744
917150889
360582831
983767931
-688345854
-999289801
631102761
-369384681
729056852
-784902016
635747678
80694852
-856803178
-667078311
540398118
293726261
-163933378
-400162255
-632062867
241794089
-381064658
-295123639
791901413
-544216814
841290759
-803122745
-70991905
420862365
318373733
247271268
140959296
-224428829
-568557081
449687786
-618661668
-852818874
-367156962
-530703009
141917369
910178941
999045906
433198626
295142826
766070271
-130767113
-882918909
799855355
-547644751
-313460411
-614899672
308211459
-849777535
116000549
-1786039
-106389190
802134605
269414249
-18376648
284006771
433233667
172564518
-998683456
-890057131
338128622
91871432
-878760986
-479754449
229462492
75545672
580081800
-251279343
70301092
-58196495
585126766
-625218778
-49285733
-536726082
-936243786
581928692
-569131385
310314179
891234857
75206418
674760229
372323638
-68202329
517316047
935056544
532590575
-183195642
83409987
-761941983
368003597
-517169202
-193739092
252045745
172043619
633076306
-690680760
947936417
-362991600
205258631
511059499
301959362
-196791967
-741298015
-836865854
-503318560
317710726
-587130145
913455675
627583166
-882106188
-850102950
681587061
502038265
-80459580
685023443
-428155471
-223554447
714538072
-913115711
437225988
-112394948
809668008
-156466026
-590573165
782982575
-63592563
68580144
-603657134
-942933845
715310548
-863204836
58165603
-985358091
-908658008
818942744
-285911303
884743931
-92818866
-138862788
486401957
-41771908
978696385
959712524
338236243
785054
-649069727
442560004
-685517721
742920394
-342732416
-533921963
677674314
-978400627
780767205
-748451679
15913959
-704279557
-822055230
-855054600
-640938028
-771452609
32945262
-159177468
-614705331
566930799
538646480
148912112
-459168249
-833147331
-738755890
-393364938
99385530
-726166220
-778816588
-362456548
-847875359
316111477
648676005
752691768
618421125
-690236351
-154170056
81480756
671964388
-511249442
-669547669
517731901
186812342
-962699885
896700393
736096823
43315202
242111895
-249858087
-177718472
834307034
-833284097
930768916
-906231751
888762808
204923834
177217271
-86162921
-888822870
-645179593
-33179640
-836494112
156478538
-681642336
989334636
-203874149
393666222
-29806723
-887404445
-680990739
878112058
926070084
-560156833
-968848490
41739625
498933695
405148929
33111710
470122071
-800050366
-389050201
172128372
155088203
-179193576
-601997288
461680731
-402551992
-731778610
940879512
196746279
512368430
-517575433
-846849252
940931209
-524050992
119037725
-590417119
4931079
-954873966
-369349163
-260460433
606771955
-359212599
-832001342
-928564519
198807333
177012137
167604978
74293407
614966040
739921687
280982736
-224140382
562277808
-507956430
36607388
102942631
199724222
-740838014
282066449
-562306028
-136127642
-707681440
267931426
877113341
-893191729
-719105585
-209541523
761931763
277318262
-671058548
-58245223
378021534
-449798871
666389974
-991411105
184603477
277001915
439959064
736969043
-154921328
598763731
-13056272
-44582987
667772219
-547790198
-761800238
-634506411
-584331981
-363372690
-592145118
183092629
-80767664
-267362487
-234577985
799019635
391033112
986772103
-171362878
523723679
-798245646
547604063
-619378707
-804346760
-97384390
-497502553
-810993330
951672355
590296076
950568345
726614303
-605989073
114535146
-806891432
-115150948
823764538
-108193116
-194211441
157192223
-127656199
593606225
953001125
96147507
-625848700
821001898
107053133
-566548943
339772701
-540006490
23196344
-963938137
-669925530
877057246
-258154328
510274012
805573527
-46749837
354806313
978778150
647809709
889484273
487155424
805372922
-607700254
470769690
933293195
-825052463
-914468121
588096376
167298508
-474422132
657390579
499203883
797886337
-388953581
-245337655
760647977
590395095
-997218277
924936341
-435800844
478801136
412970428
-555415611
-45194651
439766727
401667083
863629772
-182590782
-592925033
-668710107
-15279388
-21592392
125413690
-491948905
-235394435
-435975819
-366635886
391489046
284822149
-296587214
-696258120
528349922
823894537
471237973
326270847
581704696
563293672
556046313
-520722811
552219210
-610566946
943856990
971232933
-219821013
70075340
-496218992
98069358
-818343931
-112155561
-638464455
-755767285
947572215
-314859226
27978235
768419454
961340600
-519312281
52123709
131248172
945164774
197598044
585355737
-815719271
-861120228
186763672
593791631
-180372447
-195187341
347282826
-230064120
552503345
367604480
-382186856
-999829811
789676148
406268327
499222911
-665753043
151974552
-694472536
-929896419
133546766
183284289
-662224746
-423886771
-773594029
-658088594
-728879849
-849031846
667311340
886029029
575862501
367232448
-121580583
63017141
-577242484
-51701412
665926430
474922944
273154091
-222744825
461372114
-667113460
247562819
347793794
-246072782
203839035
443292838
-687740338
-305443811
841992195
-909188888
574331662
644982151
910771810
286168317
76313216
-684135835
481459773
-746422779
-36018
-884846605
-245254736
-246911114
-616651017
149726844
-198280564
499495197
705808477
-872482081
-407641196
-84522029
825678499
-554147225
-517067595
598228981
-815023509
-259321423
788503288
121013496
-910334850
-600312468
275478358
-92488454
398505750
-649605956
510152529
-58752122
771097975
520743343
990031498
834349034
-145914706
-525800547
899477304
405514590
-290291133
340485175
790126361
580767618
-396199280
207136027
-551956505
961104896
-841360449
874344495
707837872
-427813597
-27172016
854194001
-34763174
732788045
-389823771
652018831
-718952123
88248782
102168203
708288342
-215270688
789874264
694306701
995960680
-319664259
-443105867
-332466182
-72630856
-490974999
-807523599
-243765347
647941313
884101418
157594510
615197484
643510353
-877937167
-808753652
-914086156
265933384
27835469
254335580
-103865348
577075292
556485459
-665030333
-3485511
917559320
-518118663
440788713
279812704
-275094226
-911989535
549153705
-636998093
160918714
934361802
-674254580
134617009
-83003720
24805231
-964523858
-993077436
758764948
-884133422
-488572813
331750018
757422318
-249017274
530822633
-488987667
646341919
408377135
856418211
-601795941
-594350916
-773267156
-969862336
344858319
494527647
625361434
440432885
636917463
833846166
-286517329
-838225497
53155519
416978546
-830635054
737109157
-719561301
-703657336
-224847422
-312342203
497876899
543194241
90336245
-331106859
398930276
-586229503
-927190017
-431611831
-499358538
-495383177
550319071
664293146
259613388
770004915
597874132
763516526
-377121595
-925225227
-516789518
-698646352
-245274886
559171226
-820334065
-672241488
136544334
-599833069
997177585
767014585
-696485577
931238530
-755518887
-367183582
694262583
-342930828
-272435221
-831009699
-531181378
936337346
71021463
-152527991
503385762
154686554
-191109881
921781064
-919725110
-26170624
-785126171
185540138
465789717
400205910
902072079
-4845648
-817691665
-577330839
802240463
428659548
-101709455
-902853245
980819271
-946969565
874949434
-15285700
-603409818
-149203053
161402455
681000914
-645013049
508366265
-881271790
154541583
861215862
484674977
-41887912
216774697
-165874234
-571916364
127403604
-450477559
-98903321
505721752
-722185039
937443925
551196599
67540203
359489593
720306035
-401518762
-721187830
508353611
-765860175
814598727
-960065503
966634510
92928882
160955884
928579411
691655692
-889641303
533787627
-307761890
895765729
-299632552
-33216664
104803327
511251399
-347479200
811397243
-831250474
-646467172
-863361354
513932018
-144134985
-619346519
703325125
-75936691
-728545108
626568109
203144283
-825934746
828748397
942990163
518062324
111335472
-42858247
905952171
655212762
358814807
-577358668
505565557
592626497
183092629
-887677708
825745534
-49627342
862317217
347195012
46505120
64967743
-979373186
-661661391
154037218
-605071653
-67712588
-815264254
-728025829
-56988898
39572038
-802304343
-148953139
-16641538
-865470161
-33934778
784457277
50174619
-752524831
-639676282
174375659
-376526488
59801283
584703322
-91262508
472351207
-615957884
-46972864
173195301
703616284
-690394169
279270829
-52585234
-66737776
-79174441
431041763
-569118248
461070276
135837419
-19332394
-929727976
-376157729
-805305522
-226687063
-777672910
-307321309
-684255579
-808104035
519860974
-483759677
-733332394
981436398
653258572
-866162961
-392797752
-561474016
-729527257
-911755200
676744732
426262617
521066337
-580523150
-19628104
335376509
811360767
-217282285
592626497
-226309375
268596630
-610479210
788414537
609553171
350710220
543905676
-582054068
411396528
944810414
-471317544
336064465
471510443
863425104
-257922893
-68019532
-507127912
-618627582
-31828134
-356718960
-997890813
-528114347
752691768
333592835
-838211173
904617291
-454675963
994776325
76098304
349094958
926070084
-852802680
-879987611
-119510220
642568835
-655082337
285206314
-295215534
-969402155
-459759584
767048704
731849896
254543476
-336620943
949366286
260635694
-803730692
202467614
-304617294
-649370725
993535858
464406460
610995363
-977257610
964355595
-132179807
986917138
42886451
-254837129
-13056272
680090419
497421166
360848594
-392313892
760490379
343240299
-620775652
201398004
-825972959
-505850840
-60937312
-135103790
271007708
-536579972
-295072055
377468717
82873853
622485406
720872514
-269037592
-948875280
570008622
-818251509
-484207259
-599754545
2163259
698935910
471925011
-113582466
-891888805
-508306928
-540253587
457358553
502399902
256950836
726427146
321929032
-634325723
693296764
-305164208
-6082609
697490150
-906581372
-117354897
-521023638
-142797333
441408075
776248559
477744041
-43422610
-419238015
-422867118
-899731197
-945551888
-616880881
659392818
588222344
360352385
-7909861
-585477548
-373864800
216053990
-528453687
775566761
706994758
576549142
905810519
778601348
839149905
-842623791
-465441635
355536542
15603274
-666017559
458079178
-561287027
-398404856
-61504815
344204085
-847089822
407552617
-59462201
-851455445
864960832
396221628
614484719
360026308
-220446403
334028376
-24417148
876937250
604807954
-411062295
-595682089
-227843412
-214515399
-377978997
-723335338
-444923940
-9130790
-176706508
-622677975
-514392101
850263032
-848689865
620306869
-167117119
281515391
-813839525
-551075692
195745650
-539113570
928661740
944648189
263315652
-362418168
267234122
-953043934
6062499
-878675100
14977413
-553002956
756055292
-614636026
-706414343
672539239
-746950261
-479905785
-583702886
527229712
277974468
647150806
-278839463
427951680
-581744415
-873922279
-971581624
490050778
486927614
125352851
-715902242
-796442926
-560398160
159060500
-86442728
-975323747
-763845998
13621682
886118169
-466881247
-299504558
367022290
-223346795
-169690881
-975412274
514388035
961035649
500717445
210401592
-32430464
-156507049
-91020501
222343302
424630143
533783364
-362528785
-93148969
257570906
850263032
547319211
-514392101
554927194
854696409
-835354881
-835106062
773610565
322853286
-925935097
84008573
800152119
747125218
-612072720
-392712266
423217945
481357888
68504355
-839784260
708549616
-676035429
534202772
-509399260
357024929
161871181
265268375
75652954
399336944
624497064
-57226951
-434983786
-980649237
-350413886
-710596404
-317468829
704665747
735256037
-687161242
394271129
-607262571
-160866578
439672308
-601101441
850981231
653054975
525497205
134840806
324892211
536099973
-667113460
-845356022
-31211342
-796979041
-930320659
-333689940
940879512
608465850
-629692463
533235133
-706800792
291436621
-457654917
461372114
583612890
-823364889
-407549818
-353113950
-701119187
-282390777
-902318817
-144976688
-874326889
460622359
-299390640
711355986
289803725
416817489
-225771634
-937029516
928579411
332836795
-745072381
665656109
712099370
-908346272
-173426964
-799308243
706510678
575836057
-223721869
-265404007
256048436
-443512923
-116927035
205766503
-721969815
-407641196
683445236
389005607
-73516285
578401008
-398158584
199783256
812742039
64273565
-276813280
-141260604
-922175672
-118254877
-786254987
-934798702
190072747
-858430822
769816087
594769785
-569328072
689733804
-144191778
307733283
722009308
141827010
973211199
-236018629
223493545
-601612510
143534663
-256823558
157192223
-612871437
398040135
487269257
-423718166
112797139
-708061726
-895636435
-208010131
-411074505
63679559
139463992
-566875378
146278820
-117257892
459065412
430123729
970135361
-364698498
959600849
-580804507
-698940099
-55689676
-540467813
-401518762
765236517
65074621
640870018
393782879
724870997
-56539162
-136511641
-593996526
-642754845
167119998
991456638
896408354
-431748686
-82739827
209943418
-654609125
870377475
756784368
920560191
-224112852
-798816381
175972795
-823570891
-702179617
233862463
479790261
579074196
340312318
821086678
646409588
-189510118
633082974
286438421
-371433019
-527248906
208432744
723584977
721412986
-939311565
652950017
-677532156
964309834
-123565230
272791515
-22648147
-820415953
-125987370
674291365
-95899629
-62664561
-453165553
997813808
-423609659
560646259
-334155460
-389794784
-930101234
-286031120
-360808783
-543850555
-939616555
865879974
445581810
384836428
207090280
-80254022
-844569071
-390938506
-340036325
-955382640
-195377069
907727397
-881271790
-301449258
-518573289
217310923
510738819
37097623
-883956181
951260225
776302907
140776145
-46592185
-414725970
397058169
194015367
526288692
-263453532
-562913973
126835317
-354550270
485486273
521888064
572466055
328040909
-601885676
974156688
-254041400
-611365378
17369436
-239494175
-809165808
766348574
-423412828
99295266
-438350175
370148744
293238674
337226378
352695660
-237719574
192416333
-743215213
655655624
986125421
181226808
-759573282
153556498
-876269093
-243881653
712421912
-791721574
296191818
-241149158
894137848
-47884019
-362256555
-865907978
764382657
453098513
-30534463
-959847912
738705520
-960628359
-569455585
550362122
981654852
345250187
-496889120
-249782808
34476160
-687832868
-511388549
227760649
-7665116
744867335
-63157267
-784866229
-206146517
-555533416
-447593046
-918131030
-391425325
-382530840
626269163
884524837
-918027005
829076065
-872431594
-229590644
259364147
-114974416
-187511921
603892261
216120273
-561254681
-410293747
541659690
10189079
143028811
92259404
326663279
-5189331
718683695
-337193942
235966935
87703393
-403616106
951399036
668817576
-958973978
148857440
934625798
-675138830
463812316
908290007
-668807111
-247073439
575643989
526962488
-371885741
-569773810
-559168245
911083142
628617743
-202032743
661713809
263378487
301977758
-937344236
-449157274
584997808
539139307
481802026
-187847725
-3898526
-937202250
-168290556
-502936603
-710804804
-728297345
-169017740
-230797764
350835876
490896681
-221101644
739589456
114574661
493516759
-212285095
761514560
863079512
-764232703
205958440
-89817664
-99514268
-164041536
-823142256
877353518
892135799
365860975
-64174253
490050778
875369210
245451552
-209701462
143534663
5574862
-947861401
559660410
631320021
-707631751
-858784167
-664551948
-860664181
139641198
440947828
972987691
723185647
867890829
15686188
-386753875
168291079
-250776913
774229022
372577420
207311065
-207841815
-964145925
-311226141
372577420
-974098034
848689206
-419343426
60387541
713303698
181055051
58845530
-972486855
230890973
571156705
-563483690
-793391812
-738725472
977954461
-997444984
-553264945
-471678050
-674254580
947776811
497708335
-862390092
125159304
38994693
-279724648
-943824756
666046030
788902113
-5461535
-669184618
-167253315
-674226690
396126158
666590154
-610479210
-37761545
-386549720
813772693
636347076
136056874
117764220
-858977060
632794806
-324794949
-920453247
824957365
-444898695
-441451739
-982014618
-935722655
-617472156
75319859
-787983897
-31623740
-154302235
894161125
-175538039
925210603
148382380
-740090222
-138909014
451042618
-812136035
228977827
215348166
363175551
-780104900
402811455
48783258
-186650710
-298248081
-217042754
972189333
591080267
-170491086
677357636
-5502749
-844695683
-461595643
-471869504
-891112651
-359672358
604690578
356127113
356346387
302721796
-76225680
-381388551
-421820867
-822777196
447742516
746086064
122559251
937816954
-517428281
83459085
-10556242
-138238885
-730464900
465226048
50759465
-523128230
-357146998
-733103880
-87436311
667772219
980922474
216131247
700936523
240829863
-816229056
707625259
-100248764
910319779
770900146
-465737980
192686522
874033446
401120053
459482654
654009857
961274052
-885318598
-179673442
-104861014
-777691964
-573399246
-971203850
-246227747
-865087756
-375976380
-669161936
-172356162
436536812
154037218
199034019
724319901
76277785
-898999207
-836469527
-185123050
458411044
-212274328
959191093
22996240
-195006155
-773123786
633104339
-240386790
-773389052
746519474
330846515
735585415
776220337
749468807
-662112252
-918419630
-245576627
419231370
-891818620
-530040312
418614772
-860724938
-274943368
472651766
-20633344
481435565
-713321884
245282749
-10556242
-860573384
-647324749
-404922153
-209016307
448561646
-222083826
861215862
-820182441
41247971
-941967611
-833511472
207543847
106530476
-397705721
-204685981
-232762224
-731485942
7392977
736006059
-484536737
197598044
-829957458
296499827
-170717436
150146965
-889025877
-955339564
900381249
-586173995
-125546035
114590980
788262045
-214515399
-815285475
-973272578
628121343
527103543
-411794190
74560382
527807574
882238102
-793751475
711775155
749922219
962857103
-665117466
-771728294
-367120677
-120069533
72397311
-682541601
444330995
-503849639
-746499347
-99414924
647079350
-992382253
907679133
963691765
809921425
-433823179
-912042936
558652231
294352542
131383766
-349186203
-97867289
638420498
108161771
58060175
-414819208
631677305
387306661
329558102
-44969873
-132179807
-59733031
-436052587
641975614
-497068412
321727680
580096943
-590815597
-602341839
202252217
-88518959
-527836504
83721529
-431693593
555242251
-647227845
-800050366
-391956832
715988364
-860680431
-365345174
-342959469
-182477566
68388618
-701568673
519269110
-640074849
-974313854
469050786
-416878082
-661456388
642169316
448723220
-712975566
381265501
970394838
-818550436
498360955
-308574215
998265119
-901749184
-970631533
127129653
-805016871
996662425
533907482
-303090530
-719759827
406474424
-968461145
-937513473
-802846367
-929879154
807893330
124558495
-307396428
511141272
331645351
50783940
189760292
-515223106
-713116607
-344300035
419056513
-901935996
-786534220
115349044
766171287
-434147556
99088949
-266184170
-974538961
-873666389
-762257395
101027086
-111837825
-923395198
61871663
370709382
675311625
-353329885
18492305
-78917109
697383412
532070866
-482416795
773261408
-114309904
394271129
-403334550
944336223
387491692
-980094961
719555448
-310847078
-768887258
-451734699
-861702141
-514526951
-650036705
628684613
35961343
726487455
-453059269
579140750
539149711
-51750103
511703937
305315236
-883158079
-189344250
-761336495
-95318284
689066733
-74771753
-58970253
241063928
-260694557
932165862
-283412942
-608025783
841720088
-391466179
654469138
-610255173
727590087
658339706
666472363
-732309935
619467775
-507547252
409801026
539707574
502278483
563508809
-88598434
159503438
999621587
-19946177
559247043
182140368
781680058
845653884
-489725727
-29101430
-664002266
783243274
-776254460
-897171995
150687966
-176294867
877353518
-829466724
-464870734
-768871203
849346215
557282842
-317944179
-901263517
-832714252
-407351972
-195755562
-256156733
-815338416
44806742
274416021
239120852
339380668
282193581
-967870316
432651681
-208961608
-14737794
-138862788
82487844
979204118
-418871227
-54153700
924390080
-369458308
-595356065
-507637070
224366795
-650810016
544564018
-246626350
446122940
468191843
797539519
-293463010
-410125238
-694093438
-904239989
-472374981
479248524
781479537
-196894433
550845633
233065106
959730745
714948685
-69901270
886248250
-140111697
-27903416
-281157484
795747357
-753118251
370289593
-725565592
-72743858
282399602
642835620
-449509739
465901060
-588110180
-988177171
200080598
-901794020
-507299798
-651366619
680632466
-163507302
804487128
11896390
313050736
-903334429
-502827151
-454359946
-805386158
365392967
774438397
740309257
-617541554
-921951110
634571933
-31261157
-910811256
-880906892
-310405130
52544329
290103466
300326828
601095513
510152529
-78953110
316014923
707625259
761811830
-649112995
635163448
-781811236
143028811
-430965393
144999003
726789119
-163485726
519033045
-344364072
484017066
-629950537
-117223069
18644289
736654940
760182123
-832580190
-171907786
629745507
-59952419
305395392
-587008433
18644289
-147052459
-214322536
192709352
218554816
101317092
-165980802
-148724736
-215647731
231105321
-364979519
718500721
75360672
523836353
750301619
-210744415
229912981
296060934
355131472
895606030
51502586
779773964
176138940
-363214638
-53876479
525815475
-5333999
561535719
-925449655
-4112956
25718624
-367831434
-218901883
888762808
61466673
-632531646
185667931
444182864
804667296
-294298174
-930307114
437731503
582460658
-322300808
-224757367
177831575
116720287
838120473
-293662506
760664350
-391280299
-553324934
-730164432
810475287
878217585
-915908300
-724873579
-891056422
-775195999
-975095429
721182919
-210929830
718966893
312694157
-587462193
-225540215
-62827373
632630854
205766503
776689550
-535357263
-329157227
-235900964
791330692
-307024534
-109962344
-217228714
-285784191
-761975859
771757464
-87988354
-15706050
581397497
575944750
959529448
-373322481
661460823
-449157274
-808597925
369546351
85026299
-317802273
-555212744
468191843
-689463485
85717894
312785503
926524887
135140762
181146814
854578639
586903484
-420141844
-328657497
-775339230
250872565
-355577891
-736323184
-91476691
-850542772
-129909597
974285997
-618348266
328589302
609058254
111607345
-577958276
777074134
705454425
-306399299
928384249
201537570
801518124
948800421
-878612884
-112487293
393912250
245583413
823738328
941961955
120382018
678627977
663724662
-151908020
-207071858
14189429
874157788
-661542675
-559067737
-861071322
237390068
-843141671
676228373
344444599
889484273
-441648052
551196599
-536951486
994277759
-621104505
-453271646
360717909
15494853
-428635884
-15388866
-920158142
-569019668
19232824
-972435548
654673210
-908302796
-92029284
-710474946
-418914163
691431520
-722185039
-634724820
340375030
835008862
-847530124
881732870
828502965
236707779
643171518
-424187469
736274188
-4772744
378941006
242252046
-142558720
269124370
-440170727
-186924283
-816747000
-417995169
224630904
-249807563
43198822
391127305
-497111542
66491077
488698294
243717081
-801395582
600487276
297821315
-692488303
105092923
692618323
705200733
-32044359
-61229235
-161526360
36879555
435561052
853746397
-450259976
-845031775
-802197479
-657300745
-74500223
347960741
-635786297
-398450545
883549927
-707498063
-327083636
-147219050
-120743954
-753123047
-684265321
-276507654
-87408838
128656523
1325377
-112715789
-159593106
593583480
-52858131
17020481
746898725
251656920
711500652
588297124
11075817
820955474
415561350
-465271568
32341524
-631521577
-298627962
-524092135
-457289145
721441532
617365845
900301466
-901721899
-691104676
-73946236
-416311828
-276295186
-866742277
-59123344
-589351534
820423265
-157384820
-820182441
138653108
986221773
399533841
574788046
223191734
-625009473
-144672433
-659914132
467622349
-631669337
-602213838
-699596797
768378238
550112755
651400259
-983096631
-477094316
153010471
109724877
-771802299
27766260
-837051059
-224009851
202467614
-856395860
237888181
-891722270
-933084235
-854892068
134779689
-96571434
-520579762
346636726
-26999962
368585549
103004355
972444865
30526682
249893486
451638306
-350739870
609682986
-537965625
-554873375
415394678
865455945
-598817932
-716614550
3541038
838188348
-906434686
-817033051
-248628836
322930565
-230459770
37558731
-945407779
345967887
519033045
-747704356
-670741997
-639782795
74684024
-123278446
810475287
692521930
21731273
-633595024
192842167
-923102759
-93420820
-776902764
-210083125
-185614998
-540798765
37870679
-454627673
-942835544
-690129530
-427588897
491437926
874899640
560067316
-210889153
-175680715
-202757825
665179119
-297047071
-610596271
-973168235
-818443184
-483656260
-256112420
434949800
890110048
-252922772
210668618
302347192
850098610
895710629
592567467
190137193
5116629
839839437
-221278992
-895879600
323153094
764996419
299648425
-206164348
-388802219
132611478
-769084871
267402624
-684528828
-267882717
-613278827
93603634
-615472997
-713162272
-320922881
-195141330
-94536977
660657530
845521350
-883956181
-802239154
798517640
-396656803
713083168
973195219
943719964
-445399235
-646574798
568259502
-483795274
539495886
-372002714
-56273143
542737442
794041668
963167034
-353201822
-332669418
672937805
85036996
-237523121
-450712995
-912550013
571571834
31141197
-979564638
-661921058
798362163
-647272701
815691842
857175516
-653078888
-213827196
-291407583
-272515189
895804023
81444956
802980154
-463980549
134956374
669531714
882429960
-812260248
189617154
-46119252
-762449934
407597051
474019176
-148236242
-541675799
-477478174
-178243812
354119921
-244412582
-403340848
-29484863
-275642090
-24932281
-702201007
295330416
617513745
391173227
-410125238
-446208655
119692953
-480138552
229501653
-153740699
453003538
-467095951
-747932376
-189008709
-463695070
247398097
242720707
519860974
-345406884
794934569
500699009
-49540645
670542850
-535761247
-301279787
174239403
966901895
867085687
-276711474
151738259
762148642
-830635054
79061409
900132865
-780912628
240684914
-612521939
951377653
-259637195
864661725
-883000051
-158696114
33222056
-416627267
564712987
483021182
-236389499
652333968
22614430
525253042
-882971529
-114487917
225061654
-233175808
-762880441
-519198413
-445848803
492725205
-699125494
163141595
383274173
-649478236
65497511
-355717727
771784624
-8204800
-844695683
-780912628
-69741877
-227395776
461606455
407213801
751864395
592847442
-880816410
967669868
892632052
482727029
-898374245
-851183139
-307870992
663645853
638828291
749859263
-456228229
145285995
50934271
181334311
-153052851
-465813505
-26645961
-976427174
50783940
-118617750
-663630274
489255284
25293001
447630325
827463410
129223585
-35245592
-791412717
-274344528
717248567
926287480
593509107
-799848923
-467041828
-764319044
-158994892
345898246
-765259875
-268904317
303082955
-760032343
705333315
300031868
1075362
952596630
-205324005
-210214361
-58042699
483652691
-597768431
-515418994
954769589
242985524
-457404025
-430908746
-980279604
-261245595
-428507796
-768421422
759907572
-332024590
890348990
-109999727
-123565230
289074262
87087067
549384338
-953243760
312266276
-537503485
-255688803
-979869727
510274012
10581373
184433067
-890588351
400148782
-551921215
731157626
21427878
891474668
155289120
-102760606
247562819
-398295781
107924401
-521685605
274234024
729585592
-154481197
-989459032
525076217
332026189
-896228741
964876322
-70825762
-215911454
-734157743
-849292097
-658972861
-344111168
-162307394
50646311
-847749477
701742386
647809709
941811085
-92799349
-675773004
-443691288
634349829
-989326812
479839398
-146253914
69351591
200830572
756415419
245866441
194815282
-536006248
870798471
-697968633
-315768082
373330614
801327935
148554062
694422917
562022479
711815162
244535770
851620845
-908941767
629113846
927613470
-499043159
-843024245
-472242847
910308991
-582151349
-945318285
9504460
-66831163
141827010
-834299585
220691706
704719639
-854483612
-702102904
91002912
863652888
687228095
236373421
749382567
86685174
-630245644
-991579224
458342632
991053037
820274934
952459033
959430193
-169348376
859023409
607602291
-382783842
-157352676
-344161285
-266322653
951469151
113669577
-147052459
-26519818
-935457973
786268386
309471923
623600443
-620308083
-414948690
435193062
321031678
-30458684
769129497
13496684
979661327
-947674012
688592638
63274945
668775117
914621701
137773138
989195828
-89768947
297567902
-855227648
30011418
349855057
70052670
642568835
466022640
-788841429
-986787063
-828547622
-570502076
-134218231
488856042
213318840
209867554
831392104
399930059
-896810082
183364123
-942056505
-464937231
288358514
77548836
101699938
-882142114
-213460603
168888416
367511616
-936309103
-381790978
638639059
-624063114
48700263
-332282513
-993766139
901663047
-396678200
-72644560
369142807
8646950
357335711
539255000
314548132
-792001331
220571886
-685954449
394163300
68248548
701808956
-980312420
388834573
411304387
939552613
-261480694
-693885624
-179227478
349182640
779363954
201278459
-564005767
-822403044
-457214541
516964218
-781360321
-708301176
168559434
-183217533
-847203378
-955180549
-78201546
-890752350
-894683851
58807987
428936230
-500888364
-784642793
669204282
-268761231
-187417221
-768167517
279725884
-148683887
-891417736
277763068
126746507
939820844
236052973
-626546119
802956887
-265880976
-605130397
797656253
118710732
324394616
747144132
-307396428
-342701244
173673714
435433103
-404281450
150056579
635536086
549213959
-536129205
-630717784
964113027
-40099791
422813225
382382154
-196480899
-17941529
-555080769
-226798098
97341728
-844403367
-405109209
365940001
335543800
-135235188
567593303
-515317031
102337539
242548370
537511669
141507305
-173610240
-745190165
-988417486
-339953804
-296750438
619046839
-836633967
-131078422
6830276
276010869
928796411
-695111439
-842595305
-194080793
-882971529
-328490654
-497346062
-888583006
-528288715
127977143
-562647757
579546617
108958375
334195267
-226887842
-783062374
821833098
-396479997
139422262
68170880
853941711
-321810723
-762203936
-367183582
-715814882
-241246326
-68407082
590296076
985913383
-716322388
81444956
-811994165
-695044591
550584834
-240363298
-210663687
390367478
961992299
662060979
-426275865
193664329
-4696660
658680987
892203327
351928432
-575619576
954069463
-461876400
954312446
-751522565
-326910097
16532251
109956713
895905234
-49871095
717595456
323338763
993695674
-343606636
395183105
-375976380
788902113
831007201
-258523688
302532925
-537342623
859985912
-274150200
-313654613
-44279707
924865019
-986211374
513604699
-6901785
66332183
968542282
-604198705
-527062541
326356187
777419053
994705503
-383179671
-811347800
670680685
770979096
388695656
810673367
-560033512
-745083533
-315446826
-397906236
872432776
-815185712
559112086
-464804004
338236243
-999791065
779423056
168817323
640625172
-839501783
419482221
771488050
-287408688
-282996818
815295366
579958751
461527378
-479623016
76673719
-271762650
-121790975
16714905
-794249282
21757363
-260144960
303082955
-817691665
-871461490
-863908236
32095908
72765928
-857519179
501658640
-134804073
403674688
-549330856
104594338
-287246577
-423756624
565657545
-873237947
-634206268
437905796
-550653460
289532099
448300559
-504285012
434104876
-363046538
-879502054
-784535073
-243338811
-24599685
-708807388
-658251935
501409836
-255506421
-134374931
-94223129
-160807083
-77641681
-611678462
142119253
629617118
-472775827
44001348
196941818
213507567
-384469630
14862052
419353960
465284189
596699110
-951530414
-626638595
-95811759
366582904
-589012518
160283736
-571262267
-276137663
433022358
-952119023
313990290
-293124316
548420930
772279899
-957030440
-804572390
-30880359
813375730
-608025783
-811347800
593909557
108703453
-392390420
955338131
29553255
613758286
-287451324
157991448
927724027
-755315351
-869304643
-621746262
632947982
-955686589
-538443078
179391746
-490780019
-122006374
-227333910
365324454
-61229235
336409852
888293573
-891338802
920088855
189555357
-926217757
-117200659
-994932903
-459781138
-672968153
474316658
-903409385
542469201
-680011935
786884574
994794499
-764150083
399930059
155088203
332959745
138267779
-483559607
173138545
802646417
-810574487
111816407
-489345283
-345652249
740046201
-658126806
-14611424
598032954
645309066
168998750
-710991270
-147339212
-237813955
-109494085
-508846124
969645888
415454438
-27669666
690384740
-381753614
230846988
-698584458
544102424
874124462
259886505
660075815
-485871906
476348252
-278935626
727737174
593187644
-470723179
339629470
-283950276
20855028
-705065269
-982089908
354931864
771152718
-498176717
-530534542
548951404
453793658
876022656
-723241497
-4845648
8421740
-18811718
961643051
8386982
38014344
-833510955
-11525302
602318633
492412814
615897690
-358208159
-263453532
-264685953
-769740263
25070351
-302710747
-905855955
-405616986
-746309630
543241619
535980526
699273490
755005033
-313049129
-297928470
-196912600
17403080
846484428
-879193457
905658771
296129763
886118169
196301444
479245884
323279528
-736519500
-328936514
751508134
170095195
-80459580
3541038
825678499
348359849
377669794
-197311516
-839300712
999561354
371579100
-178327211
792559097
-900479098
-76277425
698020473
912484296
-350363394
-650711238
802176773
-365212751
123534903
-603223720
449227891
63066741
-2130096
-889612071
-616839227
347182187
-800827805
251900045
344048484
-374271051
-452104335
63780777
-782716964
-707871042
-68139924
109138328
-503062879
686822553
825729198
-971679471
49194670
714321379
655655624
179386326
-689732163
-327274435
755234053
-740038439
-686053048
-407899980
123959264
-674928272
-82195580
-845003202
-228024202
25053748
959883909
729306025
-5416030
704344430
87575619
-2130096
17643075
-621238239
-787432304
226571852
315803430
-572525736
-34812743
633420443
869391377
383078345
-971292607
-659573203
-388897450
-907306110
232487826
-814951503
-748779925
-941397252
-4648968
650765516
-420607274
-436407791
-283367682
786566726
392910790
-481748797
-293922758
613016431
573370062
669204282
778317189
488439271
211217498
989813662
382626359
-104861014
-900269886
267304342
-126201044
-664551948
17212677
509695135
-916415591
-416036630
925949406
464038749
661931919
708236197
-393473403
611664855
-118932244
-95487057
-320349338
131755547
-146814804
14356894
88638014
-893764750
365818491
-54119006
67175426
-158868850
112299009
478209078
827181687
70281829
-527943331
-169017740
635536086
-312928567
149123459
-107907657
323025053
239497964
-127313294
-828087340
-432703104
444182864
-811592120
212850789
828050855
71249309
-877897317
-284226612
-534256650
171399474
-924776766
-250591863
724044952
593894041
191862645
273980484
-71088419
781438974
678065731
844730342
-903764656
81653569
-64568245
4576523
936065528
450034817
503760247
177785938
530938689
-205484854
377387256
-44997949
-428526379
943559939
653118567
-848026190
379756496
-736435589
-444154370
61556881
-353647911
793849919
-241430342
432639954
893549941
-390938506
-618131072
-384175709
-922295424
550845633
838608593
-2689281
-631323550
-599233015
594566887
245866441
852461744
-853245552
151640529
271960015
221546327
-867974309
747761104
-390918836
680399424
720518510
-804919939
168652447
509320084
-789890010
-909235002
374927690
308981298
407298370
292481665
-453829055
765811013
78413518
938457298
-529180893
-667272515
-764586781
851191210
-75145134
694450996
-368487661
528480015
-648005605
792627856
93366104
-16587100
-396916850
-566380807
490798519
-482865991
-912550013
-571479341
171997005
327846621
-404416553
-890969019
-971118696
675155791
-515829548
800661639
175240779
29835444
919802488
-50706515
-531943597
325244608
721278441
599671940
259762867
537836001
-963568200
-633045288
370709382
-412387036
624454896
928086799
-329876901
266310360
-511440651
-410059267
36859200
228464575
569767423
400893722
499355237
-954947392
-417204955
-599373601
4589594
-337486130
-760776121
694306701
-762871278
-409283900
981790590
140561692
-144320837
302136736
-210141512
961487578
-105448595
-968369310
702026067
971870333
-511848812
816755936
-32532754
362992021
-338922645
351315538
451777539
-639970130
-168148337
926287480
-702756208
-600414097
902491550
-420978660
-334702196
-44102997
415829336
826181407
187522052
-197134724
-486294083
13018748
414585140
-575149298
-190434325
905966450
-375498135
61466673
113553461
-403117797
-591979644
888894038
872987923
495050036
-701303876
-622677975
-828229852
266145864
-104677644
458065707
-500526262
644876157
542508395
-171870240
430196753
-961118870
-141260604
992543728
-141260604
404117560
125177686
464306018
553014270
-470509584
-148865403
710694349
274371826
179591975
-258571157
764382657
539423339
-594657584
465420803
-539855866
540917982
972742725
-949620552
-982391258
-351122633
136861771
699604867
-270019199
684358520
-200571712
951377653
-789890010
-521733676
-481429249
1204416
-832994306
-878264686
-604869932
-509646544
-948193604
829630917
421464441
409363902
-320747522
-473659476
-949353846
-110812088
-201961464
222391799
263320723
345602488
-628830672
605411124
190527424
-269104176
-928402147
-857200869
-921115666
-715698836
547358107
-189240491
687335433
-546585151
-824799185
346190626
-290223619
412222200
437248376
465326208
-986134428
375617376
970062899
134393341
-248635225
-162688174
-276479332
610510266
-318168849
-901703711
-813324805
77321336
-860664181
-405273891
118052223
263320723
448962670
443105773
682751531
-165598158
379429390
-335874567
-967840078
401687689
705794982
395776714
-710194946
646511311
-486255623
962788151
-412899497
-778816588
-161659357
-749751531
584750205
606114664
907974060
-131017499
-428526379
-251627767
830685784
664485083
-907265862
-501555059
-326510613
945575441
-451101362
-378998247
-413289812
878760481
-528405879
-878837600
-536579972
703811302
-963455136
-319838417
-837285079
-468444209
-243506860
-315011759
214825417
-310405130
-657825539
975985607
-476280982
895955415
-368239279
-638233084
304533814
842553592
543022115
-702450299
-938847228
253815294
365860975
-256940670
79454698
665812097
545545342
-594350916
988216080
745487324
762148642
-977953693
-769146320
576821225
-212048540
-563402001
-325076886
81151267
225188433
-420948801
910003561
273308588
-747964558
-31828134
-479049776
615001488
346734939
-599280279
197382571
-931580394
-54693267
919398677
510757210
953982280
-367335509
669223161
898653289
-613278827
722060109
-171644295
811381307
4154003
-690349468
-617416606
930695323
741227846
-761526429
-672373259
916562103
-178616147
-641383641
-817033051
-706136547
-916026679
-135103790
-28533376
-617195417
332559442
-564150792
210183138
806650883
-628558338
134956374
-866280628
238423038
-89289845
188989985
668204898
-742968259
-229770591
428920189
-94583538
-957030440
858106055
39235680
221843187
-41787150
926531365
-766379571
351574294
814911031
-145120515
-545306403
-614543750
-878061857
169366881
81608100
596717428
985305526
-97927485
186157279
226764817
316282498
885539396
394220192
206703195
-119997839
-937821063
-446200994
696255426
4962509
197382571
-374794604
-549664938
477921375
227538860
758667034
-920634669
638420498
395229674
33256438
435126559
-251690074
-90374538
446993820
-931082309
-161791686
688119613
121433810
410278070
943463053
-435848126
835472895
88248782
-862815789
-742968259
390789047
453291404
808079760
-449941750
-6665544
-231292634
532981889
-668608629
-706350862
832922567
146724597
-442383206
158768751
843770820
586374609
108375463
-252022745
-773498081
-358488778
300599448
692567979
393055986
968124751
639170408
-894744853
362517904
336282166
-347341254
-442026110
743292289
185569411
353638524
-637043148
464233770
-256740754
-716158484
404008565
726628115
104594338
-83748778
518076578
266487287
786661768
614819179
970473963
-254713262
-309176040
211858224
-695349808
872216487
449359235
-855913036
-623647343
497925270
664966305
-559226982
465729092
288077371
-665548025
308718871
-498913866
-961871503
304586297
-418228682
-734931057
582460658
940148350
405724040
77548836
-296123678
-265693214
-826222926
-715814882
-450892138
-192812700
245198246
-713162272
-948663270
90159941
-843637012
811477207
895710629
799587598
-984962793
-419283813
665656109
-771452609
800218438
-585506106
-956851065
165393749
-643743680
-159789749
175827086
12826200
312763462
502096505
-24900020
-826936740
706766788
557425562
-784332549
732192472
-442736121
-267648555
39458137
983822890
-457805613
189391990
721412986
-690551828
184858507
168291079
32341524
-482215858
440915435
-649112995
332959745
61194077
-310604047
434138921
-664543759
534106991
-487701821
-903019848
-836511827
-800050366
373917508
-244220785
-601688299
411985363
276674938
-255688803
-592174757
-939557899
-943355697
375617376
392335489
-826670504
745650041
-807166773
-276345145
-825327575
940975596
-412350399
521821354
519245076
70320620
-781113840
-588933533
132207151
-705012904
-146678415
743096232
-482215858
562277808
209195460
765920762
474788470
757911023
922127439
-378486733
-626552816
-446819648
-283499487
542148940
-794623553
-333813704
209256637
317114421
-63819645
-398568781
209338074
-970961011
469061001
-731467208
346636726
236707779
-137914808
207977261
639721195
-114770369
732788045
178867285
659176057
-545331633
-401893779
-194663038
713713406
-545607156
720872514
-473514323
208353105
725383345
820423265
-990385267
302347192
-994276243
-91660642
-756635611
-513764496
676897244
-964898179
718041495
77548836
45547670
566229728
207543847
611566100
935573297
24742926
-60818404
-345931071
-792862221
-634506411
-780491694
-597259081
483293610
-332466182
602827687
-880177451
633152579
-827965857
-69107896
-134537702
-823035360
972742725
-498368779
35203267
-318394188
-1587542
273068461
-434316737
-639619367
559171226
-322222376
-139648859
-382735986
473406766
-240083628
440072020
-477235513
512214471
437396464
142464643
-96043038
832824187
-443180491
792627856
140572052
-270605314
991053037
-212886590
-40595428
256427773
218607472
-891688958
155025153
90336245
795571000
699055163
-438901113
641236410
-390089603
-174057745
-271700003
-925654017
910374477
259505972
275753298
348386616
-410054732
-357731291
241905699
-614543750
-677221763
217857493
321031678
-510373507
278789477
594769785
-921671438
-973304580
633659959
-57033508
352016933
643994540
-667143435
490991178
409650316
-944756950
-274924537
-811048503
-735931411
849801562
4335298
-249376148
218957149
-147260971
-823175723
477557432
-904156403
-766436963
42106984
-154481197
-814217310
-488845530
13246237
403962046
-259404521
-96435705
-810247800
511289683
238782842
561535719
-160126018
842012466
715778168
-723497920
-698249546
-9630234
-241430342
-896621663
-314583759
-525477608
-805876647
818394732
-594765961
-361506935
254741689
-43504595
985991212
-539403375
899151614
391520626
158814596
560821494
-960250243
278311018
-757577129
-649478236
-940921427
781173475
309744905
-642125065
11290698
260213491
-38058349
-581885294
-722543772
427390453
234321961
26606699
-433447563
-608110857
573593037
-437711030
199323454
774710472
825466698
500219937
274261796
-98783877
-964079526
-680108035
797074461
-474608781
-276027547
59132407
641803770
30769137
-647027014
987083629
-667949603
249553976
-21695433
869131669
934171664
-784061899
-90168357
-89373383
-103533572
48572183
218818328
340375030
584530667
587936830
-108881107
-317495584
286261773
-889338558
169750029
-580022285
-816994902
-539820022
126309438
-129276014
184334675
-725174095
653312267
442248426
-678032402
-655404438
-673395998
666472363
-115755505
218800236
485367966
775007194
-702238886
933293195
683014997
774015111
704967464
-6357068
-120189959
579892234
-228420413
593716419
-793566811
-293124316
-872965108
779790984
-843803871
-465321043
-137874892
403941655
-831315613
842414325
93283103
-791257062
-886568474
918266445
-843222350
129487244
677519125
-491090361
-900146966
283848130
730853229
652307997
-829909784
577485827
-739673712
942702735
-407790033
-936243786
-88088728
127065854
-459105749
404824852
162587444
-290175169
301640133
436091334
-405930120
-365167110
352695660
86238477
-832787270
381565243
87773570
-972840092
-907306110
450597407
-224428829
698682245
364371409
-244652842
946384094
584911640
-690349468
956700106
380212506
28285406
53896220
-752048535
-865516203
259607031
-642684330
-266511654
-506109083
-227451680
95910330
-986447540
934440233
-213476476
138479879
247355468
-845748868
61116845
-4297574
-754632812
-675773004
80408665
301191330
-937459253
-468459404
-728356661
388777833
747693531
544300463
-560033512
540089208
533560320
-427147763
697019785
587522209
-135532319
623911305
-760089830
371209984
-490212835
711088519
335700565
-200829975
893417949
-654865651
-733443120
-979356665
873751773
714656220
-853533115
-120434133
-83301236
-180521390
-235394435
-51750103
593791631
-884622868
195692760
-616127145
-628909632
180481715
-555415611
400610869
855454425
737443186
345770815
56023721
732030240
-916180568
310671957
-208174642
896056258
404356366
-857795232
465729092
-808858390
-92268343
457391877
-655373552
779904673
-130004605
-669184618
-557810152
354382437
13133722
-742135051
-94445764
64479360
155128321
329033460
582637648
-939772499
509176630
-715991625
467288102
738965438
490129254
-444938760
544275889
416758784
-348167917
-367120677
-582170865
-867129872
-799544994
851971071
-817033051
885777780
-862390092
406906063
561708725
229555414
-587615051
559909647
221936415
-20210641
-379253036
35979030
-840559840
-32148747
311521590
-991050593
-281784460
396633114
741222369
-791058673
-718094739
40724385
-325052554
761147053
584192733
355573805
714464629
-788809616
-842404176
-39490925
561869045
878112058
-116246557
735241759
4524281
-907306110
873605318
-166873938
579280504
-911041445
153556498
-163629351
-843975749
862440459
162236506
-366351350
-730788968
526481280
389581102
353891151
639021778
698727902
-442145295
-38755033
-819687301
-339225859
899546238
-235282702
-87041183
-65823968
-350671444
-150340222
-671796110
-766655892
-713913746
336312972
703811302
416622268
514091822
744799551
241735282
-158868850
479024595
-748733619
839991226
531748434
-972208659
-680527809
-72762374
-814095512
-610935499
398097239
-955283681
927755364
935003814
-341726906
283216366
728231501
-626182451
470458450
-802643294
576564769
417899091
-981524135
58567765
539958484
247438298
862286994
-26999962
461863292
760933121
291424820
-634847548
-118026789
751991592
-702102904
-313663740
-278155375
-350210845
-783241066
-393091015
247026810
161519072
-723012212
733801668
-37429235
-53473794
-97915533
895606030
-936812313
-338243301
-608973253
940547404
-385710945
-122332034
-576465240
941630755
904693564
476891814
36076052
-606084394
479305539
-489286982
246899697
-821535681
-368487661
569280143
-49962025
-625919331
-507547252
-118265371
-358009035
-561552883
-225066635
981241307
-73373025
-760776121
-798979109
63394911
-454060255
-194402107
195836260
-429032701
-629909360
-926994596
700751753
383177477
726889115
42794159
835301213
-510955932
501236882
-170392954
858908846
-747964558
861265039
-360993973
9213711
-414055478
585418788
691655692
-348030712
254397074
-495877323
-979953877
610944825
476573291
-119188233
-512348750
355893753
737736541
-41305977
-701749096
-863402753
-228393167
-261245595
639787902
863243412
-632154405
890410519
-897684782
374927690
-69820521
-352654817
277537639
-143437761
337968392
-974912846
312846275
-952064654
-794062773
-838351248
238836757
598894698
-303397516
-114126093
-127850514
419923858
-654609125
-877348789
599959674
717832475
437471983
895085214
306151013
264218716
373551851
877647135
397477905
-512637894
-577221583
332149863
386119991
-128709955
678042335
246852571
631451218
387059613
-234640669
-988631045
-796377690
-933571508
-263421040
500610065
416817489
575509447
648217547
-539202810
797827355
-492264989
481724580
524463687
-829256804
-444817200
359805070
-158926903
-269344670
305395392
-850356132
-841650530
-103409822
-488272501
249232950
-879606427
401843345
189391990
645541791
239584111
-679916372
756911098
496784686
-291473044
-362070488
-925449655
-712030608
325282075
-339711458
332836795
-12871664
-388094165
-572826334
-79174441
-705349446
-78681975
688119613
-94411010
604049789
-533795857
-220353688
211479289
257036158
862132317
122535566
806926758
-882619712
620155769
996047148
-889897896
-296608975
341504879
106349362
331980161
-66092947
-249346851
369815203
384564564
-549396170
-795436740
-862851878
2209831
-278872795
131859894
93464223
854781930
-871038183
509938941
-499429123
-336913279
-512413728
-202866629
49546873
798918884
-321114089
255216597
-483979867
-248744409
814264017
-574646186
87210356
-671249456
-931996289
338236243
-318284640
-662224746
580767618
-541786309
973388874
867296677
851439629
-568175301
666909529
-574791872
832466736
178946546
-523489318
649528976
180481715
-974928882
-802474708
-146678415
287612051
-150503364
-151948413
-959718972
-427257949
-986571468
-73030017
750504714
-781546740
687082359
-70365085
545579449
79022985
109407739
-174240162
609918237
752068316
533156428
-707085486
-569190571
612663658
-809258884
-537903620
79335401
434314924
-282653841
-342507931
-762489269
493066822
-575159908
-600665078
-631545622
142848163
759873886
390106690
755234053
636347076
-485506128
-574219039
-823142256
-804813857
-928112630
694127526
-566914259
-570405610
-465321043
606064529
164262478
-688514662
284958080
544746715
613888788
-230698791
423284766
-424982070
314033347
-479391636
5574862
508708259
-743314887
-718005577
109021024
-315158379
644876157
-335661529
-124890430
776458647
603514329
-187304347
34770340
-383586409
-302639637
164051727
205467852
-728672802
-209356639
124221224
842219566
214530165
-394038830
876610291
990823136
-748779925
796172474
854578639
989695809
-861613005
385310623
691794675
-683840288
596253108
768103713
-206003239
571754183
-512688863
129247036
879696353
813621747
-762203936
-502757818
906774070
572986819
490299583
-12258515
-277527591
-304432945
-836052625
82686823
277395529
-450645420
731657425
-712110993
912412979
-889025877
-431734099
-23660570
-686534900
-211530087
332630194
62668621
799516662
-32680288
-899278837
36129903
114293050
92989237
374927690
-163244994
-430234987
782684484
360261604
165531534
-334155460
-814127704
192686522
830158320
-246072782
143976782
590024202
-345426937
331159848
605854004
-247424931
-704639562
-247115391
-416449662
801426622
640537094
410907278
-717084141
510918718
-553400443
678918431
-596298067
836628381
-809791452
-508072367
20583548
496119132
855485144
-425718114
636887204
545213407
-830579513
-429748888
368331389
444031997
671204914
46964105
-708607477
285601259
-567407543
323376551
-480462946
-442531677
-141380414
157257611
2779332
520393775
-507127912
-337986477
910418651
668775117
990456008
319298934
506711395
46876382
-735462424
-228956252
778760548
788303694
313977373
355504934
532790611
-690538260
781438974
-417446609
-367475605
-947080157
-163911055
-60046950
-451271920
-181581260
986410905
-438824684
-30382366
535177798
889786699
115098538
409149518
587760690
59390794
-414507065
-309113330
-821546920
-604368011
938217614
-352207662
885916032
81444956
-115297303
130246481
-16213637
252549382
697351361
-811397163
-755242501
266398040
-990584752
512613725
138348525
873258913
810522428
-220246688
278972534
-406116080
-75764085
-903516579
145710483
44469371
-452820186
435793900
-878334296
-10729113
216383148
-942835544
-661018013
859662567
165531534
314422410
-569472827
400205910
599445210
997112037
26009833
169105102
274593680
948728907
-164041536
24081266
474630653
347451295
770461715
-564749330
-277881020
-293181669
-991161033
94202549
-479838723
-575739944
-726472806
419746516
315594160
-291700259
631677305
-526248082
893654175
244800182
872866307
-729571931
124830285
757826991
979930911
-407347960
-912334634
712819006
-218401292
272941508
-489960382
917280705
-740566143
203730235
-572302634
-83228244
81078165
-4616749
-640188084
-490345163
-688072664
-538984448
236373421
581704696
112731289
-280930270
-691616349
597874132
420697041
808930643
-677075610
452532943
905138063
921447052
984995590
-23166573
-219505141
774196053
-737989007
-137803063
937116212
-836253386
-861380667
205615575
662482338
586714949
949225376
535381184
-485625434
504942466
403096620
655533597
446993820
482284212
-3551903
-179744699
610728862
-812028982
-309198387
464263917
-343383403
-411421383
-325683478
-165854505
-926217757
-614193317
-221051625
-156083861
443105773
-91627640
-293586796
510773736
-143800073
-77574438
-362163392
-744607547
-666613472
46467451
-406307206
-708621244
-65491768
784519217
-989419939
433934484
909168882
-754153197
609101860
-554099228
392604952
-952047181
259275312
-651366619
-346446378
-751407263
139724646
-996773867
753175646
-840559840
-925356645
597059707
766407306
-53113205
-959048758
-308672310
-3775858
-288780842
-332238146
-525615289
-849492048
161606360
196746279
-870912946
190700779
-840458728
951627794
880877763
-740279062
-116085247
-446633
-112297536
-492487617
938789238
-169107378
-429549745
-269954151
-67982088
6576667
-568114888
-162688174
-628993653
-378660463
798016177
874213898
-52823880
343582329
-254747260
403162110
503964366
-126258953
214177847
781696686
-464518786
349296130
267585892
12611935
494714186
365927575
647791679
702631
-936620476
-528852253
500932262
319970613
-812510701
-566259348
-732049730
-640492916
922127439
-77459301
-27693037
286280307
723680857
456477464
-799359289
-38430207
224181849
551605902
-291924012
-859529532
-835245311
-644610105
327266574
-819600536
-786484855
125413690
-442531677
-141095174
957257067
55291161
746070038
-968680310
-459319089
-319499238
-306137819
403857683
-442884262
-884314223
-842964713
-424982070
198010402
-518463983
-499022913
-113783893
-261943677
-921093448
406723453
976909088
119572050
782781299
-594089509
518259823
113669577
709014336
-197954573
178161728
599089782
-862590522
-77275369
296447195
-348288454
-984857257
-90122018
-684362190
655443929
655443929
640913354
159627966
16278797
-715205017
-753359867
496737881
974285997
314668033
-973584301
-28282806
-58799638
-685086928
563758370
428347509
-948511876
127284204
-822550503
-997755869
312146751
-714129356
-703551456
-85752447
-338243301
328010859
645953113
765920762
-212436438
502445510
942386242
405242723
-762923693
-78083996
40020596
-875785751
539552153
-998862188
321210202
233835820
314684071
489565190
718805826
-983778022
-9919938
694535256
-152946527
656975647
-374189203
-929139915
914697427
-244051009
-752253294
94402384
-618961270
-983419798
-407734631
675311625
100702792
-531242317
927631378
160088234
-887840108
-876940264
764382657
903562503
-985211789
-843337086
421884278
-872217925
322352842
514932622
375171957
594358009
-300276673
-103975133
-474688063
265070015
-140607466
-790955497
-146678415
-776559724
-945078197
753307016
882698200
-649329842
-318080886
279539361
-282012722
-563382243
-240334129
-6102958
-762105312
-217633326
311937156
238088958
988018377
609058254
-272374499
-733542902
543458873
-189423405
-215439738
855528682
17369436
-621678353
816458834
-748587612
270457385
753363204
-499043159
-485139618
569086283
-653678919
-306158056
983520889
-128130420
-25778127
-786630992
-392373327
-983642539
512025023
54030868
-520366198
-608465093
786944907
-943023542
-241908766
-729230100
-264606303
944648189
877007312
910271469
492340863
-308789058
-664316681
565622622
-387944739
135725021
-546718736
888293573
719760782
131849431
-250856290
62103149
-622887707
-963568200
435561052
-228499236
-96625275
832138001
872464031
91732721
178161728
498982551
-115068272
-256997102
-698545302
-588626929
573916354
360848594
-342612866
780192433
-460940742
-811546989
943325938
889777063
536485864
-231941026
-873306926
125130929
587849046
172529916
567802176
-149079309
271355760
391033112
797712621
-820143899
-173686632
667344008
688510701
-319026756
403124790
-188847301
-509988314
-392939401
856819314
-914408769
-134537702
-791188375
-61973465
-331756545
-973477594
-991161033
-842098484
-257892757
143594526
-459319089
558194109
-300276673
752068316
194438057
964731651
-384469630
-320637771
335624335
-585561413
782008496
-375083822
819779013
-143505989
636267054
-248635225
650935142
177425762
629286415
-12791879
826145345
-705936873
-955160190
-134813704
540924426
-505196432
-422834427
-962054110
188371653
-406116080
-926552175
-244933890
-898629
-254493808
158102914
534559320
421632942
605931121
-259548693
899302879
474561124
-484529157
-204787383
862419264
-291395219
-11640644
-54723651
682937510
-994720487
-814073601
-440972418
487269522
-400162255
-749246741
-937408463
16852049
-938564914
464977449
-336731178
813020410
490991178
31074845
-363292766
680399424
371654678
804270576
109601497
-67322213
-309860964
305673829
937742365
490380929
-397250848
-93008253
-66432090
-381175962
-559067737
396839646
-661120396
172597818
120821352
-57314792
-439228171
258612136
-836052625
-113870487
116907530
567548069
983585329
90700726
-378542055
-552901334
-302055590
930407047
-706414343
-442088436
402296496
-939165640
-193148089
404505263
-698126546
230311109
568566807
-462190744
119780044
481508619
-907183646
451978861
885777780
195674992
360435827
-25184651
-114770369
132051258
55032543
-329028730
150639998
855203630
363175551
-837432771
-923753339
-421151769
-624832731
-767675266
654957638
-881189096
-297732825
-553400443
-953085365
333665314
-301193541
354475760
-545996364
321879188
-670635757
968393685
113905210
-39707810
-688039817
-549664938
43590743
-605130397
-80668490
-347782859
-741365117
931880587
698935910
-299767513
-300573923
-248866662
-730354701
-992714329
-586111270
666503029
-532692699
891925208
936817814
256900161
927119834
-226525401
-181252467
332836795
-380029587
-371319995
-46330300
887439628
-518003742
131294108
20760435
667120727
-232762224
671879478
-480207374
-923401034
153805510
341792161
-25323397
156362603
650690332
-9163723
-54384260
706633305
979185862
648509488
65332957
-315859862
510362856
570050042
263171973
670739174
254451654
-538532764
710041651
25053748
970734305
-857731419
-152027032
-300961508
829356493
-988035746
-373322481
-989459032
180990670
-409852998
248248915
-523986959
273953527
449473452
876174128
731516321
731568857
863804757
466907723
595081866
-678491465
-430079757
-722362087
-488687435
-291700259
-266599444
215096069
-667113460
513575029
-503719891
-266925751
488140527
472899180
-722428006
763516526
490935385
-330705245
563881323
191523906
-164414540
-829909784
412793713
-573851146
-528852253
-594260777
204303806
-344968636
-650759521
57558363
-490149004
474940045
342905776
415697033
997277969
-494631659
-371643029
317951037
953947
683738655
690303555
86238477
644911971
630854891
437718953
529263859
-134328822
-899539923
-507299798
-115412816
-94813204
128751119
-66018163
-305264144
-359398309
-862740618
980493759
307238709
-461927738
-726147283
724937724
808977458
637663626
-655515841
-404191508
152964590
-731129246
-779299438
-162307394
-36361323
81254024
-505407605
-809540366
621018363
-177229092
726302924
703889485
74430880
-225011211
983745951
-480230953
400512043
-822795337
443208947
285303551
425645801
-130456606
-853199072
-457953261
437018882
-284226612
769835195
-627250431
-551195883
-541431971
-208521315
-467041828
-748559023
925089545
-192219820
592306491
-29156616
-671605728
767537952
285244449
-380641021
692946886
967531560
427271457
-295072055
-124404801
604295956
-12733558
-858273556
-593858346
646125960
509238632
813462645
946348397
1975380
-320922881
-935043454
-780174629
-697764192
819053281
-397557356
-695547465
-561345825
502278483
-706873855
-468496432
930334746
-255688803
-169951685
-268761231
672539239
467795040
166507174
750869193
617908544
-263249383
-866742277
448472273
-967748189
-500911665
169184302
-631229333
838661515
49833521
-206794113
775600648
156905889
129208608
-110620132
-439148053
-360550141
-55488488
686593804
-843859500
-962744034
-346469441
537385139
-161439750
446892235
-433418990
-444278706
988319237
-794446539
-699097526
172043619
415829336
400205910
-304473786
961222683
-351859289
140270274
-809160136
-681450439
-285238475
579742015
-436812882
861133432
484129370
-322674248
308081767
-801576494
-687804988
-293018515
-996622374
-9773652
-945344408
-309364499
-659573203
-65960633
-572803933
-185325654
-483439166
-309768382
-56275919
552801408
397946937
226944376
-199742289
148930794
302678316
397806965
825466698
-379058156
283553615
-382290732
145867878
186605427
-336936637
42756619
-704839585
893654175
-941003570
626495607
530421233
-715574693
576341525
-718389473
-443579847
-217471981
-674707354
197345977
652467671
-446175587
958799629
-576940688
785054
-844665164
-860910151
-669943159
-301679335
129954624
-871669069
-183217533
197015587
767014585
18968898
-475303770
-557332951
19629514
173195301
-354989052
910965223
-686167088
-610673679
-955055285
996933702
832032928
77548836
374984711
325466100
913709292
507352466
-40503657
76523108
-296139162
-922378755
-752540682
891764427
128167066
-134153128
-679524449
-471002979
353340499
-91056339
-303090530
-759422995
-652678078
-929426587
-542994559
-26018017
-116564699
-613736924
-623420626
620300012
419510679
556974690
-903944014
436962170
-259006717
482284212
7300836
939942333
-685059496
207348383
-748141340
690579271
-36195857
-941719359
-494454437
-575149298
-687448747
893654175
47540005
321241527
-426157716
679479237
326621447
-476523382
-601858880
-507666757
59693061
981530708
192282406
-414513251
-757230166
-847924588
434432405
-50065280
301220702
953001125
-608489669
949545928
-338005792
186238322
633429957
514024574
763053870
391941705
973065072
674760229
-963035538
-861779700
445733158
426256325
-899030485
253935861
962262729
60525334
110123028
-701847534
-634206268
103143
54907040
-566771090
635973605
-381551578
487766680
-645474129
-305205814
-5098982
-949389917
-8944373
182455091
691151279
257528465
-539785002
-291185806
585428347
905898158
-275338800
-626970007
-168264656
592658226
-777561103
-24599685
-930048494
-550529081
-475770587
525501804
794638231
630402279
957731957
-395479236
-997068619
-635003301
821300157
-406041159
739696891
632488262
-341726906
288661505
-400053270
290400907
235994135
-439571355
-384755555
-459192398
-728934622
-186650710
-681322524
-131320059
-283185917
11666947
-391138755
-287497068
-130251945
917683469
692421626
385400709
166965982
-252929765
314360001
-74532198
-783550268
815385933
-730774016
811024005
317650044
413427934
72362396
-771588103
-845115676
-807224842
-352377412
-970795560
776608048
-594268412
100589142
-427171666
-571134085
-610479210
-198384132
624089786
105589468
444449064
-736084868
781625851
-814576106
499160281
-46758287
-122006374
-299271057
376925409
-144301220
-962486930
-637400800
296680646
499674449
812000404
-740090222
447332241
960775270
870056012
-158167898
-864231002
19232824
-398896241
642485049
-939177309
-417342191
-781713130
-630914274
-500331656
-997633286
-214581046
-243945144
-153127720
-421913976
-902004142
73765820
-919669261
-27316638
-206456308
830058623
-785731488
-156184698
955587153
-631178941
-922378755
-667749930
630142125
865879974
238461561
68479076
416580964
820252486
762357662
65218850
365461877
56361532
-391691913
-575459975
28517213
749994148
-800827805
868714501
616789595
923105757
-988572135
801129798
963958523
914359207
733567382
513630401
-708947766
764928084
186023757
256134605
-933765467
-375344893
507352466
-670168644
-344505344
-737274935
991516754
-474012585
767995308
-710000091
-405693576
579811259
615099053
361122248
932397405
362413294
-926810666
-788114214
829009198
543675341
404587336
-426801928
129739493
933028076
916292253
231875286
62257045
39743213
-175759035
780614090
287456154
17369436
-227395776
-683840288
-347897881
-77577926
-14950724
-219594768
-234559676
-329406620
550860654
279874006
-110905636
625124499
-301279787
-854256624
642707266
-869485434
888854749
-881689574
577560967
19752922
-944569569
-959468651
127659064
687505705
735301908
-20633344
-297192987
730482877
732207460
475728946
-506254867
-688606433
708549616
849465957
448472273
-787558822
809619320
240169597
556749011
-317761296
-878231906
912680168
371360062
-805228927
113386449
837521984
-339711458
579958751
-656217758
593894041
-83185791
448702652
183134552
156941718
644982151
91880678
-981644790
-821234352
-808557512
30870119
-290558487
191009516
390152108
-557249086
74430880
-712300099
930364281
634571933
757712577
583522308
-476627766
-437927438
-843726126
705407920
216564121
160173217
-855670516
17895859
-308738737
971870333
556202852
-384338558
784350664
375839297
-538410956
371203624
-170047580
-314403834
797656253
662546237
84624727
433017179
-717787341
-85629201
693328673
-337023687
-739569078
59862098
971803331
149180327
-530253853
499706698
825466698
830627366
-252898311
-674166702
-136808040
-565243242
5514442
280252959
-903564912
625865058
-951993265
-879502054
226156303
622249472
-733140580
417899091
521736029
117851153
196065298
428538050
-54544106
726716954
912793192
456110064
-547443506
868132876
-277392314
450415779
-641019517
690384740
646183237
-119312481
-713415077
175549970
-522782476
175653972
124138350
956597312
-116342329
-681113761
175614457
824001198
166567846
822910039
-55548791
-38937959
-390372526
492624155
-878760986
-126157066
216462625
497088476
-626894600
454599232
-808426049
647024034
-876971555
901922778
-838976502
-453956082
835811963
-492132966
761514560
994808420
-276813280
436343570
469050786
-759573282
294444328
32061672
821415287
332271250
894724623
585968802
377085586
571243744
-25704307
-33064145
-90263059
931238530
-994884965
-264287121
822910039
-240258415
-947311516
802134605
-516399024
-166873938
652790455
-258806775
40900373
539495886
897141353
935976598
39075219
-947915221
396726433
729790177
-831098668
-700645378
937625222
-714606171
489040822
-169690881
-885729707
-559839531
-854941820
-263042945
-34266406
751090489
-599070321
350224329
470185699
-732448117
-918348781
321096987
490238378
-78397229
-484606580
-117676646
795771924
-241383619
-942716595
292888494
-238330214
-507215923
959529448
184532390
626591237
-596406543
472239288
-80828560
-842116458
-360240099
145135040
611917442
-119591494
566798320
-542506373
-842148614
-248253515
-108543839
777376139
714027641
-503909922
-806747908
-249457679
863887373
-450368092
-33031345
684304870
408377135
-553690648
906709033
455121525
-852930590
96069210
598277114
-520431786
551752789
-433963432
-331745393
209377968
-288532307
184858507
-879327425
5359251
-117759889
910374477
481661382
-279931487
31141197
-515223106
333868241
253126856
269331447
708260082
-916662746
8112409
867966792
-168716007
-281157484
941369714
-883627247
-441223513
-687103674
276044979
73867170
-744607547
872896294
-259427859
-945389876
921558588
240557432
-265854585
323440128
48080549
346952160
-510892608
532440255
-686575972
105668028
-899322106
944600007
620098206
-62221159
-288980866
4769295
377944460
-338577874
-234448388
877322026
-120857664
27499307
573476196
222533489
-509228863
663645853
521301112
563993525
-637669049
613512029
-605607998
720306035
507858036
-24943257
345029491
-720668420
-838967489
-771191433
-861998327
-752510871
412894272
528296141
-285893771
-550700543
-708041957
-86318046
-928112630
723544776
964939696
251749210
-431029753
-853798544
378120153
-163612873
953321637
246099605
37802766
734869104
-852171259
-516247558
-712722142
-129414656
-395977696
-196912600
-985763683
-111513062
-209598150
-419392912
35017426
-403255176
77750583
544219616
-511639952
373655864
611040908
-103745097
-576062876
673877840
860709082
619309644
-268147840
-531018197
-213726875
174318753
347031785
697304761
-308297159
764082897
636444985
-818157927
652408750
-679134488
-445273393
-158792635
825003782
231875286
6633526
356093772
-50527286
-239526241
878530810
552650449
-335355570
128656523
-17197254
62130148
634127608
-22465145
-981524135
382332935
-228234
-735891194
-230284544
759188447
337497734
-837875914
54892558
-681312462
382749620
-565851821
34600663
557508157
-67089881
-994750481
884891163
860131347
-867912555
-532417105
-231178321
-70909815
711355986
749558715
871290879
212763252
231895651
810972432
-2281919
-387944739
-841994916
-618439372
-987308397
-486678802
722512578
146877064
79224892
-772835223
-879234406
172653505
-176247228
658685164
-785776607
526239669
789874264
981987416
213318840
34476160
187167986
-258302489
991320328
-651778318
36528895
-407899980
-267599904
-710683192
-897977277
484780623
-977731878
-351716749
483082973
812240534
-475575011
-624275292
28261587
273488054
773566174
813144057
997344364
-849968787
-109895011
-229293412
341504879
-258682980
671366611
-451064046
337113577
642654219
-155109870
114929490
-433946179
-172817462
-739067826
-591871359
-990022221
-424803665
-553058220
-464628014
2082632
238507643
-98903321
37614438
-993794489
-369349163
-176347996
-365504018
900389581
-580523150
-952106856
301532690
99637548
887485979
215508454
-64671842
209787080
-919455213
173375747
479386683
164481776
-462441027
535224987
-680036151
766142268
104408527
191523906
143867143
78151726
460529023
799154360
-718419922
436603504
-193497439
826309347
-805487183
-481436104
879859010
-658420912
202621203
500876304
600246473
258809604
213318840
15353063
-613418052
232681632
-877081810
-321745756
449166619
508915682
-194237945
-152822281
-676761571
994266214
259886505
749281360
-123278446
938734048
-294298174
-897198302
-406363508
264507124
-402790869
315475787
-622644312
-252438099
561414062
426434467
-156962773
-587615051
382044036
-787576827
-645317150
-371300973
255066443
902141746
6515436
-552477894
-488403650
855414826
-522971279
92280289
584486174
83409987
479024595
-436839489
-693654881
-490974999
-610706636
539240705
434577785
537893196
922940536
68982830
-629950537
-951792380
-16322852
678951217
-530490625
-989459032
-122211479
582421386
329912222
-907975793
767014585
265617730
-879502054
-479049776
749585216
509836204
425859708
-748318025
848361746
-778532231
-835106062
-168955221
-68407082
301006836
370921378
837925733
-197511692
452006663
190508605
696087161
-196480899
-965240443
69630218
-944470566
261873856
901735204
848735874
131591067
-899822207
-88194628
-274057273
320106941
54719181
652263862
213066193
-919283303
800747980
-677278896
-955339564
633378017
-359068374
826804476
205012267
-70401344
-487236347
-826482958
996946404
845324601
-571987969
-573399246
409121546
-359068374
-750393202
-952277379
-681263175
486378410
-229559584
203312296
580694374
-758212726
-868627866
-678746820
364105440
766622339
330846515
-241499008
-235869320
448016829
-826018093
-690680760
27181992
810897361
333035321
49554622
-828547622
-304501916
-21485850
-235945297
-814073601
136968939
-525932360
-17091098
456110064
871792566
8112409
-889309338
899689376
184983169
387219074
-419555545
-955382640
593463458
282781476
422390889
26317839
551328852
485575867
14862052
-756982418
123132254
314323079
875171896
-421151769
-199876713
797656253
-440757476
-783017210
797712621
272433429
112093494
619135243
312672953
-906986747
-664883554
-969787534
75353727
282833895
-615738903
-497232759
-623137994
-809165808
195187335
507651619
-977047491
-196296374
-187409901
30414362
551850060
4242042
261633503
619761900
168647741
705053455
-746513020
-796604472
475213402
465685857
-33119790
-342732416
-896885416
95060838
522300050
-219305983
844258331
-426474891
-333010259
-510603123
-586917096
-7765036
828775687
-261413718
56692105
-307728160
-439228171
21218789
912913089
-522949184
140695636
897239358
-120729156
159980824
128216370
-450535675
538130984
721864999
-712592448
584262968
256378936
-565009973
872987923
971745723
550112755
-123717818
553773793
-470777867
-706949141
265268375
-958973978
715339445
733341074
-283499487
263759778
963235967
253409698
718888611
728149239
-153696066
-786484855
-790821765
501935170
-453937043
627701844
-63252832
625482097
640431475
717187361
-421271013
825862562
-112135039
-683798634
-458208452
-353228013
-517493656
518062324
-689291154
-719759827
296976745
212597178
89048592
549040479
-597321850
-953373607
215405036
-835338376
-785403033
-221941502
908372660
144521546
-336485606
-661224530
-577358668
393097560
-286596537
-418228682
-643882439
384551509
87436823
242385062
860434405
-513612560
908409544
-76728132
88584045
156362603
-545281386
-843411390
519518305
-751969822
-287590213
-706873855
315899341
188199743
422559322
883318016
146933862
583612890
-119566256
355840119
-742688150
-296975463
867966792
909665032
-570612636
-550257642
680522033
250062940
-367747708
-893805453
-3775858
-32360721
935976598
899847291
809619320
917625727
442242897
184983169
-414132570
-814335847
-598178627
-458273850
96178320
-436131980
805923114
-477870546
184858507
72080151
231137744
896484761
-667653099
-816091938
743901229
-774156894
-470415901
43632992
-691563050
218747328
199997492
-657640385
-703394377
-286748411
836594106
-893296640
-763040808
854908861
250329340
-317944179
-844329199
-368827768
-258594750
655935529
174272672
508461443
194352541
-570287766
-20210641
716405656
-870788447
-980150932
-351704232
651060500
872698979
638828291
-331237533
280000405
598390652
-512750864
841895706
-593264663
-418388749
-262311548
-799289675
-167924288
-796729635
-216063712
-135168703
759520169
154795162
274416021
410441486
417625254
-15285700
172173068
496196622
953460868
302089328
-437368367
493976200
-950803695
686274552
-351886344
-611921078
363596275
-298676584
-382662586
677357636
578292531
-981806424
-101551288
-54708063
847177445
988600691
611983923
129714650
178491109
-939348029
498414822
-260144960
511011814
372961743
-314583759
-817000722
-635435453
-895879600
-967815067
655120428
241063928
135350532
985229477
-919828238
373703944
-950361501
842728146
-826794537
-38264214
742403371
295905269
-184166176
-92123205
-885063676
311349019
-884396471
-473659476
-754369825
-504285012
-914940910
-376542924
-832247564
-614543750
333665314
610345416
943856990
343582329
699426615
-293745667
-199250756
-196132952
-967668288
-973244282
-22408493
-154170056
-899239570
77631223
-435342471
906864862
480776037
-625127194
-723708132
266207328
-156272820
-281678952
-793391812
-37429235
-636038392
34833147
58845530
-200278367
-754347175
832663903
373655864
44330455
925230530
-531860009
399037720
-643157432
-529636532
320379469
653343295
189760292
-619444653
483844779
-855454993
-672899121
129267738
162376045
643281920
759196648
-819253809
-75032363
-424068746
418879493
-291628032
596378519
-167852123
881966108
941162548
951469151
-503062879
-551956505
-323569321
-160963476
991374316
260377069
-323830346
538224984
262397357
389086125
265452790
-479022766
-542101961
472187216
-585561413
198807333
108812501
-720802909
-956106952
-701996432
-339395746
984382848
-438462250
-547443506
64880349
482846414
187786744
362793912
526823203
169656450
437120060
-115237313
-788197555
868264146
482846414
-882855214
-751458740
-33996603
-74248826
-866380856
-790955497
839030293
703653117
987214865
-897593358
-515789668
-88721658
-802415168
448930831
-535908805
51668417
156941718
-748613073
-466029969
356671036
155541168
-796164578
-986885797
-926133748
-121707896
-834901817
748782088
471020737
-661661391
288773888
315000945
202586491
238119775
425401892
-573399246
272625028
930766038
98486186
-419212632
-118870629
-20661613
-817812713
607497648
-768652694
-916966317
-720577475
-141839052
-888751819
334644714
624023096
211534968
91824238
-383724488
-953217742
302003215
-887677708
-557819206
570364643
-863582703
654337941
983655144
543538329
841109056
674684820
-560345150
-786528636
-154607907
-923615666
100702792
914638745
265693244
161339826
858036646
259979153
-237674921
-819219201
360127332
-589198869
-148724736
-547644751
668118314
414053164
716647968
-68139924
-648056781
-328829788
650869750
454201498
58004178
176077148
-742032229
642568835
-414825001
637548549
-508523384
219064165
841354703
134080966
471428200
-55569500
-838732769
-291709582
925398899
450124457
986760646
-23694159
-989029249
838790497
-34932758
-608561090
-238777587
348840313
-720441271
1572305
-763468950
366582904
10675686
-172121902
-685342234
100506637
61605651
-595834557
-108828226
-796729635
-807408969
581928692
479646123
234397126
686883685
709207636
861364539
73491245
48671495
-825848239
419482221
-784763435
83744955
-937256883
-53876479
661240076
-576688024
-2925809
-801236909
-562913973
-853453136
666366550
-511926371
859662567
-378998247
180810783
250409016
-435151931
430306294
25122651
-516682533
-2730481
-927488403
-201386622
774229022
481972632
-152726543
342887078
832346537
913882562
-958426787
845014397
-678304362
-212821188
-651653982
-682439575
-75564018
-517493656
994266214
-599978062
908719389
441565911
-72762374
200921570
-736213479
626786855
-324569267
-194049953
-736851464
-910190995
955527446
-412899497
-42040434
-804377168
121018791
-594798606
340215660
375634219
-327199743
40509590
-504873426
84430241
935109911
547604063
-28150900
455269549
-834548694
304373238
235353972
-905741611
-205484854
-598846557
-561768958
-817852868
968247990
-127733521
788503288
-869080747
566834217
913594380
-501584082
872698979
659884673
778028032
-318972600
71921247
-470345315
379561841
-463545018
77246608
-959374487
-650614543
-912364033
430684367
-156843399
-400162255
-638671966
453716816
-517625409
620944739
658901515
163731300
-560033512
-512413728
-526870129
-296608975
-345169217
-240123642
-320847943
789373955
-329595589
762559389
-546514546
887140090
394390800
-748779925
-245783860
-762042089
-912650299
-454460867
947114025
121090343
-586198050
-987166744
970135361
-475770587
-679465112
431874392
667410044
689677615
142884271
230620500
-674974026
-184913051
-292808290
-36876129
986125421
-190030895
-897428453
-338668777
-708869887
-861040917
-852311622
300430027
-289094634
-870953766
580656798
-970984266
981530708
-258594750
-377333622
-541502109
-53796123
-26170624
-766173924
264425362
769220200
-176166946
-209835825
695392823
175999867
218106846
-184505022
-589795475
-656174220
962335015
397169207
-639619367
-331716517
694477994
240607636
401026075
-970131585
894895577
-441965573
638242550
-796089055
39781733
464503486
414660500
-302432964
-912550013
-34427820
754961725
-323467186
-308965831
-347928862
-666563918
999398471
-598688061
555101787
-954803419
-609755320
-930896054
-809387994
-299550286
503126388
-755866028
-865730291
-260415577
-167898316
-552235359
880604104
-244191927
852413116
-165874234
113838151
-411000704
708236197
668863015
-601605990
-485673639
213459957
-943394839
798731096
-143333602
-971773985
-462973148
-696945610
172128372
-383500133
-265108590
-716402360
507449144
-213968043
831215441
-75936691
-257720245
925584544
-661661391
-660458997
952207871
-661120396
672539239
183691760
-43978406
862081415
917683469
-238147883
795045861
606482600
-805956110
388224195
-383754976
356940159
-894145960
455803925
-281678952
-171161253
-500441704
-618435137
800229559
822910039
-14037931
720024927
711092874
121270727
-529871054
254645516
-713246567
-756894878
-734593945
852070751
-384175709
986636476
-760089830
-430579266
-463849547
863820622
499036635
134641892
-820182441
-986571468
655095980
-737996875
867613300
797377906
739992756
-779647527
20137603
-333999258
-246039924
-767861967
-580357642
-429670378
-462559297
-320062174
366832099
-859529532
960465804
782643760
299953970
142698842
-879066554
-715370231
-298089121
511811250
-650688745
297729
-678560726
-625200108
-425258852
107402711
-422214642
281008147
249293116
-829763960
598390652
-682691776
81565368
480226527
-188987408
-911997704
-985873439
-907233712
-220848716
-886505781
791308813
-158439748
663792856
852976276
987445621
-683394768
-69799978
-665548025
-908286966
473971086
-342190868
-324458182
197345977
978714812
-402227069
877007312
-634394076
-70148191
540089208
747505400
397102002
405686260
858738908
-67066816
-713913746
566951399
113309369
-527817666
850216108
155541168
362684535
-951428283
469760948
722997126
-23804281
-795947113
-742837935
-513678467
530938689
-594350916
-212466432
143226147
-134634537
917748346
-83228244
51392019
-150207064
98486186
329147406
454361693
-231432028
-962429523
698492012
-773267156
275449457
-643198929
-638671966
675514991
-722867825
380664541
663490300
-719020353
-791671170
380163043
575408515
-955283681
886388298
-739996588
448173778
277075432
-779057324
-284246736
514807881
-624736123
504964
903908092
-832247564
-868874150
864531768
956152216
-392736784
-399400480
228084228
891722818
812618774
735551945
-172356162
396243991
513060629
-708384471
-24512805
-167322442
47349291
812935189
731077056
-718320121
485182271
-292012581
-224875002
-403687176
191909243
-760923525
-963151634
-562142584
-778841021
782330331
-227629175
-678931714
120169547
-433743622
-854483612
977378260
-850340352
895085214
-239828594
-326003296
263701254
-752455496
581928692
49107428
78768387
698935910
-41041635
89582188
476765947
-327332663
470975400
537288512
292294888
-12594633
-990697774
733011627
-298069386
489141715
-54201388
-46972864
194920018
-550025011
-874543349
704878130
-668499818
-768265163
301330387
450415779
608465850
-778740976
476450089
-59123344
998597348
-951831678
969490972
-635356252
-517169202
-305600982
801686734
147928379
-144814946
-711525231
706662737
775179411
-683017421
-501555059
960064924
766699478
-551516346
-471787173
2832715
391912235
-211689426
964666853
-705662246
161805680
-682314638
228244483
-900238996
-16154716
-177885434
-518168959
382874048
830683570
727379892
-481748797
-169472854
460529023
566762851
-736904573
-750787858
406222680
-565195189
-305034778
192878816
460231494
-219305983
-905376555
-485325898
778601348
939812834
-231835976
164635170
-217701984
681000914
-917698676
628119100
-835245311
-14826555
519705582
-134700984
-400920536
378021534
-373963561
-313134336
75206418
-312942070
-648922623
-61559736
-241030751
500142127
41006862
125294243
774544528
91478000
671126893
684524112
-661542675
-235394435
-222431033
380085608
25293001
426069291
-232731968
-585223956
-181197375
419510679
983642700
-483925299
74726702
-782891528
451869818
-184932943
579280504
-301050142
782982575
-803965947
442484887
-859496608
-819518917
569148589
774840388
-972297437
-491404392
-515156459
-758770388
59279786
-389968990
-674254580
865864963
-824837283
187895045
73259535
-125777688
341140564
-717682036
-474806539
-560210922
251846732
-438988670
136641433
-87328118
-328657497
203989021
-197068485
912630260
-900716080
-283816357
876063518
225564640
-481988142
587224829
110953743
15583958
-486951200
-194080793
-377456024
458634499
781745104
-31970515
696526923
-26856810
-58861363
168668635
-367269163
685746529
251629883
-360911184
207433172
626421693
572770278
543940674
60280975
-674988685
-286748411
391941705
258431009
-553400443
1860475
187522052
568961574
-968122386
-660330439
-772456080
583082530
540979844
167475257
644851851
539829874
-11474314
337943659
-855597524
741266163
-531522378
432973197
-637708199
-727781651
603024738
-908849073
790927384
-356029690
286571030
-786534220
272625028
161805680
14149768
-514826977
-515135146
113515696
-816908262
944648189
621368241
-112487293
346734939
-949389917
262923715
-475621169
941468670
-984836241
590856457
-244337954
-549664938
-794986265
47522508
387291820
145135040
993326133
5638371
-199287127
959062615
604690578
-599159795
-781360321
930313075
820328288
-513559813
-228274955
-992737000
-10647816
-487151327
16663137
170584704
610605736
883607534
100166294
-436245668
809276401
160021467
-489018557
-735840766
-622887707
195330395
758515772
-236650881
-553690648
236182198
638907682
433980351
-504799234
-648044230
678993379
155778871
-863891033
-215661466
73376249
55492793
283505319
256839679
879895386
-436166742
111714629
648756082
-458006909
595325326
427752094
-717723070
-363953668
945043730
386375566
221083559
-69572241
-514111149
-383310129
129171427
-580134841
185265872
-648375720
-781458648
-285444921
-44374691
942838443
226326801
501936103
911142406
-620521044
105035467
721864999
-596734964
-393812749
416705701
-611838104
363099854
503126388
-401366005
-5917687
303161392
740111227
-519286496
726889115
-601142137
-547443506
-924569171
423080299
854781930
-683632023
485299470
904941371
-544985008
-462803633
-791837172
-550541840
946737597
-149364374
318421942
304280713
-384792096
-853121341
-40203468
348606196
-81837706
459192592
563881323
-9962371
-156770643
649921424
699871115
863444611
893549941
146617192
202586491
-603752945
-478841464
-87436311
790380715
240504767
-669547669
647150806
-520431786
-161376449
745004943
-170296370
768494528
476933699
646341919
830484570
613863264
585567583
721428734
-70792925
-83691174
953397162
-807830578
365744875
694638642
422342556
-115068272
953725734
275881043
-209969868
441272101
-780912628
-210533408
585208005
218800236
-714907069
-779483101
-536129205
-172356162
508686524
-664446468
993006249
-299900022
386020979
657744175
43929058
690120812
-86511442
165597042
154504179
-398075244
-974538961
-75869931
263135727
-446493292
-875196768
99883649
217482808
883983349
-880297971
-94199890
-569472827
-16429819
-69969152
442108603
86009715
57331861
-136511641
-279291753
897757843
-442408694
671426229
729490899
403096620
-581360094
309815287
-596584800
895606030
-861407980
306324698
-578642354
244348079
553152228
675901971
990823136
-480666209
418704554
44001348
95108965
11834475
-758077139
284621785
194172009
383535134
943916881
-279635398
276901802
875369210
110341362
-762152293
-301449258
818721344
-839794354
283794483
209477165
702763513
629286415
253081274
-902853245
-424403406
-414563184
360138364
-192403114
487160485
932244534
-78250558
955125866
347195012
-549049091
885067747
464951839
-660706560
64185545
-371319995
-128999230
873445187
-653443759
361122248
-925089742
65587237
-273783471
-891338802
664252465
636959996
-759115516
-432496203
-853425839
-625919331
279725884
851600406
-949469586
-291343362
254978576
-962199679
-952869440
944856039
849130086
-320044505
-57881884
-69827054
300040813
294352542
-281296252
-969862336
-466634435
-924172701
-140012824
555101787
-173094126
-263495526
-77914234
-77790853
-102174525
159060500
-386479791
-979700506
449283820
-244933890
-270954342
-407503759
337429093
-434308553
648643873
222240495
-225540215
-662693799
883856247
636741732
-666790198
222612745
395220878
-417038757
-11640644
-113997273
753100335
-153127720
663814549
-922459140
436820322
-286523752
646993246
-13091355
64479360
938973880
-298089121
-987166744
-85572737
-615834561
701977398
244054253
-707618375
799587598
-969971107
405250930
-583162099
-200043360
955667018
-890742887
748337273
-9163723
969036307
-413711696
-478281042
-322674248
-121531172
-495476749
125329843
221523996
344881915
-88895129
976438320
10581373
682363347
-880906892
595802575
703653117
-542456203
-455570095
652467671
615310864
951143319
736332483
991679241
-1587542
-433229840
-84300904
353145292
-349086756
513312641
-407549818
-603368846
306685622
-202350093
472454495
303300564
772321522
397864510
-913611659
715066277
641494162
-830080821
798362163
-16982193
58060175
-704983074
-809258884
576116903
-237466802
969995120
-465634062
-805016871
-655849068
-842187436
915806057
-687575899
206441932
-925300252
-275439861
885408191
-182590782
714027641
-177849403
48721609
-750843928
-410377717
582733652
-530040312
-679451524
-448243335
-602341839
-304688043
717394057
365200726
479075145
534106991
486673023
397423493
670045385
939921014
960064924
-143931760
-206284040
516386938
589756620
574514026
931023884
352488032
-601288105
-672496791
174932897
-956318983
-316517136
-199385344
615567157
457910745
-315479645
-687180167
439012325
699426615
495917480
-986993597
94202549
759239395
-201305522
237171016
172538884
373255722
-358281052
-388322609
-942127868
481144175
-213092117
930407047
-672968153
-6003701
-431748686
65332957
-12183704
-934633355
-67676583
444567447
217517068
660910808
236913554
27538255
-548985829
85592736
72310864
-231625623
-220737701
451814727
-936396079
241467179
193853427
11834475
682077890
465226048
-487445923
-888583006
866775381
-997218277
-237416671
-162688174
279812704
-944569569
163234540
-643514713
-43556017
-935930687
575115391
337548181
-385476413
-205324005
-992266029
996879896
-172356162
632794806
-289491786
39479722
-681093078
-756808699
640913354
-751540185
385493981
-412003170
-12084726
-845429621
927631378
-322222376
-344364072
-580022285
369881868
-123843121
-962181328
-89312741
-71848339
714200292
-443084239
718320398
-525477608
-648663427
194390314
-28651959
978672910
588096376
-539820022
-841716428
-103975133
-404787788
37930382
873147614
644608534
-238588966
440432885
-172549965
53890131
602827687
17265942
-935822099
7618085
733870146
682363347
-873431107
255247135
435433103
-952047181
-965101877
-826633034
-445903864
409068964
-124737374
724709537
868509162
-309237394
402981635
-971916331
-813557968
-233671178
-323977752
-365844537
31618342
-215804026
-91627640
849623543
-107722281
565903460
-784642793
-772146501
-316722267
-178234206
943023341
697763081
150800354
-273474863
-890285819
759366366
335190094
-217282285
759077402
-93806784
-628687716
431377609
-28783094
-576465240
-846799891
-103823231
596378519
389154603
572111170
868955763
-551516346
-548372282
-566447817
-860163316
582804275
684304870
-551562921
-504897850
535224987
-194777137
-719130751
987284328
990753503
-16198893
696817127
695966094
-20578017
723245846
123274274
973771101
-108534305
63738187
679483015
-199798075
-640938028
714217686
237912880
-332547453
-613278827
40153172
-268261393
-998584262
-645045428
594705348
847826536
-338691763
166491862
105052119
716301637
-404191508
-284573339
452282301
58627548
444152030
-712697970
293560403
390210943
-44788791
-736904573
-813324805
679763397
275881043
667597470
820945207
-733542902
857434510
-745083533
535036950
927465083
-512413728
-789369593
-147411546
-611365378
898574214
-290558487
-797607412
37317970
702805824
115283611
776340761
-402044286
-429361509
-637297867
181342916
-433994428
-530200096
359782870
625997853
531694368
666127197
337845164
-567138409
-169886255
-654156109
-728297345
532092367
128878003
74679081
177012137
-212689173
485422734
68982830
124623483
-40099791
938117060
512296403
464551568
284923387
-597487302
-735050216
-370423185
-222813236
368796412
-728025829
972964637
-961505275
930228127
-6595149
-680435928
497027743
785928216
383754347
720420166
-691104676
39096403
912292103
71793824
-641383641
-954774473
-449076878
151443108
-669746444
850459792
-129551141
873058460
-998701412
260304949
274350845
-606608339
941874935
127021616
-739224624
720523069
-830160904
675155791
-377121595
-852818874
48257908
-984792949
-950564779
488803456
754850432
-209062572
166183184
166491862
-122340930
818889268
328289642
26317839
-508829248
639853956
404505263
69685166
776220337
-924043887
-697593052
-660721454
-681322524
-562568685
-542807465
361773167
-531242317
917462867
746042511
313180748
796595114
872698979
-687784453
477052170
-82195580
-889737244
-629692463
146236199
888446747
863354433
788569926
573370062
702682001
-490629135
-576162397
-371319995
645309066
179798163
49522256
-815472027
-821705471
-574876728
440403566
-276813280
-889486995
-437470137
-629119181
-918908231
192455286
196660117
499659054
-504897850
326422808
93840110
554966410
-243506860
-57114291
-339790211
-951753259
-256295441
-895831530
920977321
-904433941
834434892
970620409
350933737
862983744
-949991750
-32756149
-635120509
502486655
-335904126
-390372526
-463326603
-413228356
697095655
-453956082
-904506645
678809608
835472895
-332324591
-791412717
198599023
-611365378
-490697244
437087408
-661268735
562277808
981929726
-584485499
-181197375
-998584262
-478193030
-871857139
562887344
-361898655
447383621
-877156271
-937890464
-828781379
-972697826
-824332023
-238442172
-235394435
-190371103
-454117671
608465850
933487333
-63324847
-978400627
-97903055
-186549399
-729597023
567790198
-859898719
144521546
-436076982
139621790
428192005
958853990
-77459301
759188447
442318095
-434509933
-497346062
626421693
-905154613
287612051
-396132216
637890366
-74381267
-409283900
-534513658
427369698
750869193
-423779274
212943911
-451254993
-78941818
-22465145
123339631
890318903
840254486
-108991764
-17326248
-209112567
-240918700
-322199592
598972521
309815287
-793030891
519115547
-231862251
993347452
-514740126
-123214627
449111271
824001198
558455023
-554758006
187817954
-512413728
-452104335
349448521
-479954736
635536086
175328288
-802802708
425842822
909659203
688731073
-248072956
-772456080
-994669058
499996358
-270077252
564872629
709784602
308981298
-70246222
343710788
166635063
-138907219
-28957420
-673644909
-934104826
25539446
-747568214
434169165
320536220
-955537981
-79421980
706633305
175673158
747693531
-736519500
156292715
42283972
673686112
806167646
-313172273
761147053
709207636
-789361753
-427147763
-992031821
-167253315
-34136464
-199876713
-406290461
-645513329
26961462
436177205
-912021422
964829911
305673829
-681207246
-378752679
891422830
-771452609
623818472
-773858958
979631684
349608771
127592638
810861301
410654385
-554547486
-29075192
-512819511
-928956667
-687867739
-329830011
-761941983
414892367
67813204
-634919346
798016177
-596669049
-547570587
862619709
-502450050
-127656199
898033948
227538860
855337010
-8084044
379125312
766142268
-904736959
-6571086
702682001
-331230717
835811963
-878788003
-265344757
-629740611
369700886
-835258707
-517446826
369688099
301695979
-334965671
-703717334
23921186
-821086253
234215828
-864716069
-482991368
415829336
-387521611
-450932081
-695585941
460416473
-795352556
50174619
-961378741
218957149
-281580922
-440573779
-713569053
669356818
791863163
-90664474
703984922
-359829156
-946969565
758547226
750390384
707089563
-749850139
-284003705
26702887
-439853509
-657733074
221587164
-348544002
-740547133
794041668
-698359038
-142299474
820198145
461606455
-103975133
860346048
-419982378
51991354
239584111
729585592
5835970
530919940
733011627
263489624
-369849719
-853848299
-450455478
604690578
-319687586
819456828
781634121
800613195
-587244032
-560345150
-142454139
549978247
749382567
-234205806
878009480
116107606
463009537
58684016
655533597
954413340
-440757476
-33216664
914222321
367763353
970529554
54030868
694638642
255473393
-108358152
-163167175
245091662
-403950630
-489906694
365477241
-790181240
-626865939
-290905523
607831605
-854740516
-570660464
-694790672
693154185
941655640
-741756306
-558391637
728852418
709384798
-992263500
-817095853
571803280
-931756826
-435517511
-942162555
-863908236
164663284
-436611529
-785554810
83174780
380693876
834753180
103143
-922675333
-817737171
72729651
-441662886
252099675
-798918122
302347192
-442677435
-920873588
231137744
-687542333
-357281068
-402581942
367197500
378591952
-189873038
823933626
468098592
-4023352
315393190
-268972366
-383678575
-664551948
813815130
-785731488
-884677031
729737702
-990792300
426104034
665605574
-624542229
-722543772
959810237
656438750
239899598
74393895
382849540
-62768586
-568829217
85831613
953332158
710528559
444614131
-834832843
913355844
-585102799
542409792
-699798242
-256637206
81334614
-750179460
974212970
87960368
698228538
-973304580
-697095682
555568510
648770971
-845395670
-46247890
806425939
559408607
20137603
283943471
102304256
-317495584
-222926069
-83748778
554558804
169576152
993749022
-720743947
924065911
914631737
-117951995
131447819
544534886
-574320525
-470547537
939637528
294761968
707538192
973718421
677207847
-914940910
799266314
-580288181
985065349
62593343
918413214
-501354266
-819096561
-933374591
832824187
-790955497
41992603
357922842
259169835
397810252
22876345
96199994
-444786066
-562512760
-680285765
-677373223
-265108590
-773408259
564077660
-646585310
-715129953
973966056
940693601
-151628860
-212886590
572645864
-107536921
-811265410
-534901273
396399538
137741690
-735279402
600913164
221126664
491946677
-985592054
-14304182
-930048494
-938806290
-817776475
-527608372
-774995063
397102002
-70509627
-127524423
635331886
165968671
-672373259
871324813
731293404
650306383
624772666
374871495
-997011726
-573688238
-353384909
-706088717
-589648443
969958215
-211380829
687410706
-527169813
-79282199
440139862
-661120396
-267082570
548520499
-896168544
-503318560
904321094
453421982
-948400153
-660505562
-163854686
-474295315
724558008
822326915
-571883379
269362027
-43662745
-772411936
154504179
457981587
999688460
236297076
204313548
-439853509
-479954736
869870117
720709985
-299573471
-847924588
527603954
879058821
576341525
391462210
447204544
213878590
786884574
468191843
188428462
308149618
169504696
53530823
364784698
773354017
513301086
582371575
-607869298
880785512
187715996
533345001
-563934241
960862483
-410352794
-608245282
18279731
742036574
-724367242
-255543183
536979830
-552054076
445030564
660944264
-614079952
540277390
711857998
-575952989
714464629
943784683
971645131
784551967
-161973689
116259949
-827544516
-436325734
-106454085
-821875788
159527056
-363292766
526053731
697294403
-428594967
125000958
-541811035
884228163
190951624
824746719
-136996329
666503029
-749643184
917717222
383955040
-473433875
-513137479
999621587
390093528
73074792
-642125065
963436193
820859533
390330398
-369790605
-261633344
-52774024
391462210
-283276376
-330938689
-855454993
-48201528
-874170230
831458566
921781064
-1
-329595589
886248250
-205225632
-147411546
656817937
-823925802
-719336273
-984611949
-599930209
499933348
120708501
317584790
-78054029
174485801
-277642738
197324758
271322077
527103543
158055661
-917941733
-93983245
340444165
855337010
-249270265
383426960
641722542
659471140
-461057022
21044645
5725043
-535195544
309446017
-719561301
119371928
589214048
737531051
-582315843
-446819648
-928875432
-538505714
-594319102
37526266
-720529599
320017225
-438522596
220962476
380558207
-190984358
631451218
-61278274
-800997746
382194133
-98420614
-363136718
-556694303
334293242
-248758742
-991200358
714321379
-493128567
374344473
-860273088
-962870403
-805785982
-948810269
277423109
514091822
-940274993
90700726
-792154916
851134820
-771216149
-56859638
967059057
-740072941
559323544
-775881139
-387029716
525199796
419870951
128167066
-286972708
863887373
386119991
-967291925
-730126741
-169107378
-975636616
-182149536
-114421996
557878415
-647567921
61364697
-257222133
-651359368
262539462
497309217
-669615983
-793862011
660852563
848023395
-569095611
300516355
621421734
-871158429
686665597
122366859
607186852
171035612
2537224
522017490
325639311
-916415591
294797142
-519807665
96379326
543615698
-881271790
500699009
-555723263
120084603
-723247231
-701546418
-752048535
651910266
-748835960
290357908
-204031792
677575377
-792578600
953982280
-847635490
-234321634
-639348587
-823105230
-859942446
-867787748
-914355978
973145434
587048244
-116392148
929441271
-882533107
-699743381
-662083228
694996209
-178367020
359902628
-464141507
864783769
440607092
-791122395
990876065
-229281423
-385864455
-727498108
-456228229
199664815
789790166
-116805876
161019706
-943706406
-429397432
654673210
-885504769
-847681991
-370896664
-51602412
-728906973
985759293
321847350
893143708
428619152
-976578050
149067341
-330705245
-498008142
223776837
313180748
647824654
932133100
-687881866
598933278
429685129
142678342
-716226698
-997068619
931745167
-791224983
624454896
695723761
-960628359
-799289675
503992643
-67217245
-873654336
868605994
452532943
769141902
242961623
-194080793
908290007
77662873
45046900
883598159
-337810576
491658166
966901895
704344430
-729444771
79889861
248670091
-174728755
749994148
913882562
95750459
29365953
-104366679
376310755
-791981520
-351434059
574788046
490129254
55590182
119016593
617160624
-923132693
381665817
-678146539
-246394518
-286390139
-973099450
-45890486
515490433
883549927
-901263517
984033812
378830974
432284202
-359320945
-777339933
910965223
-485180819
-137670770
478699211
-280921312
601659055
-832773003
-873357261
-461312993
838693219
-492665016
577655946
265551346
965953179
832032928
-174941149
531589585
407155696
-287928205
508952379
801659622
519397346
-484606580
175328288
997592388
232197181
-877256942
845014397
-667561559
837186185
458205790
-112753073
-821546920
-24345968
179591975
-563213437
-629045685
-603555518
843095920
-366026134
757038551
2644027
674291365
293106430
40299605
959161993
-80084504
419387828
-114683533
-282439459
-400000585
328423076
847957867
433750911
169504696
963382930
651497829
-677075610
-976486589
66592761
-289274111
-498507447
912139771
-471472440
366582904
-166399279
146236199
-644870010
-106860958
-93025241
-871857139
-876642524
532156190
-658126806
297729
-444918575
305882270
780293208
-913345707
-588472365
220511373
-249807563
-212344595
51316748
486498714
-952869440
-200455482
-608082266
944752793
984709091
161335199
833624377
-152822281
-686353672
594589283
-746663219
-28492788
-840500853
443319076
-701677858
-598450834
-393209687
-39437306
-732049730
-918189262
-811900201
-199968477
-102119247
-365671410
-151948413
-197216625
218578087
111703143
615197484
127065854
771291620
-164515279
282246718
414585140
499512260
456967154
-280317745
-44687500
-292908669
-985468567
-298010378
-811150444
942838443
854595592
-89649473
-234779174
-76627902
-212523895
-96718671
248583833
-881444777
951757979
453003538
159861795
595224768
-221230627
565404857
853348175
792344789
950651191
-883393957
731407941
754415087
611627133
-910334850
8797192
38774434
-755414812
823863196
-281006791
-101807993
557926954
-647152183
83869012
-950045255
-497780234
82266142
120428524
-531018197
745004943
457424009
-771728294
459698538
500359783
-430452957
-393390407
-796457478
250320987
711088519
-233877773
261687847
-511183777
-84170122
212763252
-839952150
72362396
-157454797
543740486
187357527
186625313
107940721
635020423
-349715217
401026075
694127526
-817993227
946504399
116845572
473017126
-515248443
-99097356
778601348
-821640667
-406116080
149464042
821952785
85433808
280000405
559570301
-425543097
-227997368
-278091134
-60496314
829076065
489489565
685746529
109309927
-732251058
925921061
-741274934
-261633344
790619708
-909587810
-822306725
-369480117
454648117
167356974
-297688191
-906519557
-383586409
346580424
686593804
-917556015
-719442465
734741858
-28179921
-49334319
965583039
-77325441
-351886344
331446607
-344364072
-55233310
-472804573
-224178556
-342422261
214177847
-833037796
-782716964
-2491978
-516714106
-827575675
691070144
-484448819
551816915
-134930035
527342218
631873701
907456637
711088519
-870245462
237735437
351655078
-82582556
456225619
448591532
-739873740
-400579543
-780434593
-730093939
855414826
968316088
-809658372
817332894
602928498
559030326
-816662079
-70941405
-891338802
499607354
438009894
-979274591
872784055
921949108
125578308
514296924
-643034696
867085687
-954503983
-251690074
-352540510
-785237972
-385693504
632808873
-558605167
117390737
-97306015
146574686
-337493550
248939463
-985952344
212121952
-19546339
-988900302
-107536921
34943437
730077674
-385662796
-169348376
570829952
-958305120
251727701
-973817016
-524194135
561189574
-411304963
576341525
361789502
858903317
386288385
-774643644
833745192
-395125636
19646218
449774439
863284457
-817302348
-455310197
371425421
317442279
-92017709
893073428
662469886
469145119
356127113
-461097758
793045367
150146965
-255650278
175240779
-566947552
-223554447
897141353
-128039956
-365116956
-194066375
371103607
622193513
-785344871
444864363
235262141
-455027602
-883017847
-404168182
-564788091
711689744
798458626
353860936
-808273080
558808077
626269163
-163111241
309446017
-604261679
50934271
-782716964
-421433095
-864911802
-484062801
-739144620
843584604
754553255
-376842298
-887840108
-823667370
435624078
-12791879
-649112995
-115784834
-546433380
425345962
-440610105
70208539
375799969
-738105726
95253006
-541015939
81334614
-362418168
-694790672
24329932
439672308
-763346959
874803262
128216370
471428200
80482313
115283611
-94458058
106673923
213958187
968749062
-576034788
-381144508
777170498
936438192
-821673884
-853746617
-669691798
604022371
75068378
500163049
-460683566
595511027
-143039122
-220173912
-788356659
-472496314
-946489941
-340657319
-866484997
692128899
-97433690
459482654
-934633355
563354571
-141087359
-810737562
-842705424
-218583072
-17015564
914621701
-476851548
-67140348
-181154386
369367218
-396513607
-535521298
632513546
-954398323
250776908
-278808847
-459319089
-586423710
-935345757
286376710
209377968
-431268050
-278114961
-184620703
-36460820
6711700
788881563
925398899
4832813
-151115045
-210214361
880722550
-798712425
-772835223
-296943299
243473508
-290823377
629826617
-179973012
-29447776
985229477
-113997273
996245022
616249551
-917143597
803302215
-247357661
547656868
-910593672
-65462915
871926819
-192764330
-519925686
144012964
-626040909
-328300752
-657996333
-728297345
322752304
-188328082
465896193
757670052
-237250696
-722860441
412372242
-908182575
335233932
150483273
959520301
-998447424
746070038
5116629
959883909
-183703797
382749620
44279454
-398810214
727687985
-307939874
200136563
797656253
196301444
947103201
-649582273
352813683
804452146
239194556
920276225
-898374245
826749204
840653625
306204109
867513666
-358634205
502997692
-75584485
-559146486
814415528
-275009752
45680102
262812601
839191411
541609626
-775966379
229280376
-514693139
390155824
-45610447
-643514713
-783996893
861705879
778317189
-857193515
-88812363
921172432
115283611
612049458
440432885
-932873185
-943305124
-570287766
-609665141
-401518762
-966477821
319952282
625719786
-550541840
633303106
11223899
244908931
174318753
-722577552
-574124190
-642638694
-7673130
241595855
-836052625
-376934617
-947502125
-761650402
855823287
505529204
934056366
-371927103
-741666354
-196691114
-836736720
907019340
292006970
406117291
902072079
67653670
-648549543
555101787
-956308042
-844634568
-556024514
654882707
222740327
605931121
-648130468
-951636402
6984152
-83945016
452327939
-419481414
477865591
-684836933
516867266
-107394883
388829618
126642747
876851683
-680479400
500948157
-742960484
-650178874
875369210
172128372
-37344900
-271549322
886118169
-954227117
915064340
69356867
267638910
539164143
506959651
561264750
-40895102
199951355
-96043038
-580696822
130225129
725632521
-862442053
353340499
454734498
550845633
-377672581
-667889282
-898803330
-205063095
413222014
-949103601
-96284511
-348995501
-755414812
-977562453
468001661
-201360190
-490212835
-704207484
-999631217
-355963282
362992021
915806057
973145434
156678232
620822129
420718961
-448354580
-147782972
4212515
585702163
407307855
-268025463
796386891
-973304580
19162231
-799920735
924242316
157799381
453815620
-927185066
-887404445
-513903126
-36715590
-672064493
-547591566
752188775
-325893088
-364875491
630514647
-903798425
2579533
-112447959
112782482
309967038
-295215534
75863288
311521590
-940628007
750163701
-358605938
-194237945
-841871572
554833861
766505253
168647741
-980244724
816723022
103230734
354291106
457482698
197423494
338531834
962160708
-240780913
335112159
-212189860
141394101
-129455921
501992507
498360955
-106860958
187355465
176341445
463930203
320536220
899847291
-890703582
780549311
-451226045
655881056
-993766139
561653499
-650138948
-602765755
394228729
-159611576
275739058
-356329896
830270149
30655156
-755866028
-638776674
-423511549
-69005541
903010859
-668283705
370043662
-540805080
964876322
-758002824
174079095
22913055
-725565592
808290115
-960484706
-270686915
152778417
408744247
74305762
57416544
-166004338
131755547
-323331328
709053736
-108485479
-124463312
-87328118
-417995169
-885063676
-98573312
-428287754
772578491
-651946556
461372114
908896331
616010112
919398677
115958412
436177205
-350698454
-329982152
-745553164
-138105374
-202757825
418128716
-970131585
17712844
-818989375
-884677031
-73248572
772156331
496119132
-557882883
-828043432
598972521
-959883577
-428741091
-453059269
278487415
-246727935
456676997
662444545
110953743
200080598
-284908080
-287497068
159116836
-941454440
-590154772
191103579
-766507320
-218233491
-247573558
-440728905
-990445766
-332129256
-989891797
-663019404
-269954151
471399702
-970777471
-366548138
871792566
51803512
630346687
-655247085
689066733
156750851
-397985688
607736992
-285356036
-428424347
120598889
774262573
565200267
-539911275
930708496
708131832
235966935
-964912223
-576744928
-702278247
49620655
72651234
725907118
-691075726
422825168
-848863990
-73767240
48684852
615229614
-197803185
-132618355
181780825
465284189
-389534549
-478428434
-142199466
-260276152
328940624
764584610
441539061
-216493692
-694323541
436091334
915095187
208399840
-667466959
28261587
652296983
-649992236
391296593
-143296433
294009316
-328548350
-603508977
-555013870
-835829400
-754707461
-809454985
-949277111
384850138
248447551
254665205
489451466
-878117021
555291545
922054857
-547519536
291124983
474208207
-581168635
-314583759
150483273
-494405885
-324818697
553105727
717903237
-768585680
-285877647
906100039
-795352556
-556252163
-252830656
-861663463
165695497
465674306
607264501
668204898
-187765677
935478753
-257551138
-954873966
-152001565
917262870
891627173
-799581101
-882263575
363454279
934798900
-629230943
818889268
-899725953
690248467
-300170037
-948111623
-705754792
610995363
559018468
-65823968
-612895626
-116608324
-432185259
806731903
-722741904
-278488317
-764670048
-617586593
556202852
285303551
342339805
-660721454
837438626
292085449
-335949724
178014653
421349916
489745646
309859738
685174169
-386730023
516360612
-561902469
-698359038
254904648
437563881
-252148311
547266679
-840968597
-312016112
-77710220
873290380
47683265
-28058303
-41191307
763778288
-519497924
-287928205
-647984901
-94333724
-482317262
-125531789
650434679
201638945
762148642
-79498327
306238472
-149990841
-47724742
934440233
818324657
-883525087
-331016664
-962607811
401544887
275463032
-120796155
-790261099
-263314552
-416506400
-224757367
-4696660
-469194961
-956397732
-320254698
819456828
-159351129
-446783462
-668895850
279021640
-697810057
-869060554
-341604872
265693244
425007459
-449609789
86899818
568340253
888222951
754856680
-688933138
-462889312
-460645401
-110657971
432499511
669981351
-726920366
255619281
-494631659
881688010
956555445
42756619
942056101
303975720
-56617871
-423351735
-544840612
196578429
-427743662
682442274
977378260
-495206960
-239104913
-273105385
819633634
-306437134
253409698
682896092
805714795
-86918532
-106151563
715120091
-430868514
-390022385
681757083
177831575
-940155413
-593921136
-32843609
-131391583
509680103
-571557535
-692808436
587124630
94750785
674709804
-185123050
-742957872
-902554395
-133127877
330587458
156478538
756120575
-939271214
-996653969
-449626883
443805882
-627938539
-781458648
200080598
822752512
312302602
-560927836
666188689
691794675
-553896252
818889268
-233297576
-850426096
-343636109
-283666337
9010035
39295626
887195314
42627342
721864999
612502589
270389351
473428208
-107380984
-320568969
-32965381
-860301826
-991923391
-844853460
586251314
-892394466
-250964599
-30576626
-244473171
-535835980
-485273814
27025563
-678491465
-792578600
481767936
-944569569
-127780145
651127333
866166405
-369458308
26601723
996063165
-22287914
-427122861
722009308
-235050194
175328288
-10556242
-567501664
107924401
498586430
90588317
-499848773
-678241764
710156364
-411421383
-589861177
261121488
-612072720
-276623068
-850267491
984995590
144312600
794126610
-720538537
300031868
856147562
531466011
706551414
-142195255
-504285012
-381203007
-837174505
329692189
-521457730
576990994
511350070
-330485400
-285556936
-968903318
704344430
-518407952
810658261
-494760568
-912550013
-237484736
606247018
-112900661
811477207
-301913831
329558102
253193003
572544124
-983261157
-203691490
-340474256
-335757606
215841358
382422082
678918431
729518919
-675607294
156403118
45857716
542895626
-753173550
335813866
-17067629
-410059267
-201180624
100330138
160635207
-748413450
-943394839
698123500
600625306
690169926
-803064514
272697903
-206003239
-537627745
821508051
828845915
440788713
-763255487
124061027
702631
113257076
-636157884
-897040515
732062312
-903944014
892506497
335624335
831215441
-224847422
534889381
-16439208
-155673942
43477347
395747120
-432434112
604413365
-757638402
-99097356
-558065928
-597179587
-492030509
-182477566
317476893
873234425
-232690349
-931171558
344406933
573370062
289149042
75218615
126746507
-433007120
526619437
-840559840
911640298
95060838
-354908815
472830972
924607618
117219215
-53796123
706389977
-783550268
-830553848
-150272869
-321299963
436256175
777090459
345222077
1325377
952546213
-489315278
530289371
445581810
540469371
-744172012
625997853
-938159262
40760676
-156343450
173673714
591085710
899351487
-67304478
-486609823
853181706
96004080
-13579073
-886270584
544192453
334352659
-418654047
715228695
336746247
36345095
500507120
734770820
-327373769
726336329
-255603663
960942035
497190202
-52246911
270568801
824095664
393965702
-45745366
246883620
-526726095
-153412534
-519848809
-531047804
-807166773
235966935
-865447284
-72655730
302835435
537511669
-210653534
-465174981
-716226698
969379488
90428980
-859116018
-974885230
199034019
-299465634
-343780894
-971568791
-56525996
-748451679
595533287
-565914181
182282984
-205172480
-561115086
2332080
552449703
388588348
-792213211
-788450140
-108828226
203144283
645039298
129073985
188399938
-744520554
121375840
167514216
-837426134
-646652555
667140675
-515528472
-714715641
-974928882
-891338802
751358968
381565243
-418644864
798421017
-332282513
551752789
-522408749
-984611949
934798900
599089782
-407111412
-143586944
-510141788
175776761
-168193778
984071280
659937650
496241195
590856457
-352630182
618517274
-601251145
-856657720
288291083
-938005596
-78639658
-109994073
-393762974
-608723541
577997671
-137045595
-499237206
-146926593
-70328785
-165154109
-697930929
116154169
-75764085
-970556099
758894370
-111249620
-938371762
762979478
551816915
463775102
-648663427
-969578015
-560573088
-21244633
219291077
357829149
268847747
-880052367
-959463182
-976587985
310104414
-776790667
-605148753
-544316814
233621824
-544572386
262812601
-187141517
788414537
-748768557
46834534
-122842507
-83577038
195764845
429525982
-626492746
18906324
705454425
-672083896
-77827960
-39606602
-836296409
-306546288
302917576
735241759
824911920
9406847
-538000923
38681723
-818485262
391912235
-8419794
-61002694
-243011337
674636644
891223612
974826647
455772918
502656191
604295956
478420576
587084641
610144366
-288105151
420488384
-9163723
102867852
-323596933
-561251341
353629052
366885632
199951355
400846941
702631
748809451
-337563470
270608782
486889018
479479095
63017141
-643743680
-377653559
430525160
-369270735
229912981
-936132839
-775479266
384241025
-576356611
-163911055
-615292307
367022290
-410189704
-526109780
-447462703
-72801852
695707133
-919935378
423171164
774196053
-114770369
333308141
-839794354
-400087277
-345931071
258189701
492247891
-670960359
-399634200
-375553820
540536300
537511669
453676829
-288325455
-462912258
-917018951
-221527369
-236588423
234894465
-384553046
939536099
806351237
-589808879
-771802299
123022909
906709033
751164598
-171976031
-969971107
924822693
82512356
-179450586
-766981635
702895268
49328987
-71984883
601051308
272313630
694249135
-306941111
-859942446
-255980974
508850504
-135292954
-683148090
339676134
-488044279
785837398
-882693257
-603752945
-496843940
-8997261
-93875075
-681642336
-159295906
-872621385
-361766393
-591496699
15583958
426304350
458807739
-828642882
-352680009
392027766
-15366575
-809550332
953104086
-896055902
-794249282
-914639134
599735856
-134537702
490299583
-894124063
887942478
510608661
87436823
416858224
983003363
-620766104
-193148089
-628909632
936065528
-679465112
458205790
-382860112
238088958
743876243
22674692
-422117314
764723988
-795558126
-423143874
-256948493
512025023
966706861
781805722
-943706406
-527515243
876400872
-622143387
-288552612
-777256348
-997464405
836848120
-712483295
215542565
-70075454
812287817
-520909670
-29396980
-177229092
-62313383
-571100257
-392553985
961274052
946272698
780120955
761147053
604224337
729896543
-186184453
145566698
806845339
-446615101
-142628019
-889199227
710714433
814884556
389934223
956746452
-892636189
-417810954
-363090519
975273070
489619142
-748650560
-390491074
850651495
655693851
-197063619
162376045
969645888
444449064
-627140996
-439747036
-437071809
636149671
-657142997
615335614
-15706050
196065298
968247990
756265211
637276807
343960335
404765533
578058078
-895821335
305623110
592945324
-678560726
819947977
-235794094
183284289
-401753550
600564113
-628433290
448399629
-778979298
-310134756
-778623455
-920142832
-863582703
437563881
-905113874
541348800
-368591233
937003217
-234966101
-159664536
944964251
907836603
264939430
-991120132
318062127
967373157
765457092
-152916964
693589092
957689634
-398203271
255315244
-465903120
145435997
-722068831
920977321
437172674
419211753
-723800789
211217498
12518749
404269684
-655208530
103923531
-809864035
711355986
-644073115
-229590644
422342556
-79662083
-422410028
-787526151
-746017524
-885871210
896960834
-94297180
-305735431
307337583
599517996
-109571879
-543198203
-611365378
114814949
52799812
101399783
76642153
-445696805
329692189
283662482
709666735
-712781939
-403300654
702240104
-165684128
-70246222
667622469
-196203861
-839681962
741222369
897701176
-691278806
378021534
-700938075
-655404438
714948685
-885706449
-979274591
-913425629
964451486
675801176
750469288
2163259
290915474
775297412
-424714036
869041734
768535945
55873360
-712750082
92989237
-369082796
94402384
999752406
40717146
-121813518
735320900
-766098172
-89213536
-673441909
-179283078
136994856
780614090
-596805625
-327571242
-667583748
365927575
459082994
-275338800
181215916
733592231
288291083
141887466
-932960801
10581373
-575149298
-966101865
-357864956
-728979862
-379449791
988988479
192896498
-174548894
-809069087
155762670
142569680
882799821
996662425
-994460753
-64459591
205012267
-359494186
345898246
-545983696
-722185039
-946138643
-541994191
794852498
916605755
-141977702
-616740089
810047555
-298490519
-503391220
-626546119
-731284706
-409946186
-475226650
646441945
-635739368
-300600940
-205927817
-613944212
-249718710
256766534
-549604120
613185920
804720493
-337177634
62042182
765303009
372673861
-370947680
-976047480
661931919
-170258447
715902934
334977527
614839030
673301602
-506179894
797656253
70748498
-443084239
520010227
-29543205
142585686
-962502663
834399049
917980671
754356147
454236697
-180405930
533278688
405607095
942108759
645775135
-238961028
777240333
-699281797
-75208146
936299748
486518226
515862629
740427147
443292838
-901973308
90660289
572770278
-829695844
424424815
721721894
872823134
-302718687
747946472
4658166
-38058349
971370128
-204787383
-206403701
-116060081
-116903217
647342204
-754887686
335198539
289149042
-636491606
227862538
712891766
-435095757
-55893104
172219462
59373633
147397737
-555410261
-36077663
271007708
-214072111
-356525875
-419982378
558808077
610159552
571316855
916062320
-73114378
82645732
-32463844
112484171
-747337387
-708869887
715700706
760399753
-999905117
608465850
-22287914
675480171
-687575899
-586564931
664347318
-646652555
18548769
-316025321
369711349
-665688934
-297481754
-909235002
467845297
-198148034
749193619
70629367
610837995
-104237930
-131391583
246607471
919878177
-872217925
-138909014
-165684128
126309438
-928463277
313871478
-199821128
66273493
-944208348
-959136584
49655868
-932291276
-896010906
-583054353
991005784
-579108427
-976775038
-710221465
97519788
-960811327
-200249694
-329090097
405607095
359081893
-140695062
589501034
378806441
568867426
375789722
-209969868
731349183
-782577001
-820919885
43198822
-613250883
-697810057
620728781
448432485
-135422917
-670723696
-422582748
-384175709
761321602
-208010131
-133266638
-174820627
-113281508
583016840
-281240347
-789111166
781328322
915676452
-127831914
682751531
495213470
-631652076
-400546329
788366398
-272706294
-595492180
621753986
-614324560
690337230
981577379
359992652
895416926
466423412
190429288
-822733336
788902113
455821658
33222056
122258281
377140689
960685929
-621000739
77877861
781208544
461372114
714096993
366061466
-582819789
-189118228
513504417
-998426890
-142098418
-963379786
327022964
-602090166
-343383403
-33391966
945084262
-574010790
-952869440
898201710
910771810
388308377
-454117671
-806980024
-940155413
-433019371
760728211
-650513482
834246893
-681207246
-167898316
674291365
428044795
-435721130
-392306700
35746681
-124164884
694810661
583612890
273953527
-239526241
-905423186
-520084464
307066932
-943575622
298454586
-926174068
507939569
-499316655
-545453422
722171501
653214958
490129254
938973880
977684118
-235142886
-703124926
-509168740
690139386
29081093
-958227594
651847054
-125110991
551131818
283475968
610893047
-927379919
34850251
832282383
249553976
583110660
-273914142
787682651
914487966
346302424
-287590213
-276913109
-224388961
283103573
693319962
668775117
-928402147
-489666277
-286228695
-751272563
919561017
213035048
593637071
-430015312
23870459
730280546
-834548694
-139710232
773566174
332271250
951377653
-489741567
675675761
335767960
109705059
-6414430
-533603111
432561972
-701494587
810452623
444864363
587849046
-897394772
916208095
408994002
-464265979
780192433
170584704
-561474016
952090463
-763808395
337240422
-522911926
-77641681
994658469
-446411958
-441662886
753912585
670931401
442285715
251797596
-920634669
148786400
-766551345
949091182
-962257121
-599943982
-677195419
570658910
455269549
211088471
2805126
-227629175
-718561081
364949721
152778417
-152324951
-373785513
115958412
-123565230
386570522
67515884
176370667
236876406
-347955934
872025087
784819951
862081415
-515760815
-304688043
-227377536
-958480763
716894415
345222077
-944569569
-863474933
70006011
-385598022
-826670504
43511987
774710472
-208961608
249701536
-43170319
-393644553
880722550
488562873
-13236495
64064458
-958034101
-105738988
-938874613
395776714
-779911760
584171813
-160530200
919510920
-776590231
208128423
-340989056
800030882
830515082
720607809
-826545423
987812963
-222431033
-940155413
264111823
-379253036
-570016498
-467041828
-973817016
296374065
981603204
196477144
-231862251
-391873956
-257850520
786358076
-813006568
-268240014
-572302634
475739074
-940745506
-473467283
-426801928
-619378707
-897206168
-382999727
322116912
535289445
726045700
-816515404
177097728
785852220
907782434
-501342871
-655317593
580234260
-869327520
-373466035
-378686358
301184398
670373112
-841831025
551925254
294664340
-646783357
-306052923
-216701360
-385535108
-112040362
-377333622
-270797224
-589913337
-98420614
406762146
-991411105
-736435589
195611330
-617520719
-139778442
-504621574
-757334794
-114974416
385924541
-168127705
-545128514
221284027
76277785
-75264622
167475257
-990152576
-786771239
224165793
422041046
796779559
510173910
-431142610
-167548360
277523633
928452437
789625577
859119284
347877426
-549916643
-122443885
-7467752
303776669
134500587
458366882
-342043103
-540381540
-944315859
521976006
-206403701
-125612334
337680979
-67089881
-183425607
-545928685
-574925658
-90039534
-333999258
767766097
-491811456
-923504835
117707091
-198280564
-270937999
402192894
90368841
609642410
-402044286
341504879
374192341
753624427
-736213479
-185853470
-967291925
-247173872
11896390
-92029284
173965220
-752031352
-73716974
-757553233
-910504005
-278846885
-745315927
-110109496
823679616
624508764
-166261072
-139648859
-321120805
-449798871
-12191452
-170802900
-540215545
325466100
-893805453
-947879579
-227483776
-765161151
626737293
-185821725
993024107
-301315986
-902671159
-358634205
775750470
-793806128
-927885466
243370417
750490029
-973750124
382481590
-773954851
-718294727
-900033876
-352573192
729013673
-581806986
611958580
270694357
-500659959
-747704356
51952459
-464518786
100999142
-776078636
981851732
-663630274
-913552310
-117554834
-584717113
491497998
349975345
-564390909
144202977
-816373765
-562142584
-968122386
308639483
302917576
-977478970
284387678
532049136
-440519598
966811260
-482391953
589696482
646095380
918970735
297567902
-619843836
-977591942
-624114406
274478880
-361766393
-387363433
560408033
-752280720
-772045322
28962641
-677464846
-934815573
458877794
-631441923
49055015
284370616
-157672074
788148970
-842379531
-289928023
30526682
-60496314
697902168
876647945
-187818335
192563789
-985314023
212445510
452707290
-167413725
149228141
377032992
69840342
941630755
476021194
37131457
970871073
-611326502
-303011325
738751877
463389351
366363365
32013303
847177445
979420461
108458386
-684972479
805166422
-336936637
-932706812
177933494
-695759404
-285784191
286598145
583260389
324394616
931903664
-978527467
-808387557
25091530
795504699
150847761
-599546396
847326007
-444591823
-476099968
820423265
276408509
-49492701
521190330
-636062636
-78122587
74946467
-390501390
-100068141
581049522
-874068817
-936650261
180164645
638582631
-678856061
-894461023
862751062
908974244
-806747908
-189971825
24873312
745487324
666081388
169750029
-794623553
385073619
489255284
348359849
405443590
-214395859
-523276302
479569072
33222056
181557991
735070357
723424121
153197776
-253612871
151350706
600487276
-545281386
-84963880
306877171
-13074648
-967395827
119572050
-445161640
-863474933
-325736092
992282945
-228110415
-793132253
-116216147
530182268
-516453144
385701604
-645957319
-653326796
-788389814
-724297806
-884351386
-991950285
-159856588
89447813
-586671097
-376323699
-498215982
-484448819
2065054
477492165
548707226
273673587
-764985320
-316175706
-960628359
291510098
422000280
116564026
-122165495
-906695606
-976315901
-601521568
-80459580
455397971
-860240529
-685793919
619743304
-316175706
-288780842
-906827739
-328595573
91779847
78243047
885916032
-24861213
-86578386
-498304005
-691871345
28390352
938850536
749896497
939637528
975705719
844005742
350586072
-234517057
-861809106
680050102
381665817
-356833235
-848168939
975044004
-761526429
994758561
-316913991
-195062864
458065707
-883120814
-220598804
-965380894
30737234
575181212
18057628
-266322653
769493675
7910441
-859461272
201957784
-120364212
20031231
-705443689
768012639
-555350677
234932663
-935232833
-794385482
-503480781
-8419794
-257922893
-163612873
-383456949
-335225303
967362151
341792161
-62664561
-605398305
-378940161
551783516
-585896359
341335794
410278070
-453526554
33973288
-667949603
-84483494
-139086968
-939110085
601994011
-180962481
-592549579
820023179
-432527052
-859116018
564712987
806731903
-768709694
-351530124
480816218
-824382091
149464042
450435165
758834765
509176630
-355040879
572178432
-766379571
938217614
-608752434
-306800383
231656963
777437764
296680646
-636178525
-801576494
-379995757
-318873306
-813485296
297729
54719181
923704704
-713924821
646625201
434022067
740979214
-713924821
373042097
906501150
699055163
951767995
876426826
-751960932
-72435869
600196055
743377367
814911031
-353880306
98158850
-107722281
812356913
-767819246
-415414283
425437215
993749022
36755747
291308132
-683840288
922767913
-56988898
-800195527
-134273593
-984684815
-111604035
-10906833
-523489318
-364434632
-468532742
649408035
-591496699
310494555
320536220
101027086
839059276
-579788186
-654822060
-952277379
704719639
-358605938
-178525473
-555502759
-901195765
-225743550
973271532
-930709986
-946421636
809964303
453504168
-261306063
268356418
691672429
646702062
-565559978
517529063
-315870765
-759195556
337781613
-842379531
377332696
250872565
-431048583
-74691974
505565557
-228802672
649690698
69286112
605642807
486709873
-580017245
-903019848
223389506
62042182
967459751
-374271051
-616032798
-660330439
311320827
905375570
-104542125
277402584
-443466972
267996397
-8628406
418399976
-914468121
-894473365
-646439406
-539243811
177894908
-396132216
912105810
365752636
-106515667
420549130
-270882371
-313049129
-735917122
677575377
957387025
257746910
-886867393
639608731
-358634205
-820182441
-252186900
366239819
145750823
147721143
-847355288
-589332118
702596374
-780325572
509724529
437074594
374043814
400846941
516074744
-70206983
-992845327
630093547
327498001
-479838723
-310808149
388308377
-826936740
900704465
-10815823
484828598
-284001812
115899628
-501006634
-774763878
232931580
-500990286
-19946177
-697593052
350963465
122433937
357472500
-610023854
-626263579
-339452992
296976745
675716547
-166768384
513719163
172890101
-752790930
-602829786
122913537
971584714
826309347
-867188964
468040386
-970131585
-269395472
103519095
159657952
-578642354
-215836742
-7825307
-417446609
536352863
-497587614
-938969433
773072092
-866910220
285601259
239120852
676438456
-134125676
576116903
55542909
643994540
-309600771
951143319
-88649061
-354908815
-902092551
340966415
221936415
-528806209
552255250
169656450
-453355179
725680079
906947453
888222951
-332040306
87671135
370498259
555380580
586160144
624028181
734835940
-58351332
-982100741
410853172
269414249
757870920
-12084726
550066668
-349311818
238662198
-238848216
-196912600
378310326
-262557620
555101787
-656679100
219128050
-409283900
-562278769
11142974
198067415
-818989375
-951934336
66166363
-385954376
603647610
-89961361
-198098730
788503288
20137603
700665676
780780323
-572617120
-563213437
-12871664
739345123
845424029
-163244994
-247717152
146993253
-788389814
414776725
278933335
-844099168
241202336
203243402
-423143874
-772857389
583840607
155561479
-181986601
-491811456
879180746
-669450393
131248172
292888494
679479237
898033948
-304959378
619743304
104388665
200812448
301812941
-17256431
228532191
79861608
-257151211
-450789870
415572842
295010406
833846166
-965380894
-665645185
-158868850
-749275069
376462328
-5333999
405352460
-219014312
-427318083
-835258707
-734157743
498879482
552650449
367588430
938904318
-394793274
-781202660
738452176
847315625
-143697778
-936022172
112682507
539829874
-115527047
799136768
-280061645
17212677
138087965
736358483
-981412313
-160231920
-809582751
-201086230
896056258
198318084
-801719594
42344654
-934727951
-40327938
-226644892
-699818428
-870036374
60442814
-486831456
-378892602
252227602
671098276
-385048319
589501034
-593264663
-406829369
192972539
514555688
-409611469
520959185
215348166
-503624680
-892565439
-245118689
-832889305
160866115
741222369
362358809
720108668
-359731390
-495906950
-901626613
-695626061
-309113330
-355717727
-774206655
113083912
-358547943
700665676
-478888910
-275223662
-368733119
526974137
-107011993
656173964
-115013810
-612426449
140865232
147326273
-547866048
175614457
329042730
-333689940
-934333368
854194001
-216026848
-743761168
-452953498
-616928275
-256691938
847957867
-782679099
-28630644
-535646776
84422324
723544776
-341056217
-502757818
703616284
256327943
-475523335
642485049
757487595
-323850001
-800888189
718041495
-108246469
-857780176
409225162
502951811
6715551
-857607214
661415697
476933699
857065703
-743366167
692662502
-34932758
-471955151
-878863900
507104463
-451254993
222107479
508186687
-574699748
982405876
-131620344
-482799568
-699596797
-954101132
-654194705
-661405828
-956972360
815505012
-323666933
-880071066
66064798
399052848
890617621
149775165
-502014380
-819785843
834307034
-88895129
-103975133
373016205
-841845258
220235845
-16956236
-392727942
-910960614
683775313
-225808220
-638354664
417843772
299046602
441219140
44892009
823292399
-952637230
548582876
-737009206
143100008
-301679335
181436365
-956174122
-360754849
883598159
583522308
-985058991
-326558774
279573612
326146808
-964898179
883736613
-270377242
90921216
-71984883
-531838014
-563958395
-37144810
-462136246
-513075248
923891134
122654006
961144396
-383872906
-143800073
310104414
-563057825
-844080856
487113670
-124596890
460017493
502451974
583082530
-579050434
-386587165
-271664524
440139862
947076872
-493014979
-923919245
807563391
839595636
-190422478
-443105867
-978346972
609583631
-338966390
-447294219
-685950380
-750440138
774438397
-619444653
-438203692
353234014
109138328
-679742180
949763896
-495476749
468151489
666188689
70629367
-957720676
-659666437
-266511654
-797607412
-233651184
-89849997
-583266511
540500619
754212245
298528804
-890871142
63970963
970871073
-802197479
-325156078
-346619855
-732150551
590677989
559300377
477840877
-531446401
-762257395
-655864549
186763672
415984965
100330138
-444918575
-340858931
598972521
929013571
-277336206
-177612205
533849220
-239626779
-669290705
-851369921
931502554
847666182
930766038
194015367
-436968801
-540638888
-4272128
-995147455
-78826928
72631931
-995860424
107924401
214584513
570196303
-491507516
833473772
895169070
838513528
916382740
-912791023
969807532
-572826334
391173227
-761773192
603683478
-370999213
-852509646
179200423
159706302
683193015
-881551795
-827965857
-356355294
213507567
-625637070
249701536
373255722
730077674
863840105
105795421
-412003170
388575667
-396132216
271833523
-999944939
-714129356
94750785
177012137
554558804
913260243
-371643029
-993425549
-218145783
29365953
-906972450
485248208
251370825
919398677
198625184
-377464182
923263612
-520077266
351700417
353397154
-486737297
-701182732
-911401983
-122765428
-258457509
-332324591
205615575
-905184008
-43240361
25672801
-983219586
-295566691
-850520811
84557535
865345144
90336245
-343272720
891925208
-782784755
97109661
88742740
-38653419
-97433690
-16956236
287906885
-169017740
676167053
973195219
-3031363
-504421273
-769754275
-813006568
-842705424
-492509475
590677989
-935068271
-7631279
-928298549
-16295333
-101280895
-620216897
-242275268
-339038554
-264617805
963167034
-678931714
-664173613
691554722
731568857
58359146
-745761928
-673202424
-844902278
801019732
687139874
-517805718
753388776
764334943
317238977
140347210
791287410
434143468
788599609
-887666472
431929868
-136862755
-740090222
832357534
-166004338
704344430
-610446707
689244205
-762301725
-754016172
-582409167
815066085
922598979
-218414306
-121707896
305218019
-360037532
-617848894
-176583527
-307524996
850356307
774732810
-917069472
-146109737
395197009
-923651619
-854842252
522821777
390152108
-238651330
-34087486
260377069
302437464
626568109
223139960
-591720890
-322949090
-703277295
-641757908
-806747908
-307524996
-933744013
-833511472
-833745881
-165266583
-579155807
997277969
372935979
-446724791
-31146647
232821507
-878820690
-241430342
333124036
352780054
-913795073
39651254
144938066
-520829285
425050236
214530165
14561700
196032041
182030851
760399753
-42223985
-278192268
-438721595
-934104826
-655990148
-844106616
499504471
-938490630
739530237
-847704571
754553255
457114128
-381346679
84288669
-805843928
-186019981
76202790
647197761
-832443244
200690707
-686167088
-109552937
708477949
-801785077
-644175861
598972521
156978427
-127887320
263171973
417575362
-713253370
-624678901
-431142610
603091835
-48068649
-543198203
620098206
112731289
449930278
902942116
123799067
-375713344
-690680760
-545566655
16278797
-720983531
716307715
693328673
453622677
-504691775
-312515371
68694968
314668033
851732354
-161678657
-240918700
-414398882
317442279
-23911000
-898097461
-272121278
988831096
-945664920
938217614
270590628
-514797633
-189585338
-884539332
-20183838
501010993
-379605903
-977138338
342650614
-775672821
553676170
-975883265
144110219
941570482
633152579
-297285786
831215441
-541675799
-375026743
267673479
519397346
837929148
-820211636
283103573
-106621369
-54007523
565063958
-604975830
-63141261
-789312007
-644196597
339144149
-340412132
169324437
999196855
867349019
-596835767
-523276302
730801533
831937845
256576282
-845982045
796208000
80828701
-561287027
490634049
-825848239
118585521
-780699356
-549822686
459145705
-411794190
-874456187
256327943
-846528317
-582342365
263575128
-779483101
-271257460
17867248
-185123050
222533489
503760247
853941711
-859266391
825297553
-79282199
845535903
832346537
-400579543
674636644
311102927
-805876647
-611945967
521102531
228045864
220272771
205766503
-880005456
641022943
-35620935
691026192
195745650
-528852253
-380524855
230714847
423080299
-964157765
572049452
194352541
465607096
-719264626
-779887342
98993428
301269820
669531714
-812208506
146412269
374098599
-854606498
-477151254
319047276
-833715953
-178616147
-714561421
95186302
747761104
-418717815
636529806
933874712
606938356
-699502183
-212689173
-566771090
290613574
-734794701
-376889830
-625637070
-612445724
-257628504
538754707
-465730362
-618980532
-538151594
275769156
873602172
-260591517
623003363
356720437
122580797
266661100
957828958
-237674921
-888454846
-343444495
-670723696
-473768798
779820100
311320827
-853006572
-485445956
-993028184
466100701
-278647749
-480101528
987927314
47623048
-194555968
-946421636
520064420
-501503418
-701166359
-649412968
494642841
393177243
-515947860
-302868175
423384640
379382898
-554642547
908818792
417578814
306151013
-521580270
-116564699
-223964931
809818471
17020481
-318284640
-877104828
-190657022
88346345
-479203798
-259242883
-181657834
911035088
583612890
-94472019
-280590221
-889287066
-65896878
47481741
717044685
763271104
957578730
369043248
590891287
646264304
-506046410
99385530
488173911
-604416457
106118555
705591371
-262504391
-270112646
978877577
72526446
-220477777
-446336181
-584331981
555101787
-736153583
878009480
817295366
-332040306
248160425
-532097534
315475787
305340925
246234047
287118461
-603946466
544192453
-785344871
-47247519
-76097241
-460206853
97007664
-770672008
652458745
-277881020
403941655
-282877234
-824534480
185174382
846567931
457030341
-754315716
-406334810
679450148
923530135
-554330575
476021194
-752841150
807619490
638093114
-916396282
-821367738
-52180244
38014344
-861523963
-942234947
-861084739
803268132
-214822581
942702735
-408193295
55093234
314112934
944061390
343791467
-477713678
67588686
-281207712
-690680760
660657530
-662190623
-403705034
189742320
879493701
-896965284
-99240417
146712884
288338969
-932365090
336520563
-213852550
334741694
503760247
630721693
741865833
619705742
104803327
928579411
-889309338
-580009046
-535568845
-997633286
-373466035
900625871
953104086
-343636109
-957806982
-992440090
-932411399
-362118984
-526448002
-799166942
-483979867
149584484
778074188
205844722
-422448610
714879236
460834854
-205545386
-616896376
-162089537
-773482187
249137138
123799067
-515543648
312905015
921949108
-337319345
-443544205
-417875300
-626295145
-67319832
-166308002
877854700
-933359523
824911920
-688748326
-410738860
-487831795
638026061
506236349
-203933601
689146691
-809582751
220070261
-470770617
993450804
-124737374
-832159636
-830260450
677928866
-14164945
498933695
-266565383
572178432
-515875063
-717682036
818721344
-295512175
881443728
-519265744
322853286
494079336
569148589
95657419
454371877
-683765340
-399150925
-754992307
-484351117
613717708
324176705
-242918191
918897223
986125421
735502516
-938827748
-555371510
676121623
-1039628
-605607998
601706299
103169182
-819034911
-702102904
-258594750
584760309
-23898329
-713253370
659365043
-873108329
986340187
235725227
255877303
-610935499
-1844035
-81979413
35698127
-43795182
-463038557
486852798
546314038
-173365841
504631829
-606618073
-695258035
-433946179
-329157227
-848451958
111952535
-404405787
-375203651
622534673
825678499
463342679
676228373
274704889
-207515465
344960548
772578491
633259319
-88142823
866111535
-296721416
783194574
-989729789
171760467
938666923
-173328354
-405616986
323338763
-150440690
716176208
408377135
-342283708
-495926479
-500752863
964000760
521301112
-309919588
-858368103
-418632091
316054729
51952459
469281036
-239332354
-615785965
-55689676
121366534
-682226559
884300925
845825650
-751631234
710785133
234728438
7472392
-255048254
268167684
438928924
-56275919
437248376
604829685
542679037
-553876642
-350624981
-399275952
-363292766
55590182
744103762
349855057
667517346
667410044
-334916225
-621520141
-528453687
415394678
-359773931
177894908
-344300035
984891022
-91165388
693378676
-110295907
273673587
173443063
-660429940
626737293
-169662885
-962176030
-780597546
933989186
602193982
-48330234
21621881
-907679795
-25893741
807924360
-539483351
133246869
13785787
-325893088
-109422990
914038621
-574990649
556493248
271973292
27025563
431017887
-297448686
-772719968
-324892289
-89422603
-630759982
-769321523
-400820920
227665411
-717515207
-64336566
-316881114
-275833547
692171040
-50998990
-10378046
-849246274
464379629
-172728602
-869835305
-977562453
-745761928
-544198549
-990930763
262568248
65452842
-751806588
868731194
562840983
636267054
-757319775
-112213830
472668499
-810917574
314108712
-355765310
-331590116
-764353307
-921808346
-514111149
-225283299
686274552
-143560616
-717925660
-520579762
-407842148
706551414
-323501247
-120586520
-21695433
-202010806
-900373826
-142454139
961275748
607736992
665014863
481891413
651637115
-892582689
-914310318
443527686
-940628007
-700124798
-245509006
927834977
230780601
-582633211
131132234
-403497902
-916959261
-530913193
-135710774
-8682781
449715654
-996312176
-104237930
797166164
493717205
80421450
-58657627
353113071
-419555545
-992367446
-256778257
-111187814
440707551
-958148873
-811265410
254388706
750727003
-409196755
173523422
562494739
930102181
456757098
689066733
842553592
-994070724
-733927738
-28651959
-518513065
-43396087
219996797
882743021
-693743156
110341362
794791706
348481521
-546945991
203164430
-201961464
92928882
101736133
401779344
-958652881
173590244
-183380110
250409016
-376542924
336540166
789241034
-809864035
17490248
-675219024
-493504590
55112732
876713530
-217282285
-588933533
-966278812
425318617
854485666
715607593
656817937
545904483
-19808860
-720717300
-152283859
100876765
289074262
642438018
639214653
688592638
610439027
402053472
194352541
-969578015
406446207
620713267
624868199
-695759404
946870661
-144672433
856845107
404701012
-472841470
958237479
-754369825
-689502231
-249075885
219851816
-787915054
-644007113
-309572186
573705291
222823903
92398705
74263743
447682628
354730967
718437308
958504274
-989603436
368476023
-470020489
-672444468
-298942111
-767284872
718888611
198227287
763694801
-46511305
662948333
895085214
-373551330
-878863900
-566657817
-410059267
743765387
772089928
-721344851
-411074505
375171957
313596039
740491862
848630524
-427171666
-840047602
924077773
610694294
-774160120
914946473
544650088
438928924
942904166
-36715590
-239217107
-579941988
-5156612
420299673
-938069359
488975924
-257720245
682077890
-451734699
-98846219
53861029
874232352
855337010
-127390496
749017936
-115545060
-327031648
-90263059
-831315613
593041270
-555997098
-76198471
478209078
64064458
-432274817
-739868768
-605535426
392122854
325282075
740660815
-889138233
-663630274
947570490
-115676963
830958030
-930504320
-972989481
-144191778
-447294219
-924281056
311449433
483958831
467191153
565597027
890410519
300706103
963799348
568807615
-364356473
-62987508
225564640
-674168759
701110489
649929391
-649518699
-654326308
-799874110
-970803237
-122962588
-540903645
-328936514
-639759321
3164484
-162355770
-970356661
503874019
-278647749
785416919
631102761
989278342
482193598
336064465
-682698158
277914050
-721438442
-3000769
-738830570
-269325140
401779344
-28335600
120678373
-28727477
734031423
-226478662
-786208500
688957789
-752218428
321569442
-603368846
-544481482
-615317043
357024929
-139856112
-423912063
-960628359
594471309
-481522386
218413126
501553972
354149581
-489345283
955444351
379382898
-690394169
639721195
-76660217
-829466724
-829957458
-448327430
-529011341
-490497985
487541493
-12917719
713379297
155128321
323816399
-613628706
116118677
365818491
983354613
-360660216
100365908
617778834
-366592439
-632888045
-376889830
-614120610
473471318
-702278247
459412364
-690236351
-903878288
-385193347
277974468
-348473982
820878616
-780010380
590702856
-509228863
515858570
433182939
-75055783
711425326
91779847
-691616349
-967668288
440302066
88079747
-986325177
-600227315
-256997102
486779693
605790812
884618848
593082020
641182424
-788731398
395554440
614559006
-103809912
924887109
-950994004
999308521
-654386935
794065330
516834339
844959460
308666203
830821189
-328300752
-551195883
-562002596
400425480
-596805625
-556890830
391614788
-2854384
-748225149
27193183
-901124203
731349183
-112835038
-264287121
564479118
-637823935
952247788
-79269185
-356668788
-792262275
-115844238
-912667908
-265242153
703706280
-104653717
-803090232
-502362582
-873047534
187919922
-696827040
547179549
-716483146
468956149
-440316841
76226351
552650449
-47613885
-130004605
-649023230
-645804065
-51701412
-146162142
-500369249
-257394321
-489798981
-277022358
255408946
338236243
819240492
628946005
-321886884
-987491785
234754798
961555431
-842902481
-250382957
-86578386
976000863
284822149
-866910220
-388589409
-337512641
198807333
741972256
40645242
895165206
-157924639
-809791452
-106688744
530236179
47376904
-743633730
-912885019
611627133
398810523
100999142
-74099464
-773338337
-647639253
-908601932
510918718
721608356
132128601
239396709
611789692
259979153
-71211334
-651946556
320203057
-978815231
773703110
763435576
-89415163
-186348670
-96780421
-612935054
571571834
-184576985
-930101234
190087379
861640866
260098729
665656109
157257611
-545281386
-299390640
-615738903
-316666182
-973304580
894663711
657671920
360451928
-883671287
-115351285
565846798
-466443084
-999791065
-578964242
-305897386
617473503
-694093438
-69151424
266002951
607905798
-143850595
-716226698
56519766
-675607294
-738382230
-898015171
-699125494
458559534
-558925281
-853767342
-728386434
-851455445
934327305
-131017499
-960212726
-514693139
-493399063
-140971991
968873749
-566298509
776867182
333904986
109601497
49158401
-586761418
709693739
-153366330
454705611
809507840
-320799523
566943512
-64789600
379624041
847957867
296268299
128958088
-829763960
364044544
-220173912
-72837472
-576162397
-972621561
632831341
-554147225
-312679744
583474652
426434467
674291365
-489286982
898320517
113725559
858446183
295438614
-760915975
285824004
-398624699
434649471
-13866760
466653238
-441965573
807172509
2592908
-569867768
-162293240
-590573165
53965155
-490829483
-273630069
-519528786
-117446725
22762780
-847052484
-287497068
-19546339
-164515279
-37586235
-301644719
326892434
-780434593
-724938425
-853021175
-392390420
772721877
-696230331
-979953877
-718269740
-867129872
132910522
661485605
-177885434
-225540215
542295558
-414647978
261278996
-703591673
-469396199
-542506373
146412269
724593042
108248015
776020571
991723777
580081800
-590628847
-631652076
156478538
-236800731
795700686
-96761836
517419757
-958279072
-325076886
-852041909
1943356
499607354
541441226
-276771134
-776451944
-315399927
45857716
177425762
-174462397
-332324591
492543934
-272055307
378529411
217051468
846588774
279639785
976553830
-657615736
918361146
114340089
-429332196
-929278693
-195630631
152136636
409363902
607966913
-6542219
-468755187
299116177
-540381540
-693255017
640696792
737956511
-854483612
-771689226
225564640
-627048399
725687971
-833381200
56956543
-795249253
790424846
337845164
-351446379
564194996
149944494
624868199
990182223
559045685
-248484558
-550844029
-65624740
-946738658
976152915
-756758689
-845504669
795016073
-978042310
370709382
-251305999
222403053
58228912
-957921968
714321379
97341728
14122939
-448341754
-503062879
704878130
-812587312
-181491239
973699078
850426947
279372418
-142854351
-39791459
-591496699
977618206
-993213172
252518924
901259513
-252722609
719004595
-305254425
4142017
857737436
-364121442
713516868
-605351335
664882166
-898214969
-80667389
653118567
-936309103
650196259
474421418
185422096
111385129
-321137313
-380029587
-157973228
339069765
902295042
252497912
711157361
-400776054
71694279
-175771539
682189583
141887466
786472448
-542020422
-42441590
849864808
610345416
108644852
-541171174
-458936156
-470345315
422109925
355504934
-795796534
853348175
679164435
31141197
674536452
-473659476
932416072
-952684737
494778264
423114903
696681613
-606445089
185308106
-379842345
421203543
476183655
452755544
-270954342
563122242
15282157
-353715259
357179532
-9083653
640913354
771883465
587084641
301430659
958062180
-276345145
843502074
-890458568
-607714342
-692457202
128656523
521781212
-808177430
715988364
141214202
-775374487
-820699180
-562702337
-440757476
-446175587
450914131
-371083714
969342328
376310755
383336
127756060
527491416
-773267156
-871273011
270235184
-718005577
652976628
297729
-205545386
617438986
-939906909
-607635683
-101251069
-991411105
-232690349
-252756328
691366642
-904174392
-126916635
-234448388
-899618743
-281490617
808848175
788878920
13018748
804880504
-980928912
87703393
-15162554
501359528
712484998
621600213
-667681948
70228715
-487859060
-932620585
925921061
11530465
-941683973
789483080
172492000
172191290
816878251
359994309
-230064120
-228017419
-188931772
-244464539
-303011325
-464020283
-527136297
126746507
363331979
-389241304
672355908
84571348
-293223245
-711779307
77415278
-604239548
-566771090
-582459659
-629620788
515766900
511289683
941369714
-915165244
-76277425
361394196
-909887612
865181244
916605755
359489593
160992857
-553876642
445194367
-731467208
-690013367
-855712498
10309194
995207352
-126819066
35961343
635282393
420028992
833994084
852878018
-226072109
798858237
315475787
-912255296
-114322794
-305469093
-206910325
526239669
605234622
-738419450
453195581
7155852
-308088737
339629470
-853290571
-254747260
-180598557
-494196211
684092601
321959961
-131353130
-660721454
928384249
-14379229
509049680
-63910250
-683462726
143264327
-619552851
608094225
475916800
-31576125
-771566222
-626335995
759694089
729233055
-869931382
7756838
191418744
-326910097
-724938425
10031392
-883596667
793623123
-333356061
-155449130
-556252163
-878109181
-999905117
-552641034
-795796534
592958471
-516399024
-125987370
952741953
742852140
-299632552
305187822
130156519
-581310665
296645394
937222270
-31828134
-755518887
135875134
-960309607
905234942
-386059173
293416808
307579403
-98991973
734976011
-310770589
-432703104
-783226043
464503486
-394780075
631790021
-210585975
-304688043
366163120
907340752
357262146
-232319778
899372803
-796291978
58928873
-512688863
851044814
325244608
427989983
-459640976
486869960
909842492
-246873018
129107109
709207636
69351591
113069901
-673395998
691045779
-707085486
473758458
-400549208
632607167
-121052958
-159334415
388723346
-148236242
-523436479
541832770
860240685
234520038
581483907
-965926919
-395568328
791308813
836232360
301505214
-40028499
-398279360
509407805
-841516694
637407008
-809791452
-785211054
-130004605
525497205
-19452450
-669648756
-986134428
875266352
257972916
304533814
275231577
890037193
-848355236
614135429
-993766139
-244812476
-834218473
-796044213
-904637083
965282531
554485285
657896828
-356029690
623210538
614484719
664798966
-136562369
-245359678
-209835825
-809753677
328800997
281535408
-352540510
717187361
-845573154
-714907069
860550979
249566594
-93738889
836178581
-434316737
636529806
188714512
436785673
-619310881
339069765
-431200714
857981976
-385912569
344035325
-554758006
-22465145
-383103733
-559232426
-979953877
529926338
425842822
60929012
-77914234
268344731
177325515
41910261
-511447748
439611254
-188007852
-593155415
-125153968
16221899
-561345825
-991719845
-3000769
728149239
-771452609
-896656615
-70991905
-354689881
399733422
-384175709
753741069
978936784
-60311285
-367859299
-324326441
-847875359
458205790
-245058365
-27246941
-680297590
-664002266
130471076
-720025922
48783258
-169915252
384086948
560821494
213035048
355536542
-297296214
793458688
858781403
-666742465
966102439
-946128350
503126388
-98225073
-845025382
-639676282
-603409818
385936566
79869060
-213120999
-23486695
65396814
627878181
-726615992
545356385
665113100
-982833004
-304347386
838953661
817258455
955989591
-199968477
-848066120
-173772626
-601612510
-936874216
-693900381
595533287
580104725
980177000
-6357068
639848515
-264685953
-361313466
-109209786
320966313
426397667
-415576295
412666839
-973304580
-937513473
-430621163
-519259887
-554197192
811709936
410584296
208958747
1617118
656846033
884524837
-166646452
231948290
430645256
3164484
182378594
-661805739
-688933138
716405656
-725714234
-144466504
215450685
302556578
-400162255
313805294
-750643837
851562111
-307670106
-601190848
-780541950
-740614101
-149903979
-172884902
-258032594
624075313
-793195310
-890193537
-205720486
117581079
-986571468
-938135242
-473484306
-688185368
-704182611
-34074088
963436193
233690674
-21208884
-253794555
-354989052
-725660789
-574699748
101694351
637110592
437958112
619046839
627829997
962302917
-324126646
816545902
-75584485
537532493
558366473
89048592
-871038183
-336206450
-956709058
639327951
-979635056
457987402
-354550270
-612461824
-112959021
-390785136
346190626
-325525395
903203356
-378335643
-403992765
476683599
-37429235
66954540
939703331
859755206
-769455528
-949803853
510515127
-807166773
-757138807
-251867652
-402227069
-672730416
749701915
-270135357
972692929
-573688238
947991058
-214160505
252872772
880734328
-458740486
-583273736
-39145119
95587089
-449157274
-685609859
344312383
-234966101
29237987
-765232858
-445304583
541100978
644982151
740979214
58873748
630220077
835178717
35938010
403471411
814693263
-459275633
-420607274
93464223
-948305462
-921692795
218167000
-690041952
440072020
299116177
699871115
377518916
616789595
-182765155
-542650097
-764949884
-698827463
-345832249
880385478
924149853
41910261
-149321167
-575429545
956284746
-795163162
998830367
-738972239
-166873938
-46152152
477052170
-846561349
28285406
-258509215
263821230
348520195
635282393
-310068301
-365212751
664485083
-63592563
-955382640
-450645420
-938564914
345239912
396299248
563423639
70075340
308537774
916421545
-645376077
635623597
-622238601
-971704938
-890937274
289711501
365067742
150322236
272011826
19162231
567833483
-817691665
-153740699
-675138830
-760776121
-82283805
444864363
-366423888
383135698
583016840
232726655
-998045175
498193660
-875941949
-662196699
486996596
900916229
-970901003
151047458
991891459
345696298
-455424929
-417446609
-413940179
-399138386
-879193457
355487233
471560110
-911997704
966531846
307097439
-606198752
-721755665
-689732163
294290937
-444376002
-108534305
-837394919
-4231075
599886118
-456170579
-159351129
33365942
-921951110
947991058
498273003
63443379
814598727
-457081866
799136768
62092124
175999867
-797917685
592658226
442372702
948337444
-300276673
212773942
-567591408
691275073
-225283299
-129947264
-725124989
-423254216
629557175
-94111776
810770425
-386807750
-548706605
610893047
556855093
3541038
-882775964
-964386845
802646417
701110489
761931763
764996419
419923858
774515679
-695441193
239855676
-704490110
-258806775
13380657
-255492923
-127656199
136710705
638242550
739391791
232139439
-233558759
-12437763
230372726
400205910
-89447911
477793155
-813808272
-805679768
-294485885
408377135
-833424061
374098599
-897206168
630005998
-317495584
-810844920
775696045
-899417102
-713504694
-813673572
-676911002
906627299
35980582
789265614
690780645
520575136
862873450
999561354
-811721327
726127941
70629367
547517667
468662005
702631
-550097988
-637760275
434276011
-758623533
-932828088
-409645283
597786824
-917600043
617587210
-835912102
-696522351
336312972
31581403
-83748778
-328708083
-870245462
970734305
-416668856
16714905
821738331
539055806
-678304362
-661805739
979855177
-411000704
26657262
211604376
-254329541
599276791
-737739144
-432847195
-910640909
762102167
-472496314
877024784
903640876
192416333
238088958
648348165
-242711417
559558518
96252626
-417392175
-773338337
621600213
121013496
-755181588
-243627213
-720116414
-571040748
146278820
-768167517
-805571088
951377653
-299271057
604386554
-548043560
-380393088
517419757
-798432310
-71745650
233810222
721307543
208040268
-504534371
-483156050
260025740
-792493624
-614899672
-430087692
802583822
-678560726
-506843905
-708328344
-547766731
536445874
755705578
-66533517
584122242
586116109
561766774
951143319
304280713
-495327480
-307870992
-257922893
494778264
12385831
-483780369
-211409101
911640298
982575731
-258910965
806024871
868567148
-451045834
-764453046
-317095894
-345014933
-29243037
973690553
439269065
662948333
-419185200
-131341735
-892636189
611823259
-807408969
-887840108
-329635202
243485656
752514573
-220309403
-915382020
-84483494
-852930590
-181091892
395747120
-685025879
-559300885
-859433942
149883647
-338314065
-541675799
-185664532
-865245061
134195150
781173475
228532191
-466145992
82122906
287836459
-832331041
-853425839
-279565014
-797917685
-699887773
469835766
404658839
523190576
10427701
-440757476
142119253
-129049608
217857493
-796692846
-212648217
453098513
372360126
336425191
244535770
793849919
-169739733
-922210385
-231601887
236182198
-321598212
351247315
261873856
944194244
965191945
36680849
-648922623
-800751056
-666887707
-534118694
209089920
-146814804
-492461875
-532417105
-756894878
227581264
-309860964
845932932
-746139505
-845529511
-270954342
-862340697
262894528
-811835757
-166308002
-57337679
425179191
895108092
-480445575
-753104847
518389786
335682621
-221527369
167760657
943559939
-334155460
-881689574
578225341
441813607
-226887842
-325893088
440875010
-850630403
-900815760
687357948
-144015106
174558735
-601621854
132301100
-783858697
881307794
227440546
-550367681
-346777651
-359874359
43334159
943633337
-457805613
-624497720
375913257
-112850106
554351717
-479721747
871404353
284923387
595972273
-201456856
79022985
-499083880
163527546
939637528
-21931622
-886405101
-98069841
346425568
-49627342
-655639814
-94310
158667884
-631049991
-529180893
67835984
497726601
-721969815
-976207753
-535835980
-979442404
-282996818
483082973
579435963
252019044
55215405
354875835
914849839
881497596
-54201388
37640299
862531739
-429885308
27181992
389729782
-685954449
-305469093
617323613
235760362
-250344507
613655284
604350019
589214048
-713253370
-112900661
887105955
-255837045
305043383
91002912
-776758718
-232532292
599300674
120428524
-422660892
577210804
554833861
-553164505
226362353
-667949603
-645205182
-851388863
-820699180
585852394
386508344
-262430886
718888611
566762851
145332096
574077652
559408607
-306800383
718683695
748908349
252707556
795711815
-590541674
-153366330
-418603397
-353053262
890318903
-256902392
844834436
320536220
-796729635
-215544470
277001915
116107606
-945118039
-38587173
911465609
-385157523
915350563
554999752
-324093141
-361851710
746906259
399809555
238782842
423171164
603224379
-84080235
-128999230
-615419501
837104589
-179544432
580656798
346302424
715547964
-176817502
-951618051
-899417102
592306491
-490234252
-396379907
-963547005
-730608009
-807657288
-747221147
-190487510
962509229
-921951110
803225462
953982280
-218517503
366682145
-109109036
368799361
750301619
366673820
194880107
-752164811
-960484706
661240076
41739625
-746005772
703478749
67144598
505611007
83377370
449314594
-560584397
432583498
897239358
966342432
969853034
630346687
5976380
-502334410
368084857
908054543
323440128
-698359038
799587598
-540168187
255037876
-558391637
384872739
-161678657
-609896264
-378412301
480138562
-653117116
-667036517
781028729
-687080853
532590575
-682226559
-802846367
-792847352
795631478
-184002346
-82107409
-821870413
-842203445
-307452014
263416807
-512968303
-208984493
804981495
120821352
-317802273
299317012
-766869887
-583935995
-159211573
-813324805
771603014
448830260
-867694607
-526726095
48471700
-223070682
-964658260
598056536
-812370501
923651704
-281794852
39601539
-470345315
316054729
237042886
243473508
-125196343
193280614
-836451213
177488792
-327769128
664523012
16532251
365183122
529618039
-686009442
119686372
359451737
-224757367
978561586
-30194604
949970404
-416542009
766348574
368189676
-9377416
-722168519
-389693159
-39247744
-807615475
-964722699
426731494
-177229092
-452820186
295050672
-504285012
285446507
831509411
-371562616
61269517
-49113109
641513731
323160177
-53786216
-199128554
-989769662
659450979
-701433479
-438309295
596382138
429700028
-239802447
136130775
-175474842
587509173
594061056
144761476
877353518
681185447
892704233
298937964
-464823113
-555502759
-400761263
-583511390
-48231766
450513580
188506681
437525573
-188707512
-823995108
-351404045
515643060
73160758
778086816
473017126
-39247744
-234205806
-856395860
325639311
-671306785
-47503205
-275308655
-793751475
-527211149
124443049
304406249
-340858931
565903460
906777783
-565559978
-185550149
867349019
-503586673
-514648257
-362206619
826749204
-173283326
-849580298
-292169086
-986993597
104149156
911691529
-142854351
156074599
-277336206
895461192
-279724648
705226952
-808478361
-704543174
-617377792
902082948
-766010887
34583850
397074350
746194551
-633125528
921246582
-625919331
-693765067
-537316486
477077364
-228742891
-80902559
740427147
-551281533
23688297
140502803
991374316
-327653511
-605148753
78490998
173779886
523581998
-788450140
486889018
-191109881
-786408267
-966141924
815695827
-661805739
-584315608
-4112956
-268649864
-470407769
-822075655
65992439
-86273032
-506976385
-550453254
392096914
-639293990
859180125
655972960
651266332
42918519
-110713175
482237821
-595834557
-552497785
124874055
-362482469
36879555
-711448306
473017126
300894682
-748835960
-960628359
20583548
-437916168
-403300654
-274746463
-372918488
-827298374
410086928
419689336
535154755
733678333
343293101
721864999
-780248569
-483912591
312492834
760005807
-878148517
-10694889
-791122395
458065707
-256711923
-124575492
-278872795
-33022019
862511429
857801157
-155913987
832770919
-222006685
650280724
-392390420
-964968854
-705630349
-122694509
-760319168
-209284488
412032616
-383142726
-526523875
228426679
-910476951
-773780453
-97788111
-259303001
-370028656
644361903
750451624
-320864852
770191649
-969437381
369815203
-889486995
871792566
47743452
172670612
837224210
980510516
-312712466
488222622
-692488303
-935457973
-334531182
-388953581
-204863268
-918862806
288661505
616789595
-618439372
-348030712
-815106268
-495703487
-201386622
-863361354
-280258224
-310847078
948496959
-58373326
-226478662
-21662564
619713104
447988372
656644710
322970314
-710094861
-171976031
490299583
-514255831
515643060
421279943
478398926
887942478
510079187
-632531646
-277424177
307022144
-359994062
327498001
373408866
-686241168
-74888310
-413408985
-735101229
522543630
708813588
759873886
-254702772
-834071525
-513082098
749859263
137959442
-913552310
-206284040
542805216
-205979540
520297344
491215394
654394798
887951582
803757500
41006862
286707296
-601570266
-92268343
1860475
102099651
-11640644
-39145119
-74050564
648113749
-108399387
706766788
856783075
-163629351
82695873
605887852
-265242153
122164028
-666063067
566819254
760647977
888557947
-213680447
-478633779
-10459363
-223232207
-900919919
-542506373
-730354701
-522186482
-559432696
-194828317
-758427185
87594088
482636093
-528852253
613821171
-857984374
-897096705
-655445801
613259334
-422907369
363652373
-879364476
-841280981
-973872036
-415317749
-19628104
580257735
-648179652
-286390139
-558534264
58475939
77812111
-824673222
-336297645
-213460603
-910754511
696610458
-596805625
-405144864
479726223
25431523
579411116
-497286679
173875908
895905234
-567830458
-217680818
-643540864
-292539155
475421669
-306715408
585679424
32341524
115899628
934266687
-870912946
-900373826
617734177
954027892
524534031
-827720864
558567708
-97788111
517326068
439078805
79248804
159657952
591247253
-406645109
746397003
-702581644
-314403834
137773138
13546867
55726784
-199180991
770900146
-383016998
86449416
-520579762
-556446536
17673213
563431317
917462867
-449941750
-315806953
-49090188
735161496
-258682980
-245007308
-758857052
998080955
593945267
330390266
-857780176
405352460
-343106797
-485139618
304760434
41101877
642681058
454027919
574108440
764548271
360127332
202144904
-334226712
-595834557
927255586
317238977
-360240099
143330469
-860063885
-639421500
153639481
10547270
-802643294
-666576773
446959166
741474386
20211611
714769514
375689671
864986129
-318612858
-474567757
189588578
940596447
-958816802
140465289
767291674
-785810561
619825362
-903944014
-444591823
816418680
-500219332
-473442340
114193531
232022022
145435997
-495526139
-106621369
-855657587
-502601034
278636242
-655864549
-970356661
524308929
-949803853
-580611386
-945399310
290500629
-74920689
-800702753
-135812186
-110614026
-940223944
-859646556
729461595
794691199
-728605524
-431952210
305407595
400512043
1882236
672073219
720887283
141034507
-129571520
-821077854
893707813
-146404030
344692904
310838588
-426474891
256427773
-99755777
-820143899
217857493
-655864549
314185262
-828200991
-734678818
981037518
643994540
771029676
531314427
674866244
-967022357
900982364
-712410961
-972939110
-108409747
902141746
146877064
-880440635
510738819
-694905648
-159899702
3902602
191690761
152276149
915226807
-944540383
-308239987
276252173
-951002863
-947034233
-505552456
-37486692
-634352965
-926347274
963827737
538450624
-731221010
876856739
863718968
714948685
697580630
171208929
556902185
-725382833
-105567824
-927379919
315164831
490671991
-831260714
437096158
-783241066
14780295
-120586520
-637467136
941057767
-943648009
174823265
-498886733
-813990905
-630212899
-191486895
512437844
369367218
-682512480
478293843
-813312198
-487236347
396518311
-636629489
993322727
191837151
362863909
-732150551
-34074088
633438038
284982379
-355963282
623279411
104594338
619967978
-924836205
-883956181
742939116
189049792
-614193317
663604128
846109332
-562026822
191070083
-754117298
737736541
272861755
169210524
716665189
-503391220
-928045910
-670232729
887516919
-992828928
-989459032
-507825979
-702238886
-680527809
-542301897
621753986
995069832
533403078
-226478662
-145195599
-754887686
49655868
175903114
500043151
414370856
-895563724
791361662
-638702250
711857998
-913144137
-78826928
394746888
644082717
568230261
943407916
95841497
-581449728
-620775652
93453812
819779013
-447775526
-309768382
230772191
489619142
-621593782
-340820329
-905837926
-56018534
605229601
-840377105
-67322213
-114561207
-966986963
-498395533
18057628
904074590
513939467
384411260
-764453046
-567257822
306151013
862286994
963746161
-138607101
-395111582
-234139227
698437700
-121122272
-899850477
-815185712
-153863546
508412844
-292764021
-323709179
456316135
335112159
979114081
204739935
-755819676
-226478662
-915756430
-736622615
820983735
733011627
-543276724
983277995
292941740
-152726543
298528804
-617040241
-344234519
411724454
436842942
-814217310
647583170
734353344
159701450
-455828934
993960503
737926151
645541791
943262616
816729119
522543630
941836034
516190560
153010471
81133088
578692759
483820218
-310725191
55032543
-182271639
-530419940
109734368
-340927344
-55488488
575788894
-818443184
416978546
-268412480
-75584485
127153658
-465036888
987918483
177097728
752541787
684358520
-144559851
-56275919
-591352851
170711803
-391791183
-610699610
-390445618
191757360
600704832
850206223
-594489381
-876094812
805848999
104205999
14122939
410441486
-800686335
-696955096
351380074
-663303996
548324471
461960875
-753359867
283788090
903359915
-454117671
639549994
712695131
701413042
429167358
-161678657
-474164025
-120531026
573490921
303300564
953104086
42794159
-356108274
975175312
-168148337
-345516169
-993636017
-328520862
767766097
-82092604
-962900189
-66130706
-351716749
548297315
644444321
461327370
145732492
-424803665
120023028
582003991
-655864549
-108955388
-68534168
-733563038
-381366227
740886680
-558925281
-2281919
-945344408
973771101
-700992627
-285226159
787887080
-135235188
197598044
219173674
-530200096
-800150111
776608048
-406707554
-82739827
568819269
-794941290
-328295258
606771955
-349813837
57416544
42886451
-301356
-470658971
-22844942
-67913252
954942640
486444816
670494352
-614193317
-609876072
-874998520
-598238110
-207594712
318670754
735794118
255686842
-539785002
-832714252
-47022301
-731936631
425318617
-452070625
-179283078
-11238453
174117147
576012205
631451218
-530977859
507939569
754134430
-563910050
-373322481
-741886036
-312959486
-861331569
-323024269
-913611659
-26999962
-430310658
-947288217
-700251201
50311643
819510363
2265370
501409836
-188571831
962673509
-882432629
359443148
-848956005
-297322423
-499779659
97210249
548674300
-463849547
217431861
-831468976
930334746
121996050
-914180269
-367747708
100943164
-602981733
723770299
132611478
-441002469
-744820380
305974802
-831449460
-878838987
-903798425
466198003
-321067491
617032963
-36970904
-652177691
659365043
439148798
-887575134
-808730399
908552710
-289897872
-722577552
173523422
259275312
-507938923
-793061090
470185699
21731273
131645086
911844746
195078208
473575566
-596734964
-482991368
670220328
-619962571
-399634200
-831784465
571783623
373008020
321420118
-347928862
-542301897
-667113460
-57065341
111291586
-122123019
711500652
-695349808
816650896
-964297298
-268232558
-330332895
151410933
554199678
244242365
383858911
-525289693
-488403650
-389050201
-116344416
807259509
638026061
-417167436
963300340
127225392
245838568
-788593640
-475500470
737926151
-779675195
31856563
75891296
-110670805
-350158129
-991120132
-216574949
-882855214
827575811
167119998
439811378
-352392579
-240123642
-681322524
424703890
771370500
-470415901
79224892
142294619
482602189
-942547969
149323197
-366758313
29422101
740603672
151173191
625438189
-342477964
-668882319
-482923043
-888686611
-330036692
-331696253
162874858
485196380
-362194914
-3157893
446094639
-321840420
-572090848
-831055474
148105058
-779197790
-326134176
-305340836
372883384
-133831978
-804835430
-642516319
-478428434
-918714907
323025053
-575944056
664510353
-170206748
-458513341
21858900
687305223
-181091892
-803402653
-684644915
203453104
-814680897
558897296
912703329
-505683376
708970792
-966202770
-932189252
316527979
-798712425
-857125803
706220800
-301341605
-95318284
-155856379
-578951678
17020481
200381903
412807450
815110903
252760089
-520829285
387625483
-726324285
-563594804
173323016
-919753713
-570587651
647150806
810559588
-458697995
907131444
776752353
912680168
102770781
670494352
930407047
142943940
-59631862
-605148753
-425718114
-133266638
295314408
-724442626
-714129356
237624175
156615691
219437361
-230867455
304280713
954342102
556403992
-576744928
-335355570
-211911508
-895900294
978877577
696653895
400360952
848853576
-77408725
518656687
851256268
289617453
-579694273
-412420743
924901592
-753549766
-971258272
952266017
648770971
-280258224
-414757046
991723777
485848426
-257662921
-757687941
404442820
496272921
849186466
910308991
-23230194
-947608577
-58277999
226399565
-352318970
-25980067
-74920689
700355408
608663932
-635316701
-818485262
-232319778
451255235
161805680
702631
-620167189
980635219
-858977060
-445929206
-116608324
-883671287
-117223069
-702984062
-953875770
-534118694
-729881357
-36914028
205615575
719742951
479479095
-72801852
-8005784
-827076147
87503656
-910441120
943285246
-228222673
-579155807
159627966
-570768948
-996433497
-417213321
170178247
95630703
228306732
-380092386
-547830904
-119188233
283726835
-3297143
113069901
-972386466
400731449
851256268
405321404
-731699477
-746725816
-422532334
-980790970
144202977
172285829
-97175554
949225376
-60626747
969400100
649528976
884970035
450669469
-563001892
-671935562
287456154
-81611361
-416545762
-296237137
333035321
-466686337
-469828458
679479237
-854584713
318551438
-412768148
-920743268
416712798
-931523837
503855095
-437590825
-338994928
-731257563
-88966100
-243030893
826661433
739518517
92398705
-458208452
634304672
732788045
838232051
672423951
-331106859
-249991755
995545399
-852802680
-818596915
-655864549
386813613
-298247009
117073441
540979844
-649605956
-708660113
-845504669
-824126999
-53600731
-995235809
-601422471
-298340251
163012838
-525980702
343653249
277050036
-265558632
9619078
381764693
298245972
517952525
-283866841
-129474119
-859496608
-260959729
180354020
-337486130
750076740
962104767
765120080
-855454993
560272448
-445105337
-143437761
-660896601
31232912
-545757596
900625871
962788151
-810574487
-511183777
-697190895
239120852
853775052
-298892239
-447593046
181436365
674866244
-430310658
131948495
-641274612
785119430
-315666118
982022318
-764586781
-409066352
113010676
515595693
-806354413
-421210639
476348252
-139029562
-302357038
387881437
-585837835
479245884
-711326914
-842545317
883408709
-800050366
-129571520
685023443
683694957
-158868850
702240104
-606867472
896484761
-369626710
-599101347
340107627
-665043689
-163812748
-839453931
-463684249
-819034911
-959374487
320536220
-559602777
-849118087
64233787
-489798981
-632713961
-513973915
351661611
-777778710
-864601390
462150794
-375146097
320203057
527354005
852760124
446304842
763002698
-553896252
-500951577
-171137794
-291035822
-98573312
-414643345
268565212
529352881
691532645
374344473
-674871147
-505683376
194920018
-980150932
-700938075
408015040
932939803
971485967
-502718432
-537430327
108408881
179188490
-268649864
-55258245
686494621
174239403
260405583
537532493
695640620
-186720749
238836757
786626140
-830402812
-439144371
-307235289
332128188
-595012804
-896567130
-274594022
837578121
-18967081
-470145299
669335909
-922826707
639214653
306580633
-276507654
161773699
679134265
134668057
-465730362
870004411
-767123609
884524837
373021625
-554099228
802058683
218578087
685509233
-954297480
-732096662
-498215982
-96347992
-830758418
445101592
-619843836
-715776983
-697362936
958617204
-653861472
-318849989
571207367
-412188073
-472107316
83571121
210162237
-771107968
-617004711
703363650
-505827278
458079178
961382784
-51318135
-374271051
-406055393
713213485
395183105
153714297
569887318
-13377314
-607635683
-412308267
35657498
713013300
-99017541
-782398065
754826643
154384832
582888928
781499862
934798900
-352134806
-626638595
188428462
-458006909
-966754792
-650473590
-867310870
-223259462
-825890568
-195903849
-840500853
567679728
156403118
-848276632
907157960
-608607801
-540638888
-475050074
310640636
102942631
207104218
-124090741
-202641860
849060831
-331531722
-61946561
-696230331
-481522386
-76097241
-33216664
-675760895
438535989
-187409901
-252261595
533951821
-258371162
92125112
251503556
-468880834
-389823771
71694279
-481418327
398097239
-452397807
521613483
1662814
519740222
161102678
237528275
313180748
902315480
-486791596
255610289
365045460
-815719271
-650759521
262827263
-701828666
-267215704
218299306
-196186356
-172964404
-183771652
-340563227
966634510
-62734698
-289405011
331215591
234797440
483820218
-106069326
-30510113
352695660
-932706812
-499954578
423715498
19369643
-264875369
310314179
-355657183
77959321
540917982
-361246320
-441560564
-406334810
-719359128
-85813910
-357779382
-365971555
-320211296
912532938
-912791023
-601621854
-675901594
325466100
-372957242
23677654
672583086
-400994320
-709533288
33708554
974285997
-361173356
-430649425
778074188
307337583
-312679744
-260628159
476464834
102545242
122449603
503009061
-751581380
590856457
204227241
-626827089
104271175
809760821
-434591900
-500219332
687300822
912833470
-159664536
130402068
-229343902
137695311
-869080747
-335355570
-289025575
-916083337
363788267
570115267
519269110
-814217310
67269024
-277119315
499160281
57517326
-231764065
-517625409
-349813837
677800781
646760207
-567501664
-509052357
288537022
-326439455
847615413
284139398
-696745836
429446335
816356594
775381971
-636629489
-292908669
-453810345
58359146
-443671521
-76481308
631873701
-435387634
520743343
486996596
644914320
-238588966
998830367
-319887281
-763650062
642169316
446993820
-648005605
878798928
-808118551
-619651701
-246820638
-971814770
-790321425
-533834100
644253756
-338358344
486195312
831007201
665968310
-588027858
-262738504
-489018557
553939795
129852968
-977636924
-245359678
-171021452
21731273
507426310
326671286
949801201
-16587100
-488044279
794431486
602159795
487672327
-114322794
177762758
-710305814
-910441120
19020957
-439228171
-936739234
844408545
797827355
-898734897
-199876713
319796053
445468782
771824256
105092923
-242648497
288492809
62916453
787091182
-2410278
130826395
331609769
-60289502
-647118130
658798074
-935286529
815158103
354985319
106292956
262984277
-230000900
144933433
460595330
-437391369
-139086968
47481741
-279620706
-787915054
-904558328
-160671243
-682766927
910859001
320379469
-555502759
29835444
908490060
-49158694
-492132966
-409879424
-906367959
348998251
615963397
-719178184
-557997484
-501906453
-142558720
-389050201
-422057809
-479721747
208353105
327498001
697790731
-594868977
207433172
-576878917
145647489
-352830153
569268559
-140457653
-695990675
-403117797
-771156420
429912548
339819360
-82364048
-272121278
-459680348
-840740410
895955415
133834042
-193532664
104250103
696166739
963490975
-744737464
843417571
231281021
-307223083
217793678
-993279876
-237310762
661661628
-170206748
-583790032
789932686
4256787
251370825
424337059
578604323
-135946758
-758212726
996971040
599852953
-831260714
-357091782
-661717669
-422613003
960022666
-499432378
-735324039
169397886
-682698158
204986241
118923481
886973103
720108668
923213226
-822955478
203571936
-597768431
228426679
-899386252
358487490
-615816009
-650314152
93640270
448658087
-504940130
530677764
837345437
-948400153
452994313
192416333
-355392822
783488289
-541415133
-911816451
494971167
-482740678
593606225
356720437
-66974125
86449416
-221423670
-46573739
-78434705
687033327
-802037778
-458997668
-266879242
897363249
220763669
-661542675
700179638
-859790279
-256920541
-499401010
-381366227
-747241923
517659073
19667546
-710000091
125463958
168998750
-938419918
556150594
264445745
528480015
667875280
353499240
-791887876
434688313
-124737374
123339631
308761295
-357243090
655229091
-475558883
734442683
-974589252
384974289
-364268769
217162435
-900190899
-177166975
320379469
-348928983
-451325668
-29328340
-792485166
-676911002
189555357
-312959486
-589686470
149883647
848652168
335141072
50934271
866659555
-802415168
-157973228
304639225
-97586461
652517097
768851376
-538532764
-73665608
302632169
-820919885
747946472
415486982
365610050
-612057654
-868691389
796194832
514388035
395502672
7392977
161968745
-205484854
365524842
-33996603
949801201
541348800
-398624699
10895579
412921645
337607580
-364015956
-188235273
383426960
688923148
966342432
-326672205
-627733602
-511672184
175178189
894895577
758301102
-834832843
481357888
964876322
-203738146
-809200331
-684754561
968073169
-860680431
118923481
-123522785
-516102648
-537051164
-872171428
-572525736
178416027
675449083
-131116549
-355577891
473712856
-895636435
778760548
-31683071
50934271
-899278837
140238570
-326489333
-721672070
-566417521
985265570
-785603377
-24269706
486779693
-990785732
-660952515
-744325788
171079198
-2854384
94920728
-370549112
861500180
714321379
-882343125
853181706
-35844181
255610289
-847218351
-289858368
-883699265
-565195189
-943801227
899302879
-301341605
-800364620
-454301839
-528688771
528805495
-741177867
-965825451
-293370023
-772563223
-701494587
-133831978
457687665
-117613654
779115319
968316088
2332080
408166813
-216162674
859234801
-790442207
669038741
953104086
-5947937
315251111
354533772
-967395827
766842883
-717084141
-559232426
604224337
-77016385
-764319044
244889209
511455900
882403254
447853444
761788421
506959651
517173204
667622469
770262644
61871663
-741047223
-318464431
-470796100
998926742
-474645513
-771668101
892934569
-872602162
235607743
-694465391
258677706
-879374429
331543901
790927384
-631178941
-909755503
-187141517
-35684548
851364047
766070271
456550505
-779289801
-332814652
28962641
-233601305
64261392
-228393167
-982183232
712329475
41527440
651955918
344916808
416213828
491837983
-840292374
599397225
244469626
760570608
605500470
571676879
102545242
347031785
-783062374
-11929236
969873012
-650314152
400709974
53780461
-677532156
-712410961
914468746
249701536
612721681
-787679140
-682012772
199034019
-925116653
-544960443
650558498
-334588665
46716601
320379469
-895799834
-250750111
-249457679
792344789
514166280
876713530
712099370
672311621
-47884019
322853286
-650872698
-980790970
-569867768
-992468391
-79833184
-385693504
-142854351
908403175
-470547537
484455684
-281952042
-799920735
-872431594
997318130
-603466013
-887840108
-188385798
279656169
-842902481
382020952
820983735
-756365615
-698602202
-804146214
717790372
294471679
-381753614
230620500
-99755777
690862586
821520368
-465483713
-363905349
-538000923
-593842683
415984965
641182424
92631086
895554041
-92123205
915473516
928244952
28817780
186605427
615751985
745296329
-577566456
-754775771
-621402001
180529793
562277808
-841619520
-819687301
-209428963
-958046413
-626115662
682751531
9328349
14773402
518627408
711355986
-355717727
759316778
-655864549
-39122767
263489624
921728065
52669832
148747087
478097602
-97942716
793135994
181131978
-914573825
649408035
-544109678
-345886793
-415414283
-255837045
-6484899
685176996
-369458308
-283022721
384411260
-913345707
848630524
178161728
-796089055
998080955
248128890
-73030017
-93361964
247630188
406222680
259736779
-579495927
226264605
255247135
-278192268
372003694
114080514
957778757
737495548
-242182222
-642727184
-32860574
-516512379
-894874165
923407666
-268284405
700420914
-14037931
-351446379
-214322536
959855905
488590456
-517531723
-21341691
455181842
629826617
842053409
909796359
-208521315
198221431
-300066961
-610977961
499792817
-554724309
-576744928
-237053735
-954113674
845942535
-862376782
-581310665
49655868
455961751
818567606
246349198
860313397
91011258
455269549
-649635599
141827010
416669988
409599894
-329613265
860854478
630572907
681047114
700564472
888854749
-86091043
352016933
84008573
932801292
166821906
-135916544
893417949
287956173
-946738658
-407351972
19716918
-178243812
961104896
-797879983
862440459
-543828507
956510317
-184258848
-883855255
-600782643
830515082
277523633
-823616491
-811592120
-969387016
328110825
-460123962
-766507320
205467852
728971082
-320705059
-228499236
-485325898
369644232
275231577
-451101362
-274526225
-440378684
-198831917
460231494
-67106581
540367750
533278688
-734261272
-553155580
12915564
-506254867
-580134841
-428665647
-558948757
-27749636
537649679
-726208238
563881323
427633851
523907714
297821315
261873856
564712987
-361313466
-322444763
-764396091
-468496432
119722312
-174040611
-678467831
-871158429
-140695062
-203892221
-301279787
566514531
-230942983
-960751895
980527245
567450986
-423975587
202215040
210162237
-60483018
722807663
-21251445
-247505349
284296038
-186549399
-83566154
-380258699
829296075
-261155257
709599073
592676521
-734632260
-22342032
-236175501
-98420614
-391939835
-208249344
929531250
820621542
49158401
-69024703
271030998
-856250370
606152148
-65527656
295438614
535381184
19925135
-248730612
-355371171
572178432
-771830244
-563447604
-30606918
716647968
713213485
-118761944
-581431452
245653548
-70356998
-86918532
51696399
-831449460
-277690629
-482923043
653118567
-14087353
-842678989
285601259
-160807083
284958080
-539958746
152586318
62964892
-372012146
997425061
-374683014
383452925
364965116
624377889
383473520
867085687
85407702
555357256
-708660113
-656231890
494642841
-735931411
664907314
214054898
-912364033
135947083
-874476764
-254472462
740225984
155025153
330956266
491502478
-480936424
777376139
14832283
631512561
531684424
-925602330
141619173
959926005
-388873803
-635877159
-913798722
675263621
-246626350
-737840326
-985292593
523866298
-159441809
-859926263
476326089
-778223835
-225663025
390805508
500879032
-787317992
-670714692
523211621
937196512
336498619
-539343740
894787579
761514560
-822075655
748524022
423348136
-829763960
-7673130
846289899
36823420
-535131817
-113022419
953489576
-972001133
866264430
976990906
-436839489
-450535675
-629560995
-635918442
-445448980
-143004872
-532992120
-884078421
243258085
841008646
-587905145
891275159
546418485
-757687941
191364261
-950521963
-188099166
-76796392
950925854
-643743680
-299632552
-256850420
69444854
247338261
-261480694
-854892068
-419266112
693536962
831509411
-104542125
194419592
935805495
491073828
-718442825
-705556611
337429093
-5180031
660075815
-58245223
22876345
-885396764
-343780894
433063041
-386247462
726838449
125916428
-200043360
534265816
-414320878
-804209194
-951636402
-687214860
734823326
-141914203
-864321232
388308377
696892940
526485348
-632189317
-83409168
433378481
76539382
-40503657
-978364086
-342390840
112582668
-671564512
47977542
186924985
927574854
-629620788
-16227410
734535232
906550860
-974156875
292888494
-685723339
-691814940
956486255
330269440
-592299055
-282663515
96252626
957257067
-220913716
-43961191
70281829
856418211
-808597925
509374235
613582587
729980701
-342008066
816681982
-961272648
-53156879
-457120848
270860447
-947608577
891652008
446543988
-435908688
-944653330
127021616
909066753
-417093681
426133412
-865420702
236572995
811865115
207104218
589214048
771706184
-488123588
-321598212
530182268
-149603891
-866829406
-949715205
-384792096
-558773105
-153863546
-302432964
-755866028
-558663254
194172009
-290366743
-754117298
36074303
281541060
-674805036
587290402
-28430990
294191348
12611935
193587545
9677799
252856327
159936113
-59952419
-848193706
30737234
915957791
-883671287
-218788761
-56624364
-780885050
-102760606
-797080825
-470020489
2265370
354518213
271632775
-710361895
991863305
-941003570
282155891
174558735
-835791833
674775108
724395
983929453
966456359
-543758214
45583181
782847589
-370981144
992875006
-203115368
35588917
305407595
-944822392
787573758
14904906
-223554447
526704655
226251978
923230452
-292658017
747230429
-361263587
-426680534
-710200234
-741886036
-831180889
-476523382
627712238
274967665
701530317
-113235215
-527416774
-482120152
-349813837
-350487003
58988836
898409407
-171589173
567548069
774137377
-577750224
-459443577
235025933
214452179
-684343490
269070246
429102959
63494177
789241034
880877763
249972266
-381203007
437958112
233389315
-23412277
-580378171
-281496073
315725463
224001503
321569442
18729785
-788114214
-833141586
-416223378
-843337086
175475644
455495825
465181917
-306585631
-313776452
14561700
-181908948
-609896264
-433823179
83306858
802134605
-22541278
770900146
859911724
2592908
-826530267
-466204260
851439629
219256497
-971814770
698228538
301872963
931880587
-686616521
376219864
-363618465
-203558688
-869485434
-495566556
146069256
973690553
542148940
631572429
-745242490
407278550
325743800
854578639
-122006374
-41651302
-167227595
-106417976
-706375243
719353493
144708627
595130648
951845946
-796208506
-468282863
342512149
939637528
-253515279
441219140
-235589337
-725382833
238999780
259613388
-903995422
826804476
600361861
801426622
887678625
965699840
412894272
-624967996
-271816584
-284364322
878685879
488330123
156125310
668876293
-423312625
-328385552
-979804907
-785490359
-609170281
488410915
-267847463
654469138
465405224
-494311559
-265769488
271632775
750451624
-547613920
64064458
-338114131
530964096
714948685
-193355014
-450789870
-871312341
932939803
348028359
383813354
-385920349
-886270584
-1896654
759316778
-65641528
961880458
352760769
682595003
755921212
-712410961
-789890010
-505043566
-96435705
914330546
-639619367
-534671489
910143342
81608100
209858872
-463980549
344893128
975638282
-645736081
709384798
613512029
613088479
556855093
745817193
-760481755
-340804499
-788158679
109705059
655881056
929874706
-317730236
-171486974
16663137
438262843
481994030
-393021998
391454153
583891562
568833799
786053077
-878507007
729306025
980250966
143717937
-138069485
-349533544
28698573
-889699800
-54867696
753846136
-135606797
203520054
740491862
60563011
846033749
142943940
814829934
-186019981
-150015488
489084112
-682541601
-203081538
392604952
-671308181
-924685900
751875600
-988727065
-229473289
953397162
220683028
-287072173
-335158492
-718914373
581270401
262701918
180023118
681431427
599813300
929531250
-479440640
183782536
939077232
15135736
-564940544
405663578
351271840
-43556017
-181491239
324474168
538130984
275244616
631572429
-247505349
-202237620
158915990
304000817
-585111955
759188447
36255887
220083386
-639970130
608746359
-350474630
955240114
-855185442
636076717
403503978
449399771
-654912182
662060979
-200727532
719520375
-801236909
-267979879
652950017
-426558462
935573297
187636940
-936243786
-232151132
-869080747
-909549838
291088741
57783874
-133298596
44279454
-122754122
-448706484
-213159471
659967802
262568248
-143492559
829987156
-548985829
-860479867
-66432090
-884277589
-926398125
259236687
1572305
-112487293
42106984
-397173378
605107908
-356535619
-253767189
-478606748
758466168
-686324816
941995246
977987749
-633735074
207893070
746487063
441528952
-343050427
978215681
-488220871
-311369646
-973872036
615291682
-983407061
-818909388
-455027602
570658910
-612895626
-77997519
-829020752
-170296370
-376659753
-555502759
450303150
474468165
719546079
407198020
-484266313
372883384
-770984274
912279136
280000405
214713259
26280388
871086335
-886066408
584065187
-16227410
-909887612
-337058245
620576588
-915980635
233636314
70723915
-878788003
-972728658
824793735
-207111185
-642125065
-925632986
74158119
-573040864
-243292511
27093047
678602480
94227051
521301112
783361791
-249599412
-299709419
-8628406
63394911
895765729
-445982524
483412187
-186721271
-744607547
-435151931
275463032
-356160463
406222680
199951355
-243030893
578797135
366582904
853805251
22453336
-821989970
-621441607
-184932943
-436526433
897456510
-304688043
487120800
831822694
214825417
774438397
-417726549
-941510908
-871461490
-260144960
-449759838
-603158251
95473761
-964035659
-389017907
-955520546
236120511
-994524386
-135630257
55500226
52305424
440707551
888557947
-891120761
-906177839
-501193298
132699879
-603035662
849060831
817751786
-978652676
626038772
-886183577
-326623589
-858273556
-810119667
727575560
830027166
200812448
844428684
-688748326
787091182
-673690523
-498304005
-311532712
-14568854
79983367
-962076001
122449603
984790199
146617192
669481821
-274583111
-471521201
-690013367
154877945
-317495584
-159068592
-439981911
-439411651
686494621
-644231697
18093447
-766003337
-165243176
-179744699
182806290
-82414969
-544241566
948157352
-731418888
-928170337
-960628359
-173909293
-776800159
862168519
-899914677
-447701301
734741858
-189051605
-392993385
-845191382
111758241
-659520077
839014942
346734939
-526712675
-553662040
-849777535
812318333
358417598
54245545
-281157484
146412269
-294390327
-536129205
-839464325
-140185403
942332231
495155600
73509137
-270772561
924390080
-675869146
-647921854
-123055062
-982043430
770690853
-916249675
296153767
120928901
-450065129
-640546680
595972273
-907265862
-726246207
-165929336
-173553844
-682592015
-310068301
381135331
28111693
642742380
-650025287
-765567253
855100203
67961552
-503472609
-940488983
-229329143
-626115662
-705065269
595907375
-930320659
-532692699
795218834
649106196
868923294
363383047
883700604
-940696607
-477447366
-584888137
629986661
-200887186
253002287
-122634340
-756479270
-818098041
-650648797
420108492
-338172458
-825557972
974156688
398505750
104927559
-641274612
-48426809
-526868709
-571844209
-706375243
723287746
-548337449
-968036807
48342000
-132117632
-9818241
-829054595
-591886348
-514872931
466537297
329760125
-304225776
-510853210
-239777482
655881056
-165304664
906589261
693536962
-684528828
810522428
856014342
556296961
661240076
-609588381
-402976899
844610367
-440757476
492777724
-171837208
-128460923
-42807984
-164235954
496893379
720652265
-249532629
-232281471
-596175885
283348590
626011120
-858784167
-392797752
-65929258
123658968
497161925
-179485175
530719543
-198013392
-206794113
636959996
995639178
-12150079
-515105513
-157213280
-786360505
-910190995
-459786453
-700251201
145750823
22913055
521976006
400551261
344563463
-731553157
193587545
813344157
-183454859
-713104794
-804675376
-885563406
819340452
-278381943
82600194
271632775
703041455
502399902
-490684014
-921781526
630883230
15329928
711909733
290400907
316157424
275463032
975498851
735177727
350794362
-315360643
187000117
-801075627
-607159789
960608850
-663163351
556296961
-204289670
-401897011
-802591947
-652248088
-693928551
902524588
-522844599
31403212
654337941
286598145
933596258
576676130
-385954376
-498913866
-705112206
997688016
834415110
510918718
-770433455
468255740
-413940179
-122240245
-81992410
-574219039
860287001
603383817
791143421
-685411582
-939037548
-476123739
13594663
-131620344
939709553
723818022
-12084726
242221797
159081743
-793623248
-601621854
-111837825
-311548070
171884794
725383345
-39515511
-400579543
-244652842
305629298
872784055
782008496
481632554
184983169
633547602
465086468
-483413932
776038577
785569304
-82260620
-550890682
537212050
237042886
-124251130
-506179894
773166349
-91660642
988487115
284633293
-598688061
275320318
848959510
-375246881
631059550
737684436
-502676632
132081169
-354679283
-214985784
911601795
998314347
309919535
655362756
901357647
-214322536
469740114
-655948735
-301475762
-869485434
-465737980
453793658
-143900818
-510984481
-639293990
954638943
-876521930
-528453687
385701604
-809951501
-894780036
-645736081
-775241979
333496223
663302242
247411447
-980150932
780039299
-194314258
711607714
-248303205
147146433
-428302820
-50833855
448373628
277129273
-564390909
321847350
-748902152
816296867
-477429257
61641200
-516467199
-533302999
-805644690
680626689
481144175
-206658613
-966066388
606114664
562357259
129991619
620451509
853234412
-728505803
781188829
-527905366
99295266
551605902
-623665997
-118958470
-967514924
-167227595
-792005183
-91020501
160776401
-551766335
81915776
-308965831
-560033512
66820824
690736747
547577979
118563976
315098590
-276214308
900229069
160776401
994794499
834018921
811752742
-546071029
-670232729
-940796173
682896092
-791797942
394876801
-857731419
-858513877
-511086892
73074792
641680147
403967218
-40731171
252856327
-650138948
-631463750
-151610962
560358288
-145673661
289074262
295509800
884341959
376310755
336064465
832006997
936890872
-791515239
853995120
-955754851
-120982053
287020408
757538903
-567591408
-681181920
-672241488
-689361475
149883647
-673288465
736419501
780955373
-161471480
344792639
825678499
-943947163
-873694539
-814804512
556046313
102073807
-390713184
930988030
-920831469
92928882
-797719524
-650720284
683675931
-610706636
-815558068
302437464
-149809419
-613131489
947331944
-857267942
-444225036
-300407014
-528453687
770283529
243473508
973569179
984730798
963260733
954163678
573973119
-376456711
68029994
973823539
598587218
42283972
-896614833
-832663339
856014342
-76541705
251629883
-388622746
-926706227
-331946106
739696891
506379594
-994276243
260316446
-35684548
-39606602
-397053104
190350529
667772219
589696482
132173877
-808839410
423348136
66695671
-752425360
115349044
261714880
901114221
-433019371
508708259
-180735199
700260351
-597447293
-737739144
-327502559
-309456574
-852776195
-524194135
-130888543
-653280725
423408087
-445982524
77246608
-639860776
-279539696
-106016534
-192801496
-313849553
-533395712
-601190848
-601449473
-990930763
130713521
-771896776
933840070
-674393315
493840559
630793991
-713796162
-124890430
908409544
606368592
462815265
-528218066
-64174253
853194460
-295737590
-537051164
417899091
966893360
-593155415
-86794057
96120107
-814773053
-142266572
-80631672
331543901
-679762637
-757334794
292763935
359443148
-270455263
-250559130
-802937323
924775248
-233116781
-892103937
-763881403
-409862771
-394724484
-629111957
-403950630
443527686
-918968848
-84531874
-971030809
892135799
828544141
-979953877
-178149630
-35007076
520289268
954312446
-106952584
-625053459
236572995
-564910812
-596538331
-690795049
-376889830
-618265085
66984451
-597768431
-488403650
146412269
-959048758
273180913
800103939
-802802708
-294786452
253732158
-840170809
-659207311
818324657
-595884920
756702130
-687575899
-414909804
872204081
755705578
820252486
332008783
-662796698
-305960413
744668744
-694083047
264262795
-118173484
261955227
-299767513
667942023
-187304347
-891132056
489451466
542924676
-342959469
-763334966
622414870
191757360
-894874165
546712541
-591665633
813144057
-403510317
419231370
884970035
-94926054
540398118
387334359
-928402147
673471958
-714404743
-605787223
920492048
479178756
-73248572
-503062879
-237143784
293051776
-173372088
-950521963
-45502162
767231041
994250603
-644007113
-239982584
516073543
-378660463
-98394401
-38481514
-267495267
249093316
-927710241
-509914681
-526248082
924936341
-898999207
-405930120
-72552545
-747030937
-202505281
686274552
-552274582
-243815965
-966634183
-256637206
-454267015
863887373
-520180778
-932035036
-968487166
-525336603
-659807574
160824200
-830260450
683694957
938299261
682398423
30046526
396114084
-712030608
-188590703
346931161
-102529616
742317206
-659739624
847698993
169335167
723584977
-370478486
-161678657
-476412975
717187361
817264464
442372702
197691825
-67319832
988319237
548951404
-7882985
-651411401
890749910
900481112
-285520769
822521272
-795558126
-923070704
-986134428
253343382
286932778
437718953
399277621
173195301
552123398
108958375
90885771
-148953139
865783020
-341599140
-219505141
-816137497
246607471
198148305
285446507
-97572038
-996559551
-923332173
-676125442
-592145118
622057053
194632449
802646417
-341214854
-70909815
-560828167
843636313
254802005
-77325441
-340858931
-417821357
498109043
237187541
221587164
363175551
673067656
112299009
238287763
-572803933
414776725
-603125120
-149603891
-237027504
686055304
-378486733
815397818
-926602358
-855557438
-443750554
-294346939
11559881
-318771769
134779689
-801211540
-157813446
-39040326
-849202651
-376061534
841621406
-1844035
122683226
-952662534
826447714
268167684
-215112927
159060500
417494299
99982907
464821596
-119690113
-459559578
638785436
530118525
-981242050
-403904528
132081169
-546248148
-21187533
629304019
-941859361
-109022643
314912145
949351277
-362528785
-746139505
236265955
13816051
-210214361
-793342322
-944067911
566514531
519823744
813462645
109323981
521439252
-146651627
-485506128
804270576
-203418297
-395718992
-647610787
-871340445
98993428
1572305
-864021113
359443148
-903909834
-839546983
440947828
-552387665
-670402483
990269368
396601268
-801820533
320536220
-47659060
281663677
-983976003
-656401980
73421481
-855054600
-636096316
786308633
-7673130
436134086
557447631
-928606113
-321745756
-12704801
-889338558
-7765036
36074303
749468807
-469876850
696892940
-400960293
-1384423
224848432
-247505349
236913554
734744910
-568282262
-106662467
-498913866
72631931
258533500
533075982
567679728
-479546872
505735175
914038621
-442026110
-780637841
478643620
-824468195
-272818449
-82839328
-568020074
99982907
-124090741
464406460
-990516488
-477619988
332630194
131500759
-220309403
133033124
-524719358
363626596
754826643
488698294
-906146756
760574041
941162548
942946755
656300623
-892582689
915073428
428582259
-213726875
-318502819
-818098041
-355494993
605839408
-833381200
-533379945
-113737602
-740639371
-215270688
135941030
265596230
374043814
-664262962
837104589
-524194135
819456828
-878636490
420166801
-784219543
-244131979
814961462
117183361
-530113178
195512597
-56374403
603751643
376127059
100261394
-855815023
982792488
815757415
472810418
846427265
808538673
-550598419
-295918890
575025535
-155288381
885906856
434649471
-845356022
-210576581
948391454
-216268438
870215328
114590980
482846414
899847291
130917100
953397162
946565053
-997890813
960142111
-467818725
131591067
819238471
975044004
200421063
477575223
413222014
834567065
-584234829
-420432933
360978195
-389955177
-326853981
-536455618
-458191832
762623081
944563656
-652754530
-961680287
-824673222
-673690523
740491862
156252864
997121338
-301425914
-325655439
-744375692
304114646
891861942
-118026789
-241423052
-83267756
-401366005
-369553931
-744799242
-245118689
542148940
-490146641
-717147162
501914234
-804346760
925032581
-678241764
-302055590
-755574416
273881549
-399773108
599886118
804900513
-848124707
601095513
-898489098
-950670714
827266856
-476436198
-245567671
-545152293
415394678
-749050266
642408758
-578720427
87575619
-91603862
95473761
-953043934
-688832358
-333613141
-372493953
-244387437
899319777
370838636
-274609252
734155946
830027166
-619679923
-229590644
-428220894
-414978229
857449323
-37819841
-820082400
671063560
-247173872
520117189
772495287
931509795
357932025
-278192268
69211277
754553255
-852630083
348779434
757008243
578524234
389005607
906709033
268314528
-229864689
-115004188
-900429849
995069832
617987099
53619913
468922626
-245554684
235170015
297404016
-515020764
427271457
486080426
-929702443
724450022
366832099
516784540
-805005992
-45020149
-410493428
-559232426
620695671
520713347
114293050
976152915
-853954425
-81726089
-420607274
-922885122
-456915757
780614090
-188200603
880475114
-415662556
-620448079
995495325
-434410401
92571241
438841494
472562795
-3935061
-146109737
541522415
66248731
-100728470
-590473156
263952653
734503855
419746516
-336689029
470727363
-465174981
584219608
-612363551
43055750
-667100876
266358008
40471440
585208005
-623917869
-959788768
-673347225
141214202
-635838474
-336573179
407231943
80694852
536960264
-465271568
387820874
-436968801
-508945612
441813607
902019280
-492407654
412425599
162088289
608473571
-805005992
-294493615
-133140978
846567931
-780248569
-938388149
-744189147
-759573282
-499422888
-743603660
-72907884
299461333
-835181920
-160364802
792716588
321133954
929768892
707625259
484604320
-914653223
-20446414
-251085440
-294522433
-123717818
1773981
-756304593
-398404856
-649069727
-835618654
-214019864
163073358
150362493
546540569
-223346795
281748638
540198713
506392139
-969578015
677176664
-131207338
252387981
393965702
-909887612
-17860085
661431219
-744290640
-251408126
-825254866
708050998
871047213
509374235
-321745756
790202123
856014342
-861613005
-937770096
656243249
-921582155
-179227478
800030882
-774206655
581643559
605530526
-543430054
89048592
737979212
201487229
456757098
-485625434
-605398305
138367881
855203630
38860878
-273387940
-6108322
707625259
969400100
-766098172
-630466435
903726336
-518876210
-796979041
-732800600
-313815371
-688748326
-340012780
659516499
157035663
-695693425
-18273804
-802772151
-817771791
244560188
469177048
526823203
686413765
-411204097
-231941026
46229384
364598827
840303814
-981891729
-643743680
796496909
929531250
265911653
-124954820
-515317031
87575619
532011139
796066717
876851683
-291628032
630572907
257570906
-35814012
128596331
-744387356
665656109
867119984
-171362878
-429932914
570196303
-664248262
789425821
263315652
577485827
-598637678
47485516
-944951800
-905423186
-69724512
120301188
867263469
-93983245
294544032
230152042
-252342659
-268546462
-475621169
840969892
-299271057
-833284097
-164964647
39042136
-857984374
986457932
-101280895
515535730
347719997
-559168245
456639101
471659241
-580523150
-829623179
-958279072
-95979263
-748119342
998830367
977563255
-528729746
497027743
-474422132
854781930
-33980750
42106984
543795680
-355444999
-872793946
-589576105
384974289
822188903
-701677858
144064384
-968555403
-451648990
516625592
961503158
-674707354
-132179807
-350522461
800661639
-566054711
-152324951
-271506210
-255117447
143867143
-46182890
131591067
714983830
-875457639
-167593128
391801064
-226887842
596858885
436028756
961643051
-291407583
-202700196
455961751
916674801
-982100741
772969001
-733206576
-285520769
-537281585
753792877
-532188430
868382587
401843345
-794907537
-573541228
-466410934
601210421
234601821
745851388
457687665
-87812564
548248636
113725559
-665936686
162098525
467992103
389086125
-320242123
615996967
-737009206
-832487397
722369337
-969961830
217402099
-264704850
360978195
-904073839
-782354372
-380632237
320379469
784015545
332559442
817515765
-388322609
932870798
-39247744
909251703
935478753
-924716718
-954662418
618440163
216774697
-311460177
-51624473
-847681991
689158256
-148612361
130765594
817116442
-953347380
732822194
341753511
-544071701
196477144
-158283736
-784514710
-680435928
-977351138
659605052
-118226903
687300822
-831536999
-199090166
-268904317
-693189871
306526965
-322587698
105535239
222771370
-892792562
-816717391
265169795
217517068
-438144054
399376181
-111661923
21955376
729790177
383754347
-867974309
-958099959
808500112
-319276559
851827121
174406697
-469465173
-267792296
893480059
562357259
402272289
-487236347
181047281
199768725
-841215343
21172387
-547613920
-790886612
403328368
847026048
-699596797
-602294406
460452032
215542565
-617329742
98828789
627329343
-954873966
-927310320
-551400172
-285911303
185528160
708865813
730561006
782008496
331543901
173941024
407134255
633724885
-302396503
-571725213
904617291
-215088097
101736133
-291407583
-26018017
-882602163
-985358091
805334960
-263009041
-685357727
611225069
-186995879
497925270
246017794
-471455465
-154570060
627204444
943719964
23373088
-896621663
259090276
-123565230
-393975466
250832449
-805016871
792745329
259979153
-181694191
-42801838
454262082
109631214
-209016307
928086799
-269840973
-192698031
942702735
-330576906
165181056
847841565
-141936527
-477248877
-443037361
576116903
-652754530
452953030
-540826954
261633503
827727529
-694253884
820198145
529618039
959029666
628874136
-369509924
827537478
-252984287
-505155798
313908616
91702543
-924343111
833677571
-837344950
352124393
881840465
468347938
114499318
-136896073
530866879
1019656
305673829
-528770780
-289163595
632468056
-404867471
406965351
-105413923
128596331
541252617
980109153
-847286759
-839518159
194352541
-513127513
-414804450
-739136782
-395462539
-567795464
916616566
-706150756
-860937705
-659005791
712541822
237248343
-817803907
31849549
401306181
-148350605
270860447
12518749
-686364998
-835724262
-291367719
-663096208
493928592
173673714
-591246319
536654282
-454939541
406222680
-502827151
-985426484
-198976541
-678176260
302981419
-485500238
-712555801
-383339430
360805932
-355885325
627737448
-254940135
405732724
-506403406
-468880834
-917728461
-542994559
109138328
-333356061
149620875
632134595
769654207
-945869923
-684880598
-185550149
944736939
322853286
-522531992
-420779373
57558363
-639021945
355208549
676529015
859765709
781129017
-672582420
-473628790
864457221
269625125
586233639
278329625
-52100686
94801705
-846292963
-900479098
-365040043
275449457
172529916
383274173
808725735
555242251
722313415
-299465634
-277424177
-455626971
770222399
-436839489
670649726
805079465
-730464900
-663096208
-315790760
687033327
995209068
-364434632
325513320
-785455034
-312394117
466250210
923105757
117851153
-170491086
253815294
-680152606
-149423143
908185135
-759347350
-699728182
303426084
983405102
-155517950
949735875
-216162674
-335661529
73074792
-728116838
-409464453
248802433
664382381
-326003296
-994589383
-739274482
696979023
-529572962
939215710
961360119
312383650
215888319
383813354
-919031154
-253778169
871420848
-16604433
-811978693
737016961
-499237206
39781733
-697873622
878530810
-702278247
-918273545
-78552561
590828538
-443859348
143976782
-106069326
751695125
633378017
62915474
-732448117
-502827151
4454267
-25367689
491044362
-178243812
-74099464
889975995
-183703797
744799551
602542891
453911136
229501653
783872980
-866372357
534698393
876063518
-601997288
-765508735
-407734631
-417752577
-274195562
569840282
-189969531
505965003
-958518376
-462559297
-900297455
-784809490
875135291
661300668
886029029
856126164
-893296640
-146651627
621285837
-94628887
-764876932
908290007
340064097
257616766
317023169
91824238
418963695
-560708936
253589238
-290648399
-940274993
107323542
22374462
305161619
200859540
831294902
-384469630
748419717
-87686068
-241269790
-162440667
592489243
660281666
-426066920
864278500
857666297
-781979278
871290879
-123111145
117831289
462389007
744060846
552712947
923952426
186942476
889681810
-36219811
-716914669
-56938814
-485673639
-139919992
504081525
364158130
897510385
335891575
902656320
-820495558
168219388
427845338
961475347
115815593
97647327
-554670708
556046313
-604261679
161578055
-249490337
-17609466
-741349133
-792005183
785236898
418210065
-984975452
-631049991
60442814
-879192182
-19628104
936494385
585702163
425318617
-789773949
-654541174
35203267
-161299195
404669860
-230575226
415561350
811847654
-30999904
-253872842
818239447
-873781310
567307892
-841103676
-355963282
468978225
-585825266
-979766185
-837725420
-647227845
616855441
-843483657
789503597
574014451
-174427545
-416736839
18077015
882403254
581270401
-674988685
-988688677
-405269256
-742868923
839712367
-975797363
-849220082
-140275603
-99514268
3925848
-303464433
958397578
855831331
-289454232
988988479
728427198
-202842119
-640875297
476326089
480580689
-878194027
-253358722
-435611684
594654229
-784535073
-817903335
-77827960
157649998
665926430
-321137313
453237495
-872716978
-813597930
-652248088
-98420614
608340311
-169710032
-311548070
-193665297
-478929370
797678941
450597407
-908115190
-347636778
700067290
41992603
-571184567
-716337768
-342190868
253732158
-846887243
533372090
-234046474
-548897313
226156303
-333066103
-461165286
-526007075
-460940742
735651660
-385856494
-767537300
-515223106
339899474
-402497822
826692882
-621000739
228244483
-583726971
-617004711
900175650
-48728511
-723156690
497027743
-958785139
769709579
-409283900
765236517
296499827
146466331
-958148873
599643743
-202842119
-813914142
-273539029
-135069558
812618774
-766949790
-35211427
659339144
-63252832
-659928283
54128213
-652248088
-236766441
135313210
-222616904
642292018
9141146
698815655
-792154916
870004411
733948184
-817852868
760066955
620186898
-561421684
-176659122
615099053
-208933602
-809406642
-148305319
210401592
28872626
-482923043
-342560090
390847905
597297272
870615495
-60216941
-336297645
172329902
354962009
785416919
-721816458
226944376
-152760029
-586917096
784819951
-673918734
-585438236
-137114275
-769629219
778688763
-300691588
-594556250
945828278
657997419
966280394
-338243301
829135555
316769960
-558970472
-699798242
723459008
-983642539
-720441271
-960212726
232327768
-26668320
-803596798
-911404809
-201305522
-52823880
-607332728
215586770
-440842214
-353479582
125799351
889681810
194847326
-597321850
878259057
264878695
-867787748
893200711
667211597
-449278921
757252604
817258455
-898757890
95750459
-567145123
642805804
-508523384
836764420
-331237533
490299583
-69320956
907389044
106376750
-871590948
621886539
239290274
-12733558
-375146097
-588933533
-941620553
-417752577
207693601
-319470996
-86735825
-875196768
331578595
-987879169
620347123
371780972
-637999695
-812136035
951030320
131875537
235451114
-566718983
-551921215
-947558325
-636157884
455397971
-666790198
127948284
-691232112
-450750713
-456201626
718041495
76275278
602385514
-248405626
-659616230
-944470566
-494843143
-990574183
-710178357
-778124092
892934569
-156305802
992543728
140915649
927834977
-766507320
-508580025
189430256
-296527815
560529825
-172817462
-997055503
-101413278
-179973012
56294177
-48702239
-857519179
432054984
-656727529
-882562794
-77641681
984709091
-383724488
26657262
245583413
-901973308
533488094
643510353
911979831
-234205806
769543235
-471258769
151316278
-461578817
-540805080
222646588
-458603577
-584555320
718206830
687505705
16894177
33640044
417721889
185052638
-311646764
-331328166
-786338166
-516846256
52524771
-956277403
374344473
210779208
-351570235
-408690122
174485801
-488624250
804119750
834692447
932307078
-761371405
927700085
-951831678
912680168
-820699180
-796360729
-22648147
-505069532
434117206
969241279
690354347
758731505
214138215
583041349
-705936873
696526923
497169388
-89312741
-371695126
691877957
-765508735
808538673
-890937274
472921943
-251557201
316104365
862440459
-488521484
574077652
-664248262
-829527500
289711501
-473514323
913747332
861962579
-914940910
-896676413
-533883559
444751495
336746247
280439237
-545453422
-144672433
-423040237
955863808
-652248088
526239669
-566398705
319298934
284515960
-140695062
-865294719
-13947757
-141775469
582823435
-56196444
327188280
-562119555
845269180
-298721848
689570809
187814577
410441486
-372546360
353397154
800248278
177137270
552712947
299428505
-377369194
-396690794
-314650606
644434236
866433758
