418503966
828561272
-525837613
-656562725
-486289527
-92772556
836958633
536859304
817748647
-517982030
613566702
776532169
548175680
817992671
-222899415
891943734
837737854
73644611
407645236
-623854411
-250803555
581565210
-254594651
514107258
-623662546
-866133445
435757817
937182832
-18237283
724641230
-704687866
400527306
-53672512
-941803869
133782699
361097690
39446539
-195312477
-895249768
-180807379
133577584
-306613075
185705518
805103415
-382760180
537882210
-903678445
-759915752
-362179276
529050179
511391093
-194340959
980752781
141159027
77408025
153118459
796269276
-481834368
252301642
-324841869
326729571
-995223840
586447152
-561023330
-450211733
7682555
844279103
823373025
-123232687
933186518
962395251
-298138953
-864619070
752107216
718213848
211863436
385746272
-776365258
356258948
-873565580
-22868454
-959891509
-205314224
545113444
-133300169
914195133
299254580
729792616
-141262319
-809993563
553366911
704486073
746994800
-596287711
-395753438
411672085
20132894
278803945
522191226
381899338
-697294414
-367647843
643490999
-296836572
-871480047
-560836512
-753975278
511888291
226164058
278438041
-549443897
562544156
252308286
282791112
-100303968
-816671677
60369111
-50379095
-665981740
692162732
38547586
758909396
331218156
908219826
821459968
-811152367
-191284650
892746186
-879601994
34946762
-295837356
-203844143
-343924284
141120945
-835197114
-109279196
-347162712
525696713
536751901
-554648503
-577971940
-749940429
162238378
989755963
-255695684
-701249863
896077692
-224085796
-657585481
-152032254
-151730833
236287815
265745995
-781283993
912345054
165967598
-874813713
-113077193
14249911
-482024954
289085789
359250722
-78516829
-435357271
-968768850
506352298
-442263008
227499495
-157848462
-966440355
-6685136
55504574
624740340
-3386571
-159940175
775441509
4758082
710898662
-138362731
-62608049
-976152293
-82886487
-883282104
-994773721
-790835710
400603859
776772763
709142106
128596284
-801589689
740254051
513303744
-281622373
869690003
-212301901
-650346711
713051452
-464911990
-120532833
-399974508
-346763085
-935667645
-113489783
785229990
513375222
96618481
-464800883
-377498092
-43549952
-589757918
187958186
-914756229
-58149368
-844404272
-694491365
-84545719
-796877313
-496151875
629112792
-7772772
-636294326
-733698647
-40808907
-783427275
-643005503
-217408578
-751992828
987073621
616318293
-817598420
-174202602
-955384590
199446352
989429123
-394942096
-352218924
173106547
-543152503
-1421801
780548058
-438757061
663813154
-201680510
424244973
384863171
-600052435
792099446
505407490
650573457
-992703082
-996186901
45388483
-63060219
938847306
954372316
-208709578
605202609
-773412172
-10767608
875295862
280759143
609808632
-341087438
793653050
815191690
7983050
398529133
474234105
453092735
-693441962
263955701
887214822
-642319425
12307624
265486734
-408898418
252964026
-298753692
-839624633
-594389265
995619902
-336122846
404998111
-997058912
6531494
318475032
-508794165
772538449
-353878301
85933465
684956166
-269763610
107477010
-980137995
-526352926
-677543220
-758735058
958296868
-956905244
33142211
907257194
-120532833
611546954
58845725
157745882
724454791
10225568
619640790
37259107
171135891
50883823
501531204
-775963805
-115849221
-746869255
-567837794
884222754
935929595
-311163304
369108942
286817575
175064969
-476308171
-953360484
995243680
100602609
-32045569
696593154
146233222
-645374470
-511381165
-719749467
-189267427
-949007944
-699217682
-343191140
-593433345
-51984398
686699106
-585362313
-873333941
299556532
975395116
462730672
345701508
575232669
-777435944
-421105228
-668027381
555280685
737256690
889408612
-537079777
-188512550
852029308
581675063
352456216
81733925
-559346474
558102638
-516612540
648775796
732504073
432618412
369866480
-410394342
-131760686
71778214
-905399944
-185711245
95553435
209262264
12245470
-852633408
-559152589
-251690224
980410917
-467017854
75313456
-519675180
-444286003
958651845
862803069
-320490604
54229214
-374097195
-213351645
93067319
814798467
74377304
814546672
134512230
905025639
417961550
-625960917
248619306
-748984284
703276866
-432490198
551030349
639276221
-459726126
-198089362
366014097
7097686
594748021
-151143075
-427765293
221748048
-703082753
-746256037
137274236
-627952134
-73295364
-33309630
711499914
748547298
-510813378
-842851342
779811909
678890493
859548212
145615484
-297376154
518865914
664419722
473903592
918742213
-818095813
438921219
644511305
-178687300
-804265816
-350473662
808952900
-927361817
-379741022
198094208
754423842
-476361853
601527930
728678126
-740876995
327043687
-963973296
913530332
-467085559
256346816
704087251
-280849070
534381023
-979198314
192037012
-292052492
-149895551
-973916514
-396699613
697848233
-696384991
398277530
-335239292
293223233
327743300
948555078
-84475911
-501602265
41149992
295463557
109504865
577459199
917306227
775052793
331929898
579861296
986182312
-953817357
527120739
-964261554
-439199555
-184502951
673532340
-842518307
-104715885
174337441
525146337
-611376486
683615456
-490449356
-270562568
669460886
724593805
-269742886
387874690
507258209
366676730
774035387
-398149994
-837100152
154247596
-17897560
323799686
-452404131
23943765
894560725
448850094
-465871738
679646639
-175022984
-495341267
-766759926
776013720
-794241417
312666394
34716426
864166772
131311550
972483269
979618839
-879744527
702967831
-662580878
61162115
-681351848
113208284
-867606323
-879956565
-60170804
958730183
-456496488
-326557710
432251947
808249227
635610846
11572775
-304839059
492516919
-884050216
-893390359
588837095
662297233
493700382
467854637
-587644591
-952122124
-927732610
84277839
944388266
372252942
-720952310
18359570
-201247018
-750564251
180279164
232239921
991576193
679323437
-374607158
-202650357
-411818112
591095165
-249297140
343521542
-723471584
-521599116
381899338
-50827753
786061058
511994122
666568046
-35240604
209224787
-655672037
528604043
-645539301
775318886
-596622429
854526381
631799880
649598896
-986025882
-497908755
-379440590
-283367619
-372020031
71529834
319913437
-398149994
-411518100
-912397710
319851458
-740534743
-973785041
816449678
-581587705
845780266
-717869037
227614388
-936946149
-147953782
-124415263
-805248982
275860032
-949939151
-875951756
257427473
992944618
-61463270
922754867
-399185473
790405359
-568466150
603330408
-348622520
-879636870
-761244786
-284974467
-961584811
-284095595
-34325103
-619261326
480856840
-695496965
439363354
-212371597
601261039
-634527755
-885887092
766562198
-779568176
179025274
-665105063
-596839758
-78219924
-253074593
-808437436
940370440
-80470218
-501100329
-659162701
92154175
241892839
-333913095
-437951522
-905640614
739427720
33669663
-309123102
302293673
-563356367
-676706683
-630460513
131933884
-955306289
-933998279
-5851005
5706681
866040583
510662796
-544607663
-88447683
172157708
451352545
610382390
-173272584
-578848318
-878818620
361218447
-116275752
982737226
-929639196
-471280938
752730169
541011703
960592917
960947191
-521466913
-805296208
-55328655
-895518263
564100715
-84366212
504744996
367519297
11196781
-543972411
-374652822
461139137
-658538928
736077683
-246487460
-326379664
-27630585
601493232
-343021416
937981088
751926143
-192779808
332676247
557853978
-678869267
-824403153
752468248
-508649108
-743539595
808504382
327351109
892266787
715131811
388066764
532638936
-891909360
873487296
167520940
302714130
507066756
525598839
65020163
270375314
569140269
772995852
-648217110
-259076659
125650062
-3861247
-776945131
-882947222
-801055359
399205405
-779796421
787849246
783503880
732646221
482037709
773317586
-745782924
524759637
-711507109
-347427473
-950817369
-3153337
215354850
-354365985
-266637854
567067816
-659698548
194958402
607488178
241370651
468889972
127271166
-217554152
-52767437
-616810983
-3386571
887214822
801368847
534688516
42015508
-940456006
162855169
888889951
-929685781
669460886
746708487
-345868699
143163979
-733510149
78142929
-407687372
620661783
516878315
947605791
741996685
-599198926
-18631304
397837948
195188407
195811375
424438401
-172752824
-414335423
283065284
864318852
-910164719
730268592
94536402
88989605
894494277
-308172570
415534601
931979884
733151022
-901030886
809104126
-509308110
164991641
667003203
-571595252
744008186
209977649
-301330321
312755220
759032834
-602443362
-596831903
-705731766
484859811
442032767
-399487001
-975622870
716296069
303289811
-260574771
-626411186
-67684197
-689447106
-543016652
769048354
783389658
823138092
177292029
410253963
-231613170
-45086411
518640885
-482503275
30550985
683878132
-211976464
133577584
581062495
-230866098
520078848
263879082
856563916
978340437
651590483
369333013
937981088
-210932338
-483698594
-583987751
347504109
-397322144
-934133287
-659608841
717489171
-588340528
-41030115
-19634608
991116177
407801104
560349712
-416255121
183316834
-979198314
-512800059
-384533462
131641495
-597048661
693195736
713740719
-792945303
-430411660
720217138
164991641
-749723813
-994554191
702175595
-191925758
315863867
173171971
-737911771
726775627
-310565722
-678467470
-48451257
-833465092
287864664
992114566
131758085
437505783
-740610383
-433145666
278189922
-857516049
-481455023
-953194393
-30909948
717935970
-660177732
-652165178
876062379
-785603746
183513994
113907321
199458755
762670149
489340165
552750854
-806902413
-32327205
-497159525
494800529
870300129
-958986347
-170398740
33510123
943592607
886664885
-384891502
574635396
195577554
682795342
132370033
-442008328
-926568618
-233519045
-907526274
821828902
665586726
174528842
550983005
-203644566
-841330219
544204830
942061326
248292373
90225678
852938860
-711644361
835595473
-135256049
-828262695
231476709
-802628324
471327337
246108647
-696445724
999860899
828263014
-412677914
566557394
71401645
-596087159
639938355
-256483766
-684096428
696001364
-740534743
-533611395
-533106213
200892873
944610488
226739030
-164550956
579414924
-562296769
-921838276
-659162701
994754381
408188330
-669910217
-112723625
-447101559
103074860
-257002710
612371367
-53672512
-912175101
242821708
-822305568
783101462
-878385704
312692086
-905806530
-848583011
684089638
-826922279
223810790
-703231978
896952732
581732445
504952627
-329856646
-415177277
-366110209
-13450635
-406545517
-639436587
-66484742
921236043
561661353
-564594104
375666092
-685188302
788984400
963044925
601316921
-484359656
649051061
-892187145
373921664
380397542
-962855171
-525429144
63357356
393250225
268690859
161373766
-247474801
-616393306
-933148604
-433829529
-69465448
548903381
436375448
-917528782
10127106
421175940
179025274
-93533691
-774146323
-306006725
-664641547
66566183
-920511530
811200275
-688323062
559962378
879956298
-988994964
688551160
-640493885
-604919765
800550283
-1979365
-468262680
338955425
722383649
167845997
234730178
-478344847
-618084589
-531299313
-256274856
-205948178
-528949529
122527186
-347251272
468889972
-520873341
-26632902
729973807
-756753904
-242140812
168132314
952673202
-465250037
-217335725
468123164
-938188415
-828262695
-904373042
-426249737
-995114201
-269667881
418304885
526580598
-662920688
754423842
-951277633
-192924772
291203635
489962084
225534733
303502403
31796687
-888947688
-383527796
-696445724
248184813
-675577204
-35839205
-752440284
815683873
-22723658
-213750231
850137706
277427675
-791385107
391829561
473586457
704087251
-912783943
672076149
-460377155
-762270000
-916602110
-512542925
645879511
102160532
877127809
414287791
944772150
-269062653
-296836572
-670285544
880191361
-795067818
-455478225
765908494
298377487
-488487645
516771949
583702723
944811064
134000802
714527454
120573778
832921955
-332149833
-310200766
961338219
147136798
991727127
302781211
-310391621
494357652
127055446
-449719354
135610696
-73860992
307888804
170562032
-246353883
-461864241
-861159897
-849484684
760590500
501946343
136389806
616597358
787414945
-897265851
-687261595
-206888839
896313907
-971916196
-522345013
-609279447
423877564
-94942183
824790488
-35485055
-51283154
-485394249
-273224004
-738484106
994675192
-433188080
898200545
794325853
-239845899
17796202
-341419498
521133499
302980126
718757937
-811746210
-824780847
-764063066
707725816
-105090485
473259104
-254678982
524717474
333530876
-776821789
238887357
-9912959
-634127127
343521542
524845264
179963815
-960552863
-866133445
-34752006
389066967
143540364
67721677
-496090603
117135241
-815938095
948443109
-378927093
241560229
-743780037
-571579184
-914194688
634715151
53517054
598862907
31455462
790337804
-602039879
-603437451
273361544
165346646
124927658
788984400
-577870930
-614009811
229602613
-315399690
336826932
35468231
-30762413
651721401
-203844143
-269643371
-247384364
534688516
148083674
339757918
-742379781
661708563
-54205642
-788256172
-355275923
-531503894
351383710
989586923
-104993695
-26692061
659833863
846738611
378651718
176777414
-268989485
206573948
-410831132
-851980557
607824942
954635494
-618876989
963385654
769773024
232826455
914879641
-13482792
200377262
452007219
229731020
984152806
823667479
510163775
-608835753
205809610
507859710
-30567477
-229433912
-597048661
-792335252
91532251
95634161
-918909435
-116724930
551767558
126556915
550635882
-492023375
-598173494
79856350
-388305649
-695595312
-89052828
13058327
-365143034
171886630
909986807
-515620321
-377498092
174337441
-375776629
-57976737
-302661851
57441063
618759441
117968428
928685458
991653396
-352809803
-434762982
284905566
514008534
963190596
832621609
-127515254
-418164427
147404990
308165556
466943232
-711866319
513965329
715229857
5489667
-29012371
-461539476
-701983261
107936339
-565561715
-761132094
-266020347
-12761754
722036926
654769693
-42502547
171292680
-79947176
173342960
967168177
-385378225
-446512447
-512605445
483627789
376569547
-306027906
931227152
-143675747
-138362731
-791619411
-425986906
-190684509
-328458000
634481617
394647365
-66869758
126084844
396480149
897421912
-527270622
-542896386
530154785
335869307
-15539644
146588204
576678628
138077902
-355587499
-658067875
-756709708
326787281
666689362
-239727819
-487729722
903096024
134967198
-676784016
136193522
-783923037
-975325410
334774781
224226831
-784108335
57441063
749959397
-196236160
-262563995
-623854411
100838617
434434806
-970470599
-464656410
675453129
284861529
-675051117
114931402
-88355419
-425660001
842996848
36579447
-312591516
-764582054
10745237
490943497
-202650357
-4867403
-556646039
-54320550
-522631489
283878380
848791818
-975790054
616799026
-946878230
357670791
285591098
722849814
-802303949
754619659
-538706143
-280481497
-373411281
248292373
-308523067
103713810
-764798202
-113542686
66154425
-443717024
-689282684
-281393539
10196527
218879118
-419134813
996400050
730407296
434845192
-246021752
-94789919
-54650528
-673980577
-749442211
-542474188
147537121
532574319
799444408
-907057833
558572810
-239727819
471095490
-777989601
-914118779
248005493
-210761144
959025384
537173772
903356294
740440523
279578009
609808632
-199737852
-435829372
889345823
800971666
-901249059
90305272
-549573990
924525873
148540758
-300197775
-35885638
-286961650
261034619
-475720085
827652076
65619038
-25524856
-605676812
752107216
858299987
497079878
706197924
501234319
354856047
192026016
-779960262
-209870515
-867606323
383726624
-462124213
135672884
364409580
201248788
-35706375
-71073564
17461015
602703319
722993319
-810520150
100036556
-200574934
758021163
-508088886
396768173
-371075068
-603279073
-413173979
-856365757
-981095356
972126195
436563317
203148978
693195736
554968021
-458034689
334039911
784842043
-360957614
374157095
928903584
-270960737
723004523
-862139886
-28084183
721701436
691633406
-846985299
-947275696
-882625196
121038250
371033181
87878795
295291648
189576792
779811909
-486510990
7879380
113137363
293862922
-371198653
-944849485
855825056
-64688160
649393118
-338175576
895437779
191415445
-157974042
-377358067
882842973
391581359
589952125
345055554
39103124
564865175
565023463
-380416993
654355316
-793891715
178099303
775441509
21196671
-619008189
509878335
307881686
-398668682
98160739
-551590354
-57726647
-496015666
547187700
-126936226
-330578463
-792465444
822345649
301449574
849633410
-348871214
-96822535
532882150
-401100969
24903907
-725158350
-963836839
287127962
930331794
-493974272
922852447
832233468
826229210
263540287
910417242
875838932
-399974508
414287791
268562574
818470558
448558565
763305733
-261702672
996789974
161622909
505887707
632605094
666333664
-731637105
-652165178
724942206
755642166
-302902605
-239262852
837486060
467021394
-942355944
603253057
-428459428
-420693599
559863438
-767185918
84277839
245935598
235741709
51049891
289363378
-212301901
-459267253
493476873
498392885
784412815
-594137778
678472739
-161440250
-717065567
-524715685
-264538257
-639304202
132605404
-194046794
447189771
-659417290
-458062005
-120215660
-174093096
686699106
285050114
-966320694
-639737960
-592535397
-610432381
-238192675
-491665498
-912783943
-289264829
-894422569
678963185
393975147
68284169
321403323
950717495
336826932
-997274990
115201158
719586200
420751578
-252024787
-55429978
628757574
195880226
961889193
124927658
-303766593
-286124848
-948994145
173393546
-655074208
-82795928
-884050216
843067188
-375054135
925343233
478580651
-918487386
-525399352
-392113743
-448051791
-936737151
-898776330
-132919924
-773206120
663190722
-563970524
618488574
836209198
703904582
511733097
73518684
-507839777
-512965225
244883246
310633034
780756503
-161666079
-850503627
497560826
-10488626
415568253
-425966642
400744431
-910683927
483314679
-297605440
552679744
-564416178
559148122
-22225463
-504783977
-645321112
539880580
413809384
-354519951
-424554539
803555107
-393285365
704486073
-790260897
198133312
743221961
-771508768
999633944
-316933565
-108906810
-840031953
-715961422
386090234
574245629
-482914798
-323899695
-927614786
-926880473
-100156796
-192847560
54941907
-802872573
493812817
653064746
-350957141
46561591
-743803553
564515882
-553108862
-971712920
-212056530
-834753066
-184880557
-311878840
511272183
353898661
645614977
150713943
195279781
-869921515
325637569
823719920
-229098022
-866633086
-125403553
175875917
-795991420
188166144
-382579293
-329958246
67869508
-985945131
-83421990
-79417950
874146734
572387234
-997058912
-29904389
822516534
230143470
-940414808
-61674878
736546769
127875603
-778788671
-699994170
880300942
-85733390
657120239
-689824085
280531776
420188572
995479199
812912665
-96055200
138918643
-149042434
-123232687
609929633
-550539519
251125918
-64248663
-427324445
226164058
-204407136
101508646
672425337
-790574441
-99495988
-926199168
-641830997
-439787126
-770862794
-305174942
-140440931
227146531
682239122
914953806
397565137
-106164130
849138727
37323561
-475965586
-506890589
226624906
-574493712
-594648290
624303058
957289590
-227812181
-700966715
952927775
291026096
770965752
698477165
-962039245
-572755904
4792941
-802090311
226408840
-496892494
375062311
282417629
-368666885
803555107
-117787296
-676162710
538476515
725496912
-366247498
906062654
525099737
-505439595
-375139723
-354499017
152566644
544411897
416413924
208041570
326185121
-404012995
-938844547
516634217
-993458708
587459149
816080902
-806902413
-232802870
857062711
-538382572
-799751888
-702234018
-126941559
857745387
-44049954
905986587
440918344
-54366719
442193809
-265041336
-851342799
632939910
339689543
463146432
60451276
-78298319
-332607095
397506244
-308275356
81634470
231476709
-67660436
-585524462
507331035
775260192
-168204552
288028507
-400387371
251668131
-57018377
36493026
291347801
772926071
310870929
163727119
-456420381
505656947
989024627
729955812
-669162144
-6027908
-97535766
744554788
-449713873
616382548
234669512
184167942
62750481
-475233811
-47871270
-965222131
-979962434
507258209
519975693
-947171202
485624591
-563295728
-279421078
-28560119
-358395219
-159252491
-336910581
351062185
34605193
-845820624
755343920
855997580
-437216340
-349428121
-283078930
-888918223
430732179
997393821
839861246
590723433
829057483
350243472
750512304
756839000
905884692
418933847
566241778
939445362
290331840
76654839
-848131783
-459182094
367071091
-394942096
-620745178
-747318785
-456684517
160093854
-372285317
-563888730
425937343
639563170
-316100276
-225906407
423096166
-351162517
-979708095
601467563
103074860
-676023950
-83976022
550774920
-227715993
669460886
321709055
246108647
-750986416
-258478977
64133896
-906091391
-529038298
-1821675
797757127
238293836
-230952411
905288593
528552180
156316086
154795903
-149189897
221647174
-327366469
518344898
-344445864
674334322
-689520349
859358769
-613806999
-760062992
9552586
817600180
-390704913
534688516
715989988
-351724759
734139945
572004431
790287866
-624946601
718426857
-529243000
-147252296
-521109386
-254908100
-552040770
809533527
-765463747
-672079787
455870165
206884290
114897837
-442100532
-564788802
530443064
399332787
-988103422
662838946
922599066
413028272
-84614586
-107592286
471134142
615886732
945307930
443603330
-867328838
814702820
-248725511
198869853
-639522880
633446766
-752830458
69996456
-465178607
-112045615
111108051
-110413561
-390175855
-374878305
280216481
-370963173
-905006949
199209186
-80589944
-997754033
212451690
619836871
606163532
-312500247
473903592
931876430
409431909
900030406
-991451766
96618481
430954526
249661203
463300693
194356132
-519732548
-18854983
757558118
405340611
853712884
-322912853
767304550
514905679
-562528923
-513920710
-89754582
-373511916
134087175
826495648
448060507
-351280936
709828141
-161750056
-1155068
-430224296
59952725
713117891
-168281152
19269407
757875442
-337954119
-654925438
-256090558
-312379916
-538790259
228928347
302638250
641378250
996535941
818928352
-263021761
143761249
680956758
508842039
151137564
403480112
-523512787
-544559074
853113480
-522836624
-68125006
199552516
-247693659
-823619369
860138393
640736439
-288751389
-161653526
-464788848
977430506
-819996121
49344935
-640061461
-969015510
-307046376
-109987741
-205424311
649326051
840335757
993963827
-796544801
555129723
-809863299
-255199448
-592966009
35468231
982647895
-228805683
471327337
-398149994
684814592
298345145
-900130772
875370825
233537899
-944607522
-927976990
415256025
-953194393
875746182
-247288547
93754872
495957619
-956119852
-31936067
-980369737
685090962
887519167
229382900
-221754469
602000434
-221538492
919033210
-676879366
-775176572
813763948
997225871
826312233
-927450112
872781779
840563870
-752948066
498115922
181259555
-569135915
696084014
130138126
742081215
-104807551
444753128
568885844
-549616670
-411894648
48168453
-711644361
799765025
-208001802
-173454613
-856622883
-852921616
870906513
-172554369
206884290
-917640003
-288271810
307069723
369417528
165172401
135895629
-933492158
-531941102
483900306
-896329723
-653714846
-361696906
366353862
727533962
-714047699
-904743233
-373803292
330225592
-735009667
-855307321
-975379887
397506244
867989069
851448515
509457159
931182126
528295694
-205874677
-409652153
-172047280
131548773
-848240654
745876051
-755626510
-896153820
-63735421
795629752
176558854
-864582403
594034809
-889481984
122614776
-961584811
-261208091
-502610053
945514044
328319614
-857168632
-531941102
762877701
-84614586
138572926
136008003
-909937846
179312132
-309996740
-360256741
-53125482
-268511297
99886532
461456675
-443643445
-316788266
-42829930
22812420
803718840
-777753443
-701374670
-306530055
-314024683
193505886
-791696306
201877060
-82768020
911380389
-895975348
-714371634
-115891961
-255896396
-437793865
-132373177
436771512
-255638576
-301040139
492413240
-911744639
-646132333
-293662115
-773679118
147351392
118751811
648775796
-287523624
612691141
-772011546
-748393337
-938537479
483024667
491997766
403994583
-29381165
-170976937
-321745605
586447152
-840902745
192870695
-345868699
558894660
-485048881
184561078
-940143134
-351280936
-948261163
738985981
964624392
624782839
735682068
-322864146
253657082
-979708095
419339661
-356474783
-867606323
-844502165
-700855750
309979658
577459199
316578451
-903116481
-53155458
277654706
-101878634
-801055359
28382840
-267071618
-76882925
-854068801
794561981
-547701570
-321201358
-598807346
968629695
-482717863
324103498
585195770
-528165786
369546874
-70052319
-304936096
689415869
-159252491
-205619621
893160935
-917824610
-742462200
233599398
149333093
-696639239
-57863713
-590159366
779199592
263776722
-790211177
-15612083
-955344641
676654765
-815753544
624593561
-423068564
226475611
-466661784
575626006
261900908
756292896
984077791
-366755569
-847407940
425898069
-170940283
244166571
230821706
389355282
693478482
-577971940
-713782102
-473600451
-317348661
460351290
-863535603
854507572
-433618201
-640852788
-5380696
-271389785
-231228978
-64964317
184765363
591712641
-343314835
-286766975
-38124494
546542795
-73712709
483589982
766847084
154359703
989859364
838983570
-384533462
611836072
896437980
-83308486
455559913
-244603139
420082478
35631663
-509929184
218977755
-145687261
678963185
305440301
-651231647
-294021559
732965481
-842064001
164689243
-379063439
438107326
-338888385
274214827
446374937
863701987
334335358
-863535603
-61271315
-789459941
-396169331
-657231615
163274736
-227757543
-638492498
320709454
424791559
-938685022
-881134051
-556018673
606189832
-366043210
314285742
327914758
329470033
-48436580
968566978
-553108862
-915582739
625010584
-91071908
-288751389
639734511
-627111441
265486734
-20952318
82284279
-752525804
-981293007
-902266620
-690319113
905025639
92673649
-335170622
887058578
337663017
-421400813
-531299313
634516618
-937114273
-846411635
174439723
419215787
478264635
372955083
619582794
-157103011
285650589
441938343
260678611
-286861344
200658026
-653799151
-539229790
-340346355
-242403435
-747262175
917145250
378694042
379185692
461541860
-383214240
-995973473
-155596353
14356569
-10660137
-327279444
104111165
-10938754
-496771358
263592050
560832963
368678045
882731373
-971712920
-327153092
-253789623
-513800170
303559716
375738575
393510058
-170398740
34591753
22812420
-109914656
399415675
-246990480
-816107371
224829131
136080393
-603437451
248909182
859358769
527120739
-277655567
914464650
685043470
-542598463
199048057
577678967
-840663654
167467717
-81914215
-503596992
132825378
443603330
287731238
498689910
-509506138
252979740
854386593
382153483
40767216
679962265
-864164717
-687595579
-461539476
-675929594
612061546
803772964
-451180400
947109149
373921664
-682472277
-554220791
-518147922
386937252
383206882
-903995146
681296635
742224931
79645627
-866520215
-138016183
-78246509
-68415142
-34163443
636638071
-110281427
105072240
557774408
303625195
-424449204
-742239339
128596284
-708007960
-481834368
-494237282
-532533512
56757874
129323478
955462414
113561229
-480401508
-699066149
-346763085
-52767437
-470631298
82298452
809104126
-560924505
839466561
-484996761
678652120
737256690
-857750278
717279958
261494389
-899291989
-378411480
210134199
-556709510
-318848328
-614821003
638397892
669560006
-657868109
330333475
966112317
53437007
-154334715
-75756165
857062711
-120877379
-96216309
-243079616
663845902
-71547169
-103973269
2188959
404700918
-564759433
-239199959
-822092509
608910078
431223687
-878560477
-879006923
-193370002
229036123
418304885
-73769976
-179541636
-229098022
-386737148
858363254
714810546
-137679720
-837100152
388541282
390803853
963878405
-560130577
-643559114
563711634
-122031988
-504293819
-229098022
-486342023
-398904711
-694999732
513177514
-195930425
607792165
-422371556
-513253947
-705108733
-825819295
511177711
510241252
885653582
-837922022
64133896
-528537814
-604517394
30636295
-426169253
388520546
779473134
413809384
108120395
378760420
407495495
167409039
352456216
-250498387
-280283337
118233
683733937
854456584
-721131828
-743539595
245867761
537265336
-689379768
-802480993
-814884213
950409182
-473471891
-504310946
-196854587
-369965969
-566305775
-202808256
766878365
-718549135
-345995355
-979150745
571317712
270109024
24356833
471327337
901520671
-459726126
-943059334
-250383771
29484691
-709597597
-264491568
589613448
694810794
932784563
-590896608
825570980
362920533
-139080327
518640885
-627287810
248436090
-534070097
-586145642
-480651358
-258559260
-102049911
412916008
280207210
719937275
299450530
-519543140
840027482
-650732763
-264538257
843897792
876659113
909704432
-667567272
-758317882
-487729722
-827572579
558044113
-848974086
-497222349
-243141680
-153379324
769313853
-123328829
409849670
82267714
-940609382
-415726761
213177749
-866906424
-889920353
-361886464
-239262852
-551507118
175389403
546259911
-511198013
-751867896
-418804113
616496214
-381492984
489519886
-637464014
-873464390
-519302478
89176580
-237483008
-429855588
486134977
-626719908
125492381
-71826154
-493028668
-443971659
426055941
-57196468
-296150919
294749370
290172352
-862446995
-207795468
138918643
-997398660
309352762
-995680393
168804373
979962080
-296014776
307859746
-20000637
-437318652
-708245872
242851451
421275374
-510813378
843537858
122527186
232291304
183734742
-99538857
292214003
227457451
-288041135
333307931
-439328799
839713636
-433648378
894709486
972033903
-291594887
-824993035
437420276
-311988301
705246968
395343021
912606676
860563705
-26882175
-625608802
-374422988
-307266390
810972132
-179655261
777875123
7682555
971595939
-600630514
-105090485
56572475
466739905
-401988547
-545448536
353594621
934470116
-475479975
416981579
-176851827
89234943
37699733
337663017
-686535205
568033664
-274233295
723798572
-151143075
-423068564
-865306125
969685133
-685728252
-763049277
345013539
968707313
-581304178
148397454
-603701485
-336603155
672881808
215449734
537015899
96618481
-591871551
88657631
-139656231
793039866
939776423
306020771
-981293007
671738865
-88334306
672649109
-996221594
-580280829
-697958147
747688404
-230005196
477501199
-7213985
732721121
-494125188
616271132
-903826683
-579920687
343316571
89656233
959895827
692331099
-874021573
499261092
572756086
455766267
-974900065
-744640891
881871986
-476836858
529639821
-772150504
577361746
-867066278
-690699606
310992933
603941364
-890988023
-427576179
-277612504
909549672
-439199555
-926640619
-318561161
697533921
596728997
-623039554
-342604640
-719373799
-952769339
156453187
-908278643
-956474768
-151965467
-874612879
223978409
4187707
-280663712
841259668
271403353
-908553977
-779643341
591316147
655572625
-327153092
930089684
280086057
-400879415
-557461867
977564234
646313005
543038284
-394903109
-601499054
295291648
596518629
-865054997
-893006408
835665825
-2587971
-469370305
-832068596
-792086021
-387436965
-254187503
-257097855
471943517
-942764989
693891555
41677761
665049053
772335709
-61176778
-577751458
412072486
-803466100
887945959
-45179252
611897985
834470034
-44263793
237853240
-521466913
-325786822
601908842
847700660
940901567
776646402
178318550
-964261554
196090378
-793262700
-285021435
-844879502
-341700256
-255695684
943001563
-445663179
-162232643
-694856413
-394678114
-552930222
676525212
-177558546
60390802
-549573990
-254908100
183734742
566823259
-223041616
-1346947
283878380
598181082
-4689509
952551370
715175956
712340845
-517480140
-144188150
50544374
460469126
169408368
-331467070
232697655
-733309643
143118761
-103390114
-374147273
124001094
-955577478
-976518105
150294140
60232680
-923036259
725109382
-713262015
-18237283
833522661
611546954
179769859
-886969500
6215347
-762049917
107410190
466943232
-602123961
-987742061
-153618288
-90487843
213530275
323432500
-350361955
-840076484
-27905268
470175132
-566361889
354562350
-932760987
-936045000
610382390
675144639
29857373
790771561
-891855428
-849871169
764871599
206149419
-539070435
450638009
361345249
-50778852
-894047376
254786360
741585094
-835785220
812815628
924355916
-488257580
261243745
-115531188
-536158763
-342141488
681269684
-355489773
-232230639
-682602866
-9912959
-517310612
-694856413
-416805519
-172669427
-138057447
790602363
416033328
-531299313
582759914
873048293
-934674262
-842262848
984456546
719937275
-805189159
-440721879
391269305
-526225150
504112258
362839397
549415864
790337804
-859190755
231604380
-683678101
-809103557
69085204
203297316
-13125784
-449641090
-427211675
-242297140
-471748411
623817111
507521205
-517418261
-435492616
-52112703
108704220
795629752
-616393306
450500052
582759914
-173633751
-776566384
-129022492
269041055
944840471
274836922
315906481
-59825047
-189164867
-72131726
-813813317
23497625
-721472364
800429677
-168335236
-594648290
-764473461
-920742659
-100156796
-833870695
-294282327
371238117
893096598
-625671952
662829064
-832533975
447055689
-465799293
-55429978
-648045591
-84088822
-732978759
305775319
185229464
431834062
-510319007
49453894
181370828
-178084183
-573308412
915465427
11196781
-538029356
-142571283
852121464
-403682173
-285021435
-480621936
-708862719
-432260195
689719388
662838946
-330554273
29043366
-121492995
-554259487
-97699612
-744267118
918245934
-779568176
968151104
-898185180
-893949090
414680297
444847148
-254503070
-53853435
-283019229
318231873
913626016
-825142480
465683977
472290755
269661965
151982004
620109416
940172201
319982474
-843774320
-698164633
-659873345
-456822162
85201277
-199654913
211922836
926873115
-666208466
263301064
892682834
-623490048
-729515518
90849975
-149502684
769211343
-808822964
732378407
169258533
-690140476
329092538
694349577
671158510
-360445686
-657585481
723516731
-884050216
-103695072
312811193
-461157423
17461015
669040926
-855050641
-477314980
-863175112
-76635366
96645862
-668832071
62471219
949301197
833009811
361799138
684598982
-591399300
88657631
639040683
-806407824
-588816512
83792982
-690319113
-418746118
-863292936
709415565
291726985
-329468809
-64688160
785043982
-514487102
-476411995
77454421
826687040
41576571
-638862083
-178486046
-893915262
-590159366
892883996
307711503
200377262
-67836527
803953027
615886732
-252139948
690708251
803953027
640100393
447689995
513085663
909615150
-476405559
695815949
639276221
-145652475
280497101
-158569878
645609608
-98595286
715667251
-175558284
725218105
-448832401
849547755
-60201081
780078082
-949670221
872456882
-736428287
-548063333
131933884
-673980577
760813915
205278550
464916918
-49970330
102222911
676800373
-102971563
-179920701
531011748
179963815
-859190755
-10087701
980920974
-639436587
415261929
717341586
447880865
-260124911
-266020347
-677486630
283630725
920392988
263063840
-445709401
597716822
230421353
166662628
681990344
289045319
851840645
-787887854
41476465
-233728278
978225196
361986634
596745951
-212644571
26619153
-505032165
-609803186
799444408
-916818323
-436301156
-779273835
870162681
87033297
725281341
753772025
407259243
-377652325
-111578816
-312464635
320075382
-784801016
937278323
623817111
488456713
352333395
-508357632
10876787
-493844095
441201685
-503358779
286528340
231604380
-610821829
87414364
114331466
847552277
-628494149
729587986
-850290828
-824435802
-247384364
-158462343
399109883
-966069619
125439952
-562528923
-552111365
777593480
827106831
-146161198
-614513063
-111180413
-719692823
226164058
122527186
17578356
283267034
920520677
415684596
586818183
-943845425
114931402
158374293
-256377627
-990782085
332592127
721897906
911501172
-277248088
735255246
-139234023
-762529547
174591970
-174370974
395502968
779429139
-612233956
-314335443
350278365
816449678
369513758
-872799608
405485693
-26544657
-862539811
-974811030
9172871
-864033348
888209647
-958233351
-805485762
-472801305
905454799
239761263
-855596822
-300197775
238130930
-508357632
649326051
143056961
-624533454
-84802952
-733760570
-18763465
-676120640
-212301901
551107075
810021740
-2622789
985284274
598035740
-110364071
-517717680
-783087471
-227606836
-106539923
-913184165
76654839
72633664
-330261733
-887181111
-810215525
-597015296
105285873
460007173
-307793411
-118720990
140027988
-680247876
754619659
-610878283
-978036382
194004313
-800443575
262560747
106116723
-904909433
496341975
-420937856
-640852788
835681263
-498086696
146643547
594713698
397522375
250199010
-515527960
-516763454
-952558713
-729726877
481229454
33009606
387770983
-937313409
190147154
-354056379
202691092
-93371513
739427720
-193923311
-8462363
-358331341
932013122
494637624
355129667
-499199627
-165173026
-971963908
854956190
-411761966
134813308
221423152
287674070
290014095
-375421981
675956167
-614636209
433961512
513563444
362606880
924781113
-140601013
-446001201
-828966074
-782968482
117105957
658887902
201922176
778832064
-555212508
661433317
-809620434
-212910092
-621614557
154795903
-392425554
336052807
-725996069
-951742818
860786003
630918842
-225554787
-875916054
309979658
-161107162
185476195
785568099
881119536
429138675
-213351645
106486667
865210351
136564121
85703041
812502803
970834756
-747342430
506189031
-682686510
-663803126
-27955687
146432261
-860680914
-999204777
-397787513
-8273665
-528771909
-201486565
-755300849
-726716939
-170869099
-214742947
980373574
787849246
-979039813
548060799
853659372
811259439
-532865835
-575022674
-78011435
169124038
783793949
-280565059
929999886
386360911
-200857661
-662263928
-182747708
-110662374
60170160
553749894
-821224862
-839624633
-541773536
565282924
-420342837
-940654648
412009711
279446346
600910595
-554506616
-758735058
-938926538
864268912
-934219274
92951794
-926908555
-578848318
332906698
427373496
-649133365
676379967
542936291
-483393702
-731637105
-542474188
638085069
-208790673
606163532
982436106
526176059
645171631
229529045
-434590706
-304679711
671680172
-758684605
-368166431
671387179
214308481
655707104
596391942
-826519238
881329499
88165435
645531978
392828655
756316734
783793949
-225949657
967750095
-252528826
403391448
-201680510
396639100
234778358
165757672
-529460031
-883346972
128211092
-321201358
-344932400
620154323
-401988547
533641865
599457153
812422215
-423567334
551832346
-224878136
-94942183
-953606904
-119031971
448558565
-936946149
-972993784
-674720400
-341710355
-909069899
-599904702
614451532
-797864620
-157887144
-532622102
-489720209
-9627201
161166668
333237047
-751777289
888916971
274627565
507655884
-365319945
724712036
-233866618
944058979
-833423396
-323460505
-590159366
-766300101
39103124
-383262016
67721677
-27699304
-859036468
-414909546
159027304
20413747
-689771869
-325873037
615231637
647377859
-503740032
-202851126
-466467974
203999102
98590044
-135483046
357179612
361799138
959176991
-79381094
-757135829
-424391898
330506588
-320532113
-711178202
674354535
-212480033
-254187503
-70505164
-666155540
-34128054
843953370
-997979872
135895629
6965932
-813822591
900328345
39845340
70944864
190850998
419672461
-804054985
-379945052
-184665088
221647174
-925703116
920857712
-321100116
359250722
-819205062
-125942953
-736493262
199446352
212639103
-548916815
-523663843
-683750004
-300286773
35877679
21572112
167826847
-148860006
173171971
-231613170
222290353
547245865
931621950
369417528
641850034
153176994
-808054229
-255855913
920162772
-966608990
-735395740
252379793
-367647843
-386567500
449840019
-779137579
-138040087
-961144873
-617372763
-422107072
812040957
-277403819
289499562
60085863
-852687541
-713782102
240229723
-633525223
-900810001
632605094
356571959
-897265851
565282924
-783744696
522711910
524476553
-950098732
-358768050
-902769483
227538793
777169463
-87396440
408299757
263273713
-124890310
-183817747
-531299313
530427768
-873753308
-897501710
-215909824
873409406
488988019
1935561
232562233
-763153546
-511149383
913626016
973425602
-500692673
684716088
542783912
56271069
-496151875
239390502
436928093
-733510149
75413121
-130632431
-787849694
-272289697
-184880557
-116878016
-902533757
369961723
-503928465
-154929866
-392113743
367901987
-246487460
642287371
665307958
-148170869
-99908449
-489720209
56572475
158256579
676720341
509930455
-318354386
-153801903
-69756133
-230902142
-45852650
370972529
-597614672
467664074
-287162846
191249734
-599376280
187847064
45065722
-100156796
-710712909
-89063677
-90970527
-567168114
-801357447
-720172344
-60100841
636372994
-292698065
-565322644
-832212968
-963299575
-683225592
-232158238
-817814861
401136475
-745462450
378137001
-187766486
-114557136
541792675
-879982890
545276637
591516450
-131440060
365341652
696254172
626073643
866203593
24424868
-593747896
-327454945
964124258
-527584268
380378743
-903452008
235052136
-645539301
-152824647
51828976
589095886
-262395601
826284369
793180741
-911648558
251125918
335168590
488033031
434391632
959236324
319525444
20864621
936934138
650427375
399140431
-908278643
-623691381
-624533454
162478476
575054386
-343021416
456287532
756742863
-80876300
-748739005
-132246607
207008579
-940414808
-780872219
-771209476
606456695
-227015509
-198612677
460744054
-720810497
341109166
260556536
-428305240
-539755893
-599318317
728678126
405159348
336590268
-287999676
-491546549
-627411506
-676162710
-192906779
673323861
-959503993
591253353
-742414159
-700855750
-840582161
562936517
356394995
-982905590
801332653
122527186
-225180572
708052136
167238519
-886593135
-698287322
57893301
590106476
196975178
-353014074
370223996
239920176
309059435
815770619
-932267032
326030220
-869048553
-797292534
393273706
430381409
-761604698
-311808986
262560747
929803242
-711178202
160981068
-979708095
-126721501
-326020547
893160935
-317909333
706197924
-766715827
-121646873
168548867
-824470926
-128902717
-417057998
187196578
764167226
-343984468
-70505164
-609226867
-260406356
639296209
-424033064
775159640
-972362820
-849221593
-911648558
752653830
94841059
52436585
-860200446
-449335077
-526352926
665991689
606627104
233505947
38358616
-325196666
-179920701
534436480
-833012276
-197875380
402223024
810841954
-697668822
-991169105
-612008570
-180472399
527250339
-137030078
41541463
295152488
204363253
405159348
-597138947
389953520
716799830
40242542
-883346972
-618876989
-669162144
-720952310
-397603602
-661344877
362358110
185884264
858773832
-763153546
193505886
503134520
749053080
-364498556
802618579
424031532
-999271006
-420101965
476931617
-938620036
194592192
239761263
207241355
-839103646
-222050729
413429942
328335223
-592626439
359843888
-650264357
89406268
302406972
-872799608
374157095
-531356525
465026313
623012607
-833169407
-489206957
933462042
135928074
-163893666
822412404
-326379664
-951916481
802331905
-314739186
114136317
757840514
998428061
-410594733
-363479026
862754860
-613869475
323131115
-941045083
-268234341
942850146
28999130
99019350
149031177
-340115686
-105372855
807132692
212639103
658426981
348106002
170498337
-837017870
-375054135
-677742273
728678126
-897426085
-474889623
-32579475
58845725
814702820
568779078
80057476
389355282
688688756
-689573873
-88807095
450482974
-171579908
411841673
644995100
-72886184
903096024
-806762907
937249468
-32944939
-756967421
736492692
-907168741
334247077
541068076
-941803869
-222627576
-199931921
-546417273
432414872
-429393144
754423842
781183805
-914098100
268527602
-442008328
-807220111
701114230
-182280502
-133875360
-822378862
950055040
-799504254
755982397
-436115805
751080150
-249743798
-54737229
132825378
235898735
331450564
-397424660
-954286640
-837403724
728600097
797757127
798909815
757840514
182439653
-551220207
-552782085
489340165
-9645190
-976913791
-581506386
781270484
501946343
268139887
-798848583
648844507
-55045436
-966957699
662829064
94176232
-520357483
953701165
-260748866
834670478
-425845071
643439867
-342604640
309979658
980670540
449578697
-976913791
996789974
74377304
-867606323
658824380
-442646114
-170793944
597517479
564815717
-383005998
-942185170
-853125887
-410742386
-234042291
-252815873
673103243
-733372
-105068369
108032328
867090392
-157181809
716411346
108552428
734139945
251453969
-196854587
-198655253
376746647
409244109
-575022674
716938516
-595350024
-808965618
-584118337
295152488
723988292
-240653222
-418075417
-735167158
325350689
-739304793
-819388869
277025291
-657585481
323084925
-74131101
-833133124
757840514
884423025
-113354968
-344706988
367346620
-621092097
-571328641
250003142
800177871
-533348561
912141031
60271334
-532283894
160093854
397506244
-905946787
-299362741
26198301
779811909
-50933377
-748602090
560832963
890389330
-842813449
611000933
-340846502
435293132
-703058462
884002875
773677918
-405345856
86332577
777593480
-373597495
-385575749
-981095356
904289077
959355452
-699217682
-945036981
-849221593
-953606904
265745995
-575528823
422621451
936467093
260352826
580720402
-369217105
754160853
-674529917
-222899415
564865175
-407798425
644328552
-638294064
-578848318
698679782
-404270471
356394995
77616619
-887779040
878690483
-406736881
-786808771
273461061
-97699612
183697519
-447572139
694748702
980373574
212855885
-94018895
-61011041
-303246805
-714460966
-157181809
-896242561
281839673
40565235
125650062
-922564994
-173807910
145448638
-757945590
-470631298
-993458708
-637265576
527120739
804894267
377999374
737077932
-556787291
-157181809
-827818636
951278555
-708152472
-446243203
-335464009
-221982316
-275618662
-537653287
-788341285
-630118970
-332033122
152787786
-521144858
939475745
786754800
-510972922
135377133
275691530
664349674
156015250
-498430617
-607848873
-285819009
-160121868
465177285
332520060
404736603
-936297366
-575453179
-609603947
-129965797
229529045
-875649932
687754305
-139155068
-582577861
917070240
173342960
724322730
-787887854
-829563956
-881901812
491722007
-761853370
51977112
-386047785
-777487042
-939073237
804827678
-104807551
-374607158
8253423
785732941
-608909401
-482024954
507655884
659138123
607945826
333359812
411953240
209803795
504563480
-706815321
523897127
292288362
-44460790
900675183
162683919
-858718254
-803533884
-695595312
727289298
-645732084
-294436024
826229210
-341710355
292037786
-865446860
-181686444
26696605
596864423
-746222056
-603640416
-603122124
521653386
411672085
-707757833
-382405223
862050682
693322792
747086720
84993344
879041545
-355018372
-117389895
-951851560
-574808939
-118885157
-660081046
-53710696
-747426904
-29267266
974583894
-162799566
917037696
-145294423
95553435
-240294358
-444352612
152204579
-467718668
-180807379
482068185
-829090853
-813973881
-562462432
-713493696
-483959194
-30068061
838230386
142116760
-958233351
-685340993
-549255021
557867805
-344374582
-440721879
74377304
-116724930
411841673
901373162
-346120003
-216005533
-913684434
992833280
484698706
895361965
3187299
-286124848
374571108
-463430743
806372245
-847261603
-507488426
-931107648
701335995
58611571
665857733
129831557
711829594
-901030886
644255501
-1979365
154453719
-84614586
-351633874
675899262
303289811
-762121853
402401010
487772060
157996943
80690481
-657050734
876988153
988826665
413270557
312611945
20762056
362004202
-947275696
-204343543
-604919765
-215493404
739824527
-507549388
-658716636
-334427302
-368122039
162167218
506882234
-323070617
183910989
999418266
-951405335
161223807
600073401
-862946775
555896972
-19530501
272779467
679445596
234122322
513150544
-537737476
644764011
142885727
762269665
-266187185
-545208051
335812419
845710855
585570868
-562074112
-869625477
-690956698
447689995
527700140
811757105
509067443
-815275509
-68497984
-237057374
-589435345
193014729
-230247518
-896607380
-535817618
966217138
-41230234
429041139
-916024902
-650046467
703671443
656419313
-300664210
-40092057
150509372
-41773719
763202356
412769286
-579201006
-762049917
-696211488
-679333556
78795314
-826267740
-147583015
245959202
-12344481
-524397688
-178629852
587955375
-668463339
343781337
277794460
814316388
-842342809
261303665
-902640927
884836072
-860798936
-890059029
-149051500
891756970
-399658647
153368004
679033712
99124732
-73860992
980410917
57652748
-506063682
677956108
-944923888
-231959315
218004631
-702543658
-994753118
-365031038
485395496
114824766
762159035
-410959176
-432151976
672881808
-636673936
-819142856
-96862123
521653386
39845340
400527306
-885142791
-104360048
-982468749
-673801974
468410178
-489995051
-714914058
562544156
-279087956
744314765
135742348
-52342613
-348241558
-102971563
796344566
-796634993
362123071
-963398181
-907526274
870349115
806275864
943592607
863938080
-993309162
959093315
251668131
-69465448
426434523
484907039
728793648
-392642989
-710994611
765908494
214687353
858566550
828933785
-175472207
-179298677
589030234
-876192391
587738601
61045562
-941755654
627568042
-367293026
508262943
-191925758
-868038285
13735196
-301803414
-389151930
-230554023
486672244
644147728
949592534
139287103
502725864
187537981
-99752288
555760396
240718008
-659162701
829487730
-137850854
-570965927
-319091479
12662835
780548058
732234225
-172802701
-675332097
-100966734
-328144069
625482849
362480645
-387322029
309535388
122742004
122911105
892647552
124959556
-627545375
212445632
760149295
49653295
-562638939
-404992840
-76015282
172045943
-364908958
-380026529
-696619362
803152349
636867533
34168367
-368166431
-320092211
587292868
570651183
430610352
-998619093
634456567
-125822178
-841133769
-962039245
-713700104
-879270761
39845340
-288382593
463300693
250888378
171292680
-841330219
-622465621
484503598
-26528242
-709805645
-212870386
-430224296
-567340462
-11324886
321874925
941072461
709959155
54941907
-103390114
960246082
215354850
552469243
-381292475
21884185
-566282275
702593784
352675840
10908261
-33181847
253145760
-849257991
333516490
385696
-836366140
197349076
817308467
-806727840
717599381
515539533
-72290134
-758131681
789865908
-76414030
206659101
207976831
-489348742
-809887800
-155012820
678323760
663666811
-776265656
825851463
-251243022
-606805298
749736513
630689130
917037696
-894718425
-612008570
-126075421
877829951
737941706
739626501
391990309
381755111
886315742
-186517225
-224496671
-163810669
-638011809
117968428
784800688
466484591
365801351
301970990
-307266390
31482460
434412360
-35706375
845655636
-669910217
26903848
-680247876
757410191
569078438
646504999
188570272
902575678
565863836
645614977
-743290573
785989012
-669340945
-938424437
-705718325
606627104
-779273835
-623129372
-933670253
-347556931
-982468749
-704768695
793588869
-722680168
-483266169
-566440209
-643605885
-31977455
180279164
716799830
-233949028
-590004876
-955615997
147708143
541630552
352456216
886721590
945550072
-979708095
307859746
39549481
157233534
47622726
-142149796
923776281
128677546
-873753308
528654240
-445491274
-651064185
962301126
-309420612
-823812447
-369480966
-490313683
-712316793
427879202
694748702
-89726785
534700612
20762056
707106154
-845957519
617425148
-971192660
-651231647
-588164627
491559391
-510422275
116911855
985300545
-646426145
302023355
933908379
88445552
979721205
5495327
-576260758
-775176572
373868581
-969743902
890197593
197011966
503134520
265486734
-992374923
693195736
722070655
5773649
726875852
-105725902
-552328199
346222465
650879302
-206070248
-119200092
828385104
-31274031
-812228581
572268827
-266657018
902168906
-340387041
-360627866
527120739
-774559846
668270498
-54205642
-242643574
593921836
-931340610
993239098
692775317
591189541
-883483865
366475004
-761840406
694586951
-705108733
168476214
-873930050
-979991690
765908494
-561761232
338086285
878063546
365290954
-889650838
284905566
-230902142
756261549
496224545
452253813
-507549388
110524015
-45495490
709959155
868724083
-651527153
-539755893
220083209
470300762
-869209087
908515733
606250612
-506095392
-723134035
-468916186
45065722
746994800
-720875953
116754252
-977163403
-953055749
484386968
661708563
704374832
633924779
-671048246
761304268
50954394
-11511459
-200630987
-196436481
502854403
-731367797
808166963
-73638117
995479199
818140771
-629052466
61243735
489684190
-460185743
473903592
-950651246
-479226183
-389757848
-103126163
683830243
-346763085
-400954445
923664362
582552163
383091746
787526134
-847566520
-701228483
-648816853
706645148
890102433
-606888479
-538450272
-641886888
-293022746
-697494189
544808582
575907945
312291151
220379417
734028016
207192660
345835278
518294804
-35676867
-761109103
-687121056
878939676
-41621219
-705595713
-348200595
-229098022
-283078930
-272289697
274910773
-207311091
-562462432
835184266
106755299
428956891
462435901
-921096736
776464249
50954394
405031260
-833570837
-530696250
-928864556
-285040838
-949090174
-287677936
-518044024
523074447
-160288724
555416693
770087227
441143555
15172606
925116682
-567168114
-705974867
-1080750
733575538
-111940014
184888602
-872168757
303625195
-883080062
288097360
132310100
-296470739
639354638
128908903
557177112
935151957
-684805864
-293916453
655836836
-553747926
-131203340
23738708
366120845
-702543658
-26692061
377700510
632605094
-767468646
344563488
-170398740
-745782924
-94402183
660149136
-654743182
-473747260
218879118
-291843346
-616975404
-862539811
-130158077
797639721
31986027
566241778
-542260205
-313594489
108873057
-826845222
-359571571
-873910401
-943059334
621319980
968353598
693967248
-818009419
-91858086
429138675
-799982973
734989910
589900052
254616354
669217138
-636388597
987953563
-223041616
725402890
346470242
888052077
761224378
919450214
-670720978
676135160
120421607
-260574771
-349878189
-56787605
998211737
986913945
153696368
114017603
-433261586
621160297
-947476348
113339751
88780473
317399746
700715156
-846131492
86101516
-537164415
613513813
-949670221
680073405
495957619
181478570
-30838048
704305623
-793755070
209465686
556018869
306757413
-313939235
-375194508
-113200263
768050916
-956905244
699404931
-855050641
-839973044
827484417
-67263495
-197754240
254637286
868390584
-555419509
34800984
-589584466
392074367
951950664
996151515
-928967965
337230712
200892873
-853638211
-995857653
254998730
435896433
-573904338
-191797134
-32787888
-492713918
-137216950
-454229646
69165406
-257837676
638756373
654355316
451652614
266693462
-490449356
-125822178
-913502199
-680674556
-26143723
360404486
-203053449
-725264922
638783117
981723037
-109987741
942732670
-557966677
62259731
-452493426
-297444818
292037786
511888291
-225554787
38677053
840269053
-959012627
489684190
-692887882
213363681
-401988547
344267147
-433685465
-811396595
216134900
-780741322
-17104015
59803874
69574538
774914321
725692327
-480933769
788086667
803953027
856941090
685459842
556018869
-766994188
940901567
-325810279
-366755569
-912083745
-471893687
232452595
862213836
359875227
-382855961
-919450728
397657511
-342114944
-169922206
497621271
-922654305
-549573990
-263081336
-710452965
-126627287
655186043
610506868
-863402377
-552188714
722664256
404513724
892035367
525349737
-402474396
534324491
375369087
94486115
-87125870
-929025457
-294869739
142940345
-861392422
694106394
-219489785
-582288437
667323275
-777357646
632605094
-149127945
840251346
700261826
708240357
228143560
417328423
-965931852
-48779133
-33554667
-372420395
-230140842
299090772
444133266
401136475
-672079787
-522873106
223011395
-596839758
398094461
-127914251
-122031988
-89016635
-678563099
-218898561
611546954
-592249409
-665252949
-713016573
-5059365
113208284
434669971
460652540
-632125466
-83640192
-21603485
-48451257
832021428
745302939
-652115107
-915105832
86559343
-841151744
-431927399
419911241
-411340278
-352572625
902232729
-923580073
-715668288
-421400813
389355282
-930181748
-736953925
-529949907
-332997819
128818894
-913891990
-795113146
613285116
-757950478
-988674911
896008327
484503598
52400247
391297528
879689983
-804243368
-50878778
-57196468
-977685258
107341738
933944528
375335741
942032986
882290984
-708064576
448428343
722549590
-599014881
707202772
-330496968
675293131
694627894
799951728
309797368
-167091281
-707007557
-910306870
-887008050
477429860
728793648
134148681
226245995
503508103
-384108373
-748543532
-809103557
-712414976
429777683
-813603625
716878719
-59447068
166798593
329470033
-195800739
609611235
406597098
-220430621
-812659595
913472993
-17115739
-322864146
433995982
-501602265
541011703
450941056
187958186
-125531962
-958383419
-589502053
182713906
567715404
92782112
227075408
738093404
-532853476
769048354
-613667824
97453572
-697629495
-780659753
-557347756
596072449
-165071191
-767057686
497296527
992034748
822193166
815704065
-9912959
818541222
-877433775
-988166917
483868718
-925477454
-607390433
-681650055
-671264572
705951532
117805060
203152814
-802298662
127226624
408598591
128605597
63357356
-601407129
410682492
-182573765
30418039
146233222
324357157
-110481996
-211680542
68992362
405485693
-772011546
-806282589
-252887060
-916073688
-403583585
-56460031
-765892586
-411812886
-317618633
382460152
598862907
-289180261
-892163760
296804200
-976373629
-104807551
275691530
-903520345
840027482
39911469
734649256
-850021756
142767962
-788107932
693322792
948396249
-925902139
-406649344
-275618662
592261806
388375239
-79497275
917268328
665586726
935317972
852657203
857538559
971214863
361097690
-296655851
755369082
-906757276
-683548770
-638011809
-282775245
-259742832
792011946
-109032748
-699915205
-436345580
-492748725
871703173
461917977
-882617657
93095700
-465970078
729522379
750707589
168899999
-273774752
-220031591
941441417
139712185
-651104879
-349273492
412769286
-438567466
-607272825
-43454254
-401100969
-986301122
-607713966
-530696250
366353862
149564422
801921712
-454385372
963015789
237103920
55762266
-947971543
-491723317
454476388
-714514925
817308467
707620504
-797227964
-590719870
773409579
711526978
311352007
-271716573
764255994
-862946775
-280700882
-421623971
-255855913
823888360
905495838
-606400855
330895429
629776038
-736797739
-160572598
-553747926
51325925
791192591
-886954652
-677494922
-113688159
930979431
161736632
892647552
255061943
207956555
-82708293
442588486
842285233
962142071
834690269
-413490682
795050687
-395977576
402841933
358303429
917037696
-236052428
-474889623
-928575909
-481248971
324537321
-504382317
280777366
634862240
-605488459
869420007
-63857360
831051585
330180063
72547145
15198285
901999448
-377223987
148683852
-404247193
964278197
-404874599
-391064628
646399998
-898135690
-809103557
-18748512
-732734404
-32863360
-780146311
185209743
-179519808
419041198
-562891164
782462878
286757112
-606508862
360755194
119877668
480096962
143275051
371033181
792909065
607222209
28052867
593493643
-116426197
-291646563
480856840
-575879370
73392946
-134038177
-648441268
261630382
-912534048
103869459
-221851521
25589982
-986025882
-115238784
196452730
-735731756
105020243
893073537
28091862
-458427053
-114844820
-91858086
-593728814
-117936528
172045943
-106039656
-832654595
764141698
-401056953
486835116
769048354
-298663166
-750159748
-200630987
-720012526
661708563
-194340959
346394184
-406221513
-119467941
-808256596
407801104
-395332529
-13482792
921686900
709959155
-227128008
276868439
-362405850
-852434917
-132399946
384600076
258533038
154800477
406978088
320388726
-873405170
168755657
283451554
356611793
959500400
-747144150
-704312765
17796202
-755264132
-391284251
638397892
314073283
-544761385
-202808256
-169143003
-615424750
-701567628
-346763085
729376926
893994218
407543338
263063840
84385696
-115796357
343719779
-241021434
-757135829
257906311
997701644
-279591736
-514855267
586801657
-325873037
-622544649
-67263495
-534468306
-719096024
683772786
-418939766
-390762411
-161560759
896655154
-805060659
-538790259
155012475
-761132094
-882212495
-971068049
-106863405
-628885801
754423842
731089583
-704012491
107250857
-946323473
11228085
-216597553
954329747
-847072793
-467480263
588222710
-293865179
-728556448
-877091354
-309047752
290172352
167067420
-936314198
298629949
787170014
635388589
-22173340
-16555487
-670969537
-380026529
-631371410
-255994099
-613216174
-995114201
254616354
-583611866
-824230958
-437540377
423312791
191760549
-357947415
-448832401
-94942183
-928225213
708240357
-543445307
633873816
-776048904
-518274782
-351513310
-592535397
991013822
-654633725
855538038
220467800
317524095
-592535397
911204936
-784983578
357517508
-265379525
-318561161
-48779133
708876288
946142456
619129147
431223687
232580088
565907259
781183805
863701987
-843639842
281858450
122527186
-997979872
-493028668
804827678
521935741
492841016
-999048983
5379413
572923380
142940345
-244603139
-74994933
838310206
276868439
427629367
-28683861
828152070
-220207491
991817784
643490999
971481466
251771469
715504670
295621731
-900305792
-553871546
155129416
159607365
-702543658
-974573352
-374185088
-209021293
-140638011
378760420
-689520349
847297588
-428807484
65020163
251771469
343781337
-635744332
536408959
-885954729
-500692673
319264400
-8026513
-604669894
-123625159
231476709
-391483446
780169331
345835278
-785324688
343456383
-407717648
176257953
877249502
-529527472
909422215
737941706
-177495868
829936090
-542218614
-539229790
189239726
375760954
380582252
-91858086
118233
491332440
-689984078
-734787497
-235050673
2160917
292571121
-941240215
314073283
-748882529
61207355
-769950994
595402890
689750616
725849967
-715509408
911641842
383303068
229678105
469939312
-292860016
253494841
545113444
-532673682
131191976
654101658
-743909180
-162168015
-788727377
-269623960
-848250226
-781223363
-337096803
-984981302
-942495775
-169255860
-423379861
441143555
159941831
-314489690
463300693
769246851
-548916815
90664217
263498000
534193358
-150556305
-700561191
828409505
-876562085
-434710869
449189818
-698484377
-48697478
726698391
-240294358
747688404
545586882
-731789932
-536237289
-185357373
772206874
946016509
-292052492
-77875851
-1999259
67447489
-951775647
-133674403
629197395
-788341285
-451868701
-76156357
-65613093
-461621331
-582481501
499942001
-330107871
-881167571
153660999
-815879047
914264214
-731859722
841175972
470045485
-112481513
773574356
794035665
444372875
800192546
928728030
-592481143
718213848
793621249
855538038
-255199448
514522140
420742880
-259388137
349735175
-885954729
-446300239
-93691160
-387622922
718067962
-308805410
692722578
81899921
555500573
-66615445
-947971543
-320344779
-696883435
-383720160
340175730
448759133
-519709767
844482135
880840691
61446982
494070835
507258209
-786012584
-397924063
924552063
114136317
-587204946
-529430072
-525837613
436266950
429041139
-394903109
210513263
-977056720
743481146
-104659355
860786003
420006152
548246959
-283602337
391093741
722012478
-245765165
54695194
-849403554
-738484106
-760925080
340757101
-874537774
-561023330
86645446
598862907
-805458496
-436895983
-381321485
-452763744
-365427610
-331362268
-390133710
432727324
-913881990
-994092562
904339434
330669535
635559845
263636586
582277231
-751992828
820901530
-689824085
-218149935
251916957
-334944086
-541468616
-520519776
121964991
828317579
708876288
165601170
881062261
350859323
-550725961
-637537983
83889222
489179390
-762203234
631352423
-297010119
-731612997
-156671734
-801589689
-495644153
532882150
659038930
766076501
213891472
667991667
436973915
293223233
-204934752
-709468030
395037944
-349073198
-350224375
-261430599
86110635
-817272491
-799504254
684827291
488265581
528776853
792011946
240229723
-664741093
738985981
765908494
-873367848
864251062
-171120506
222065259
-913468872
91655838
-480457827
-162655104
913164395
731846806
-768291300
939608051
820870897
648117253
508879102
877234542
-646207369
294204598
731846806
-431267907
-997640929
-69276390
63357356
-310391621
-201247018
607736696
325254161
-983657809
253494841
-547387525
734139945
-162168015
551923655
-391104234
-667567272
-962039245
447880865
-609641490
759603654
699404931
-650466916
-281089457
197299635
-345549210
253774356
857486994
-62109809
53953936
-576536565
-442646114
-607513333
-521005398
117968428
-416285608
-530879909
607045339
788710420
-629704413
-299979644
-783114218
818240119
536297892
-692480192
31251274
450941056
-134743056
-56854825
-759240753
346865223
520581658
134397371
390786200
-794745453
-501363893
-672140153
-36122806
289006677
804698566
-719692823
-563904912
-512605445
333182720
824669631
-811058698
898394899
-657806098
-840217076
-43841034
-294390559
678855899
-724204767
518497086
530427768
108873057
-611612618
-313939235
983028646
898079764
493812817
172045943
394125915
321533586
453784115
246108647
126863649
802331905
-449245038
309352762
-419560336
-266327990
-959223200
-865549776
441608819
803555107
-942355944
-623208525
753339548
529785753
-134984884
-560738869
595680601
240869203
-410475736
-604292421
-424554539
156997686
-813687928
-733760570
-274996109
-647530410
-227920362
-966866241
-550857875
-389816669
63036318
619836871
64652190
38591088
926772692
477637332
225730940
604547251
187510514
306186343
-16168002
-32385552
636752283
733151022
721156625
785732941
830531876
74529709
987622928
-766759926
997467100
6726417
428757783
448558565
955619750
52104122
-419852999
-988674911
641056305
-308297143
-206242520
-663915730
248184813
-255199448
27964792
728297914
532233635
-515388906
-165769005
476622827
-548371539
852776471
157996943
-137216950
868390584
-538029356
464466578
-579599171
-117787296
50465602
230286810
80331597
616799026
-457022039
-390175855
-565246306
-543424325
-770279918
509515849
315484621
-701864486
-623949939
6888360
34657607
772267487
-437171237
479402287
27023863
-715450458
986702485
761728221
669814820
-66615445
712123326
-555516099
274238695
-421105228
-536441091
-928426921
-163024051
-795325908
911676384
517676079
968658030
681990344
-506233853
213120399
-487087692
-194269546
799564031
-523512787
661433317
871690525
-593250960
848891491
-68778986
-696639239
-841616736
987210276
-927192212
-932267032
430886999
-659162701
-89148325
-7506688
291975446
43367754
-152150525
555105656
668575733
744064957
698614675
871961988
987710691
21924579
891943734
191415445
-89063677
-174430672
412181362
77531294
746994800
208557000
-144335660
-559404549
-304518917
-179884241
867726878
-139278736
-132452247
-601321769
-627545375
255834507
-394738395
402011962
750329707
102404976
-962754338
615988825
-365787807
65858677
-739828811
-970611757
12539865
470073941
-203509008
-392637369
-163939303
-887008050
503079777
547760228
-108446776
310364918
-693649366
104055425
-936818593
-219240302
-215784158
673323861
253193152
576030220
-159327151
152224644
-463483437
-413052450
-580718424
-804802780
-423068564
176062226
992944618
-593292154
383303068
998965568
230473947
-580582161
451352545
226164058
-310200766
-479677395
813670569
-328893328
-156696332
-347556931
-974967899
-747144150
-482783458
-612335313
-549616670
-21254614
-760062992
415124109
834094423
771424937
369866480
-261430599
281650040
326580675
655460837
289343365
-945151875
367346620
-230952411
275152557
-190002308
267631190
-432392224
-415048191
846265410
-325514850
248948566
-198138824
200191011
-234072292
966482904
707725816
68445238
288213629
437412891
-714127143
-271389785
-205748516
639471529
-72087012
-888453767
25104561
-607141930
-835356508
542548823
263356572
971818162
732378407
414287791
-182442580
284348151
514107258
262560747
-779568176
-216402409
818561978
40242542
-878818620
-720952310
-884050216
-808965618
-103354881
789760603
-921838276
-36122806
-748342111
731355067
703109726
-314417345
395126592
-912735731
-908345076
180588853
-931107648
-882870138
-596703477
573762226
-674175786
305724493
849696986
-37452391
-63495652
483126966
-589435345
472290755
-689048958
-269671273
690818519
716638176
320859765
-6771510
-176083278
-793262700
139849675
-786251033
287322153
-979483626
-913238535
-682472277
106501193
157878281
717698437
996151515
-947046576
125331050
319081502
789705780
-464658439
-749106594
539880580
-986762565
110052577
653546991
-526650614
818416789
-854488698
155303300
447281772
211863436
357670791
-358558400
124726601
229287289
816626929
668797860
-951102709
683942764
373465412
531625022
-593786220
-54737229
270502832
571468730
-767385396
-990346015
55421086
-22936719
-496892494
297597641
-375916986
353268737
-401540164
263384144
109930116
-295517549
554667658
-560112383
-197355101
-157974042
683008829
631352423
670053635
918206309
275931033
-611900740
669625703
682954160
302546846
-365031038
357007772
406127603
-322056919
-785550222
101591121
880158785
836094767
42918964
13678064
486066241
285461009
-52268974
-557347756
-68415142
930340148
517472354
-584655087
-265664713
-557347756
-833112962
-14964057
-801635289
254114588
206392811
-447435342
-952558713
814524384
801992923
-215585388
-907958412
443244981
-288018048
623817111
-372991519
-740450404
-393102921
65948006
-962039245
-854842392
199663449
-396699613
-30406318
-316552739
151196485
-734124163
583746859
-89277233
-482331441
570179441
509457159
119992882
-112045615
-793457428
248948566
767735924
-460185743
-288311026
-184179742
831037587
351730866
684089638
-137868914
6726417
826902181
-151410399
-619705375
-120610940
234184753
-153949560
230690101
-86905939
-1865078
-140440931
799461266
-110281427
633446766
-907526274
-58881916
-296816631
-791810789
342316429
-584326108
-881261133
387950300
127799065
-135570408
699650353
888650530
193295511
-402247166
-136341619
-193123748
804179384
374157095
57205321
-769450130
-980043349
551459786
115201158
-836176337
-3742181
-557938096
-755375176
-976152293
585969526
509067443
-418164427
-444454316
-760345499
-490449356
605026023
-32045569
606950711
769365711
344563488
-407798425
982210073
253259998
-444745864
-743539595
93411424
298844539
365245048
-335002480
554049192
940901567
18443365
217335511
274519683
562054787
67471865
-296150919
-855659333
-927927990
643016811
-948710237
896486216
-862161419
-706322874
118225806
-601745237
-122174192
-756851392
240554764
698098391
-481718566
-338985635
464837902
592460788
-157294113
-734603341
-320854553
-929639196
48544497
684798289
-331209042
-500896949
226823318
857615047
-789356399
885839403
-216205436
691796469
-289788984
-341302023
-193123748
-238363870
-867606323
998466887
-470631298
-3627673
-416364920
124912939
-402148661
372535956
-374773879
-179027776
-885954729
335168590
-982905590
505751903
-660848141
-5329218
-386567500
928728030
968151104
-3091397
-401056953
175234889
637204050
-577385841
373921664
850073139
-827915286
-498183500
721897906
22298744
-714514925
835329104
943155014
155383189
323851315
-753728057
-133674403
584014140
-103116040
-963229211
24442380
-205619621
-797084223
-285419348
335415400
-299002332
-544073830
-830736781
740398096
598260005
-950758427
267797030
372969137
-761132094
-883346972
851193606
225256032
836528581
257004142
366866176
-8107495
-673801974
-9767673
-755995305
380702487
-295281205
-298699224
-467391978
431128651
416475821
704968618
72865238
253238238
240869203
669625703
-926908555
332316894
-336945194
-994599802
473738859
973666501
-854284959
839731471
789211552
-664812656
-71073564
164847867
-465618407
-798684445
294935423
-519089404
119700480
-192962817
-459371123
-525105719
-302589952
379449303
717133091
-791619411
146121531
-163024051
-486073064
-696955671
720543132
170240043
-679055140
-812053588
856402701
290402721
165757672
89734950
374335450
295160298
-705108733
536408959
176213532
120421607
285315855
-674246746
-89454133
257079041
-36906771
-76384499
-138213021
814047466
852528377
480096962
-297833913
267938108
-602829210
534381023
-451103205
-417862031
-737305628
-722876493
-817057014
-139050518
788086667
-610878283
-860680914
-446001201
-921297074
256738979
15103597
-760925080
345389804
-321837046
-490621962
-866906424
654576528
525901609
956090160
-740010475
381125109
989394641
-32045569
-74924502
1599101
699944325
962565312
978686055
536153345
889408612
-343021416
821697373
352051223
745306975
-973326590
116253690
-467753707
608285446
-773909542
-146397896
962263840
-792858904
422009440
-320854553
267058906
795699595
-341758338
-250944759
-628494149
166693488
-609849537
720628221
-261800081
-694662094
-650046467
-200691496
-173754596
-624188795
-531941102
322617381
-13125784
800073222
798089410
-607784752
-141856762
-729257761
201988746
189141049
659374070
-916602110
-140535138
-696097172
-382285711
34831825
-545267070
633679189
332520060
-966320694
-777239578
667485112
-309271396
-499499304
-893824272
942291201
682110241
-418766800
-391619005
486297251
922968602
873409406
136389806
967487671
-124415263
-437216340
762159035
-532533512
208604752
-168943304
975843048
-992374923
-424228540
178318550
-728224242
-149757642
873487296
-246487460
-571595252
-488097737
56081279
-697804351
287609959
550007660
805208097
600974285
455559913
-584797845
-686308461
-791673402
-464723869
-231350931
96671132
874670350
651590483
159530694
312062797
312542700
-656558347
-710452965
-662629241
188739805
-670551455
-86980898
594034809
-952357251
-385378225
-607830872
-168100346
-410959176
-483393702
401650245
791370117
-173592202
-660574144
-795162722
161622909
836874945
-481202462
817992671
-293298574
-735865570
868997193
-95926947
-725158350
-185458202
450204914
697533921
-349621751
-478915151
944352707
-782678258
204166289
-115550644
973375008
-114254479
914464650
-781034813
-216981829
895715063
-605201629
947550143
399332787
-647574971
188074810
-63735421
-246949587
298658015
836681282
410682492
716373605
738474164
545389745
-540963849
-267071618
965246177
-989343573
82719627
595896814
819617061
978898254
-27228751
813166900
-201361624
-732530982
-306461767
-150103777
-448366199
-556646039
-169302467
698795272
815481340
11397950
938925700
146687098
-674371422
373132595
-852970395
924763442
-140265507
992570251
-732154126
-489995051
253193152
621721971
203601971
-136587812
722601932
836209198
201789331
247682461
-150866758
125087846
-476308171
185617976
803953027
-589706775
308684939
-862639673
559188846
-212679055
-818554990
823207332
-293916453
-183865978
811084455
-468165187
411274149
911772942
-159327151
65172982
-242827326
-569992093
166662628
198335720
617546335
-795513573
633966362
477429860
133786013
-172477515
297910803
257307923
106965506
917037696
298658015
-997640929
399629834
-737932506
-488885629
101749599
715259301
830161166
-646303229
-965724774
879956298
-447775970
-81021469
708646284
-337665040
-235680033
-424391898
465486568
-772895565
-590762378
-923213247
202087662
-406221513
-755707176
-199241566
-227715993
-920594985
-98784401
132656856
-418461323
-81349685
549323603
-694035310
289045319
156831554
-265079990
773159870
-485912857
501946343
35586041
753611053
-610793911
652248968
400527306
-348732053
-166373185
470907540
-338770954
370428314
-724620627
431780468
460007173
-154699548
-296836572
-718016307
923143446
592234790
-337061423
-333137334
969419519
307228774
140918967
-93893994
-138244327
-515959843
-465771650
-215316894
175431264
-686279378
-71826154
-574414453
157708890
-478995668
-439422944
-264538257
-742582411
482369443
276356399
296119401
-273175271
-953710293
503457728
193505886
-961794798
-621874916
17239123
971515731
-856284254
-528194375
-884824229
796449535
-677543220
180361107
290331840
997426161
-52095708
323989738
806384023
125087846
-981448318
-264770360
-142885445
-730975443
-395440943
53588403
-885352212
839713636
998965568
841664221
981128075
-342212429
-199353066
-265626283
805889149
644917734
-920049009
222611736
16466531
7135447
455485585
471327337
516140408
411042459
503337937
-414181906
-412173319
76340400
-204019633
-944466163
-132737963
431867589
-403226241
136183678
434669971
-995920992
-83825833
439629462
94536402
700325120
97647052
-633497327
537569796
821524093
-97358121
-545448536
-193010762
92243033
739309693
348895593
985609045
20069961
538071629
125331050
692331099
77728107
-857218192
-568269124
-825759744
939608051
863037382
-355018372
-908712377
-12979739
-620522118
765397885
-200691496
671558110
-202011027
-375692432
-799159751
127725045
-3923601
921049687
-514554780
-550857875
-539355065
845827091
-744908186
400527306
678709923
395037944
-855759256
-263235688
324943736
-6771510
405744373
834022532
7682555
-630523003
-879756789
-245811176
-774684433
119318115
-31274031
-496771358
25300994
-888345345
227221741
-600099905
775052793
-384533462
-199737852
-301972916
233226219
841214813
906521087
377700510
-876009677
-604594899
-299002332
-801967322
-534893811
-916293600
-653961922
-493735317
449724090
359465995
-881645154
755642166
164211327
-354734125
819617061
-282281415
216194863
-429592779
841004468
873175681
-144664142
-178029067
-746668070
177431130
986417398
39845340
-376139437
237881857
-964261554
516833824
-935109932
521311716
-238992026
918101324
-732766871
-144976790
560251794
678147259
-172802701
-813412496
313483909
39294234
739135352
-79497275
-611612618
436771512
-78981992
-608752559
-226227197
-401454008
573275328
977101039
-425845071
-396641336
334210174
922805292
-163499595
590704078
855356726
530255198
-726533974
200971440
-427152669
-534752988
41239280
-385575749
627141881
-552348031
-349670317
847412288
-108141550
-115665784
319151242
151187782
799564031
921585074
-283166677
-846239642
576927527
-572206871
613839377
-998912470
944101903
567535571
-837139996
-31452159
423137304
-229084768
727053348
699050408
-744316166
20935525
-152956384
-215192494
610382390
-968088395
894067032
-150103777
-387827435
586256319
-671704333
-648938898
-198040128
121038250
-371587987
6466843
-988273443
375438498
970040627
304948873
-898224790
816554197
-505439595
795140254
-648045591
-496383925
-614009811
85467676
-879756789
-689771869
425744612
-71440859
137023447
-230866098
837563575
-572878903
-600983103
-546706655
-49199136
-792598078
410253963
955701053
-420030736
-37955413
-303291811
-950309088
-286214579
-155514158
-699406329
-820203950
21884185
129208937
521935741
755432691
-696747969
104203521
557156610
-682820152
182202738
389937379
53685731
165852631
-954699530
466203848
-767468646
962142071
150509372
221748048
-8621932
788846281
-544930579
48069965
-623662546
-455624004
218813625
-188025733
-471197320
-476836858
831713068
438352995
715039438
288213629
761674093
242346298
-532533512
952551370
-359776743
745183215
263955701
361002543
-663313206
-73479331
398794132
-763360057
-297376154
-705253973
263273713
674765346
-307266390
-209549479
-600687311
879201728
-238192675
432967357
-428690240
-137485430
-527699895
29278624
-676120640
154795903
415228108
358154247
336135472
-252815873
435668416
31038630
190382112
790532689
-484747700
-536937346
-826418821
551701068
-831468705
-817272491
-461539476
304901075
-601820737
-162655104
-718927568
283065284
-714368159
-529949907
-520593710
-101878634
472290755
220913688
25855805
250003142
-185286730
565937012
-171564158
597716822
-448095203
721739340
969467238
316789421
599584465
-493974272
-928141459
-977402105
770893980
-867066278
-429686557
892998184
221423152
551701068
390897824
783881764
604850156
9615312
-395753438
269208427
-121935255
559863438
-758007751
99344163
600383047
-973071696
-775252410
-227295465
-176203534
853912441
409027017
-416619551
715504670
-810848738
-233042040
284270818
855870409
-66615445
-562296769
-510686489
-563863650
-491071979
829027704
-514319762
-207661072
-32944939
345013539
-697992656
-869428359
885392304
-255695684
63469421
-888345345
316049064
-255199448
820958926
99019350
215530274
524394068
406089765
-588042714
761728221
525222288
-202480843
-148647441
629734191
-790426196
-173229536
-321375851
372828409
-963081705
169616823
980866145
-550111131
-857275443
-832417061
824037888
-561396822
-667496292
-681351848
-155764217
-983476389
-54737229
54004863
-601820737
-477888168
161373766
-353528573
536579718
-625960917
390955703
-535668928
-545848783
177610605
994322518
186984909
859141189
502326265
558122157
-721163407
931483220
-883404446
231073315
-41172192
340598925
270350005
260866800
957157646
35586041
764036408
-541408635
-328298106
283294134
132825378
772765775
-698916243
200209434
611919313
-908826816
218284051
-337705335
-24594919
803152349
-421232226
-552566509
-657963210
-762321785
-845445272
900710371
-897666091
910515312
-625729799
-520212319
-18763465
521511926
273942522
548903381
4178329
-811396595
-657868109
107216258
-876365517
74491644
-398145270
-970279907
-383527796
499355423
-344374582
61808528
414287791
281603254
-499257654
174983275
846881484
491118642
-301857452
389599576
-349829263
-993866955
-588850775
-321653814
-157323311
-55480967
874845418
-837672635
366676730
650510124
846606722
-472223798
-706322874
-111998380
-260084120
865527908
-504777884
-394903109
818844156
-692166914
-997058912
7682555
-311887719
442784686
-977056720
761674093
93193587
92570193
-14864183
-863452755
891649325
90059366
505936798
-644921374
708765738
112668779
857667291
-999871083
-39859577
-351886081
799444408
858299987
10745237
321160846
-31274031
746708487
150442391
-494379416
-141108865
-876452134
-643005503
-232137044
-5233020
-177585206
-867342457
23906943
600053593
-679994196
-470202096
982647895
198649275
-313223426
-687532573
631244150
450326416
546842374
934592928
-822378862
691633406
500232283
193014729
415483889
-616810983
-453754975
-409674030
-225906407
-994363790
967581835
-836783149
-253316274
-466648487
-883736138
340317668
-528326984
816367459
-352099984
-929717071
383353143
-961678706
200489612
418933847
-768431901
550897465
-477723443
842729165
579513622
-357632627
976725259
-132919924
778626596
-102083390
-973572545
-407717648
745445111
-943760659
-701032836
368017403
-112609309
873175681
893673724
301317757
-185866685
-809399532
-25394991
257557400
-312250059
-814755241
-757135829
306557350
-81724480
-455164586
240869203
500863499
-909678207
-504161965
-424771780
912031554
-235949754
811524954
-457293540
-89754582
712162933
704503662
783704779
287472311
-676751642
810316295
-239332384
423067122
301882422
103218387
642215461
-382285711
190028378
-86357711
-940695515
988826665
-94942183
123107437
67144659
-513920710
927229587
-230392137
187143512
659684691
899520145
-369896914
-472809048
-344374582
606684609
-170121890
-934863838
661512694
-662920688
-995361973
-883205742
757558118
-904470706
-502947468
710499757
195811375
560270190
635145730
313280961
304756337
-804549571
-247084860
-945967172
-449352494
-393738094
-298753692
685693160
-369896914
182961154
272779467
591482469
741841630
-446975979
-134600807
-765463747
-956474768
349255089
-879646700
-323090946
356502134
-388135723
-850841731
-247815196
810516424
397522375
-27737713
-16399517
163087427
-615318425
-885747471
155303300
-663404610
-559557380
841732072
-542306978
-672024190
-702543658
43790546
974290104
591823379
-345432213
975622140
795994057
828317579
14804479
-795575577
543631421
-194340959
-393738094
-188291884
-547214849
-878685926
299375564
626738988
-156381884
270502832
32297196
652424839
677994234
612908583
-872799608
310870929
-427294
-751167343
752107216
93525465
-4100224
-114987913
-488714907
-768921550
215568653
521265511
-301661840
-407798425
-751826382
372656905
-864812803
-498871995
-873565580
-131387693
587292868
-665471884
-588266680
-984412119
-429655595
-872982198
128818894
-803404247
-178084183
-357759243
691526443
420188572
629013985
-233728278
41541463
22294605
-977163403
516634217
-632486305
665525158
840877684
626464496
-848315168
-969813050
108120395
-765805677
-444745864
726871208
-382760180
-308576606
-579058044
-755544556
942570325
726380991
480096962
-147252296
-34163443
-87039770
652154013
93411424
-49645627
-921096736
-731210835
-860033446
-960906144
771424937
982111570
142117925
968309233
-36221466
215354850
-384108373
-139450832
652503637
385372982
438352995
98214502
437058372
-379440590
19484877
262560747
-238725360
-868096113
-21780889
22201275
61415141
-317161723
-217259252
139878323
-159574692
632246640
631288936
-369321565
360755194
472770142
858963803
79022788
877530431
-12548688
-647421915
105895217
662570459
131311550
529876349
-775522816
-783939532
875576283
89449638
246557037
-852970395
-977998609
-406381657
-880198095
313829535
551459786
968071915
223221934
-27105196
869862066
181274047
-302604966
-407062784
563421931
10127106
162912751
-687121056
631577944
-93488029
312062797
66838505
790033101
631454190
-908876225
948316752
506189031
758266946
307470855
309434654
-329999344
319706075
246557037
-464161230
-360750099
579311843
-250636110
-118030111
-675498167
546214887
682279327
-709405672
-469869510
281109553
-794507644
-610729472
-745983214
101863899
259181762
845655636
-471748411
-228441827
100979801
593859562
-914118779
386184661
-598097203
-81021469
-915105832
-735009667
-182091148
621992040
634715151
540445313
-908690984
-895975348
-337981819
-362952856
152241739
524038884
126711613
606627104
-829785120
-374185088
539178421
-676338776
300017886
270566078
-1525446
-293473559
771971581
-911907315
541873649
703536604
57893301
-722925925
-270531353
579830811
845889313
-55512612
-431803513
-570785336
181937338
17301477
-392113743
-975730057
563165820
-523770827
257245153
-910518278
-447651156
-833012276
-881019713
772995852
-937825014
381645728
998556908
584687888
-321375851
-965376745
635145730
644535900
-50854749
-947046576
65619038
-848974086
-364409244
927704348
551216392
-407062784
363317323
-763899176
891121955
-995880738
149432342
-784699890
-669340945
780064633
214281626
-829743878
518115563
261441833
-740092786
800870052
88657631
136183678
891792778
318475032
538071629
-57423130
929096279
-954093971
-415048191
-26544657
-24948141
635659524
600171695
863217785
-48451257
174177335
-149460153
397506244
-535817618
127343176
-662709974
203577729
-181187788
-168736358
612908583
-374140158
804532307
-19663940
-903826683
-990346015
-966608990
-320831765
-67647080
-598401276
-710994611
-913891990
154359703
-196745242
311254923
448248278
-836898038
-156488135
-671075299
95395115
-151866614
300516701
179659238
-188394775
180147042
-455355506
806372245
-42283579
950473388
378241243
-953606904
-503596992
587292868
590851998
223290930
671403953
805966916
-208001802
-950185221
-106468325
-529527472
-300982300
-984370974
-540017199
-166034530
-932267032
998211737
-360256741
70110990
639441134
511504302
857191475
399442335
-527508610
-478145045
538762320
548213438
-235921377
764470205
-454153272
-609603947
776464249
832621609
20104100
-67836527
214533857
-95630920
438597612
-512999764
172250813
4992503
-537164415
799765025
-141739009
5379413
-864812803
476321724
-962754338
-413605361
794215626
-980967423
441394651
401269831
799951728
-706917223
-672414321
-742379781
698333060
816080902
-643005503
321309243
810744750
-826262403
859141189
-617739739
-612525143
-91858086
-468740691
-199447039
681269684
-159861991
-295935100
680790694
-65680987
-215585388
-553974085
-862022007
-7942346
645879511
-969176360
-134840405
746708487
-726172029
-638232230
-789490152
-719692823
-17897560
402324527
927027590
509457159
-832505649
881752761
490943497
980999089
-536369110
798713568
246160155
7682555
943859166
-278193835
253504325
-924653257
-33084783
-3153337
997351294
463300693
618578192
-165589529
434845192
-692638561
-155401958
214533857
-714127143
-319243807
827699337
-328163009
-692765753
-762920688
920249056
460883536
997805677
-596658573
-720356575
493103585
712528240
586170509
-648555733
56115323
-340434260
605766574
494480713
-133981846
74599715
52445090
839208438
889643316
873264009
-975790054
6085773
-711745433
-305096553
-795790910
-53253087
-826654392
814442662
-708884913
-783683734
379296870
-137679720
167737834
561768236
60696855
-967681773
-708282589
222895618
-244603139
277775037
173662029
589788393
479783768
-58710511
-655400112
-432392224
403744668
770893980
633193787
174957397
-829962532
433864454
-408213411
749461943
374462781
-725264922
534324491
672327488
-822673993
807373776
-849484684
725692327
-394756882
936149266
449921960
-587346099
191013507
-742114918
418757365
509067443
827624830
-580280829
738936591
-463824960
269852145
779429139
751582587
868390584
865441673
-936497360
-646596068
-525542523
112668779
-742970248
246572216
184370405
341705187
66668868
597604132
803555107
-458401149
614397920
-450503896
417869474
335274359
-179920701
261050784
-447983014
-897996993
821697373
-892327182
-962039245
784117683
-803161910
955924548
-868096113
644147728
272246477
553477475
-86357711
-911182713
491332440
980003746
-280593336
-510813378
-188868015
408844515
-912674509
315906481
447519498
-348620240
-772302623
-648555733
372770573
95905375
-838580219
109561064
-660048107
504855972
792744415
-96822535
-674371422
-706322874
933075367
-961107310
-432392224
101863899
190171339
262744251
-202011027
659724574
449453300
44164781
89456098
-827756581
614608137
666789859
-493323113
-515868908
-542677400
956868691
-984551967
798349935
216901422
-126062206
816766596
456205106
759252399
-746064015
-838580219
226739030
-8159869
-975730057
-185679396
203119865
-714855810
-21773907
61896761
648635522
692419844
775666172
-262886341
-730348031
-750564251
-322056919
-780949491
657442291
802618579
350182079
-184365004
123065960
-725158350
-640443353
-553346954
-293298574
400975352
-885106558
825851463
95553435
-784699890
-469445291
-609397936
594713698
21068665
818635008
-487509573
-628214056
115490432
-470008858
-776265656
-432392224
-512295728
866305053
859548212
833063467
446851992
-265654175
604105839
-746256037
522575205
850490257
-334519095
897421912
-570107979
863810224
718315223
-982339081
-220649566
-50989269
866569698
924147778
943592607
192365885
351961043
672771171
716296069
590221479
981010569
542018482
627080720
531083477
-337096803
72817413
-774559846
-784648932
-931340610
431780468
171936571
-370485370
403832557
271721350
316321434
-85792703
-136428158
449724090
14478508
299721744
-177683941
270434734
-109279196
497776662
611374313
-896929271
-300197775
-860516334
-239790901
-263514359
-963587994
381254738
953648724
301882422
490655510
324809006
-833423396
-868952352
885481636
865043280
542095948
626464496
-514523718
1197757
-672414321
-453387792
982210073
318636296
-207009286
-852271304
-367913724
619640790
-406736881
-49970330
-49970330
209698101
25466626
817162026
-753854063
383091746
855298397
-968169702
410682492
-499074645
-729141148
-959891509
-525628047
-861302910
-112563895
668419825
952343740
-752948066
-124904542
-942054231
352456216
-216455848
-564594104
-784266992
514727249
-467146499
-448832401
852407785
46993646
128858871
156316086
-442646114
-793690830
-924296909
-731859722
158417353
4861697
148301829
384106114
-654956961
-160572598
989206316
-194188991
666065656
-318561161
896814788
-692147508
138170078
14725195
541011703
-109032748
-193923311
415971521
498115922
393250225
-336050908
-879646700
582342231
-959503993
-357947415
374124515
-893223760
-913238535
724454791
-787403770
-817883716
-51071316
728538146
-170398740
585838160
504563480
-620261035
-263162072
716700374
518294804
-710994611
682576116
-81638129
-498183500
-576840411
-12807108
-351615743
166188079
-186697394
-334392951
335315134
847918496
-590004876
-451118571
493700382
-848315168
855870409
73337716
-349670317
-564805231
287839750
-166532471
348246251
-345995355
882454015
-740417055
271622966
-121191778
569085248
412916008
-643678461
106190107
-344165084
-147594867
-320906883
876823504
-432151976
322768208
-393568360
744627855
-437706945
788846281
-2368855
-465250037
-689984078
792011946
-954032069
546002781
-847767912
445373834
-533743894
-557009888
770893980
733151022
895916857
-343924284
-156281241
785916063
-647394709
-716858733
-828948688
566557394
752107216
-994363790
-672858247
-364035583
858963803
-682686510
674303585
231073315
455113176
-512042642
-288850356
818140771
-412399725
987710691
29913795
393071529
-989505878
369866480
702190624
-389598932
119992882
24005203
-408661843
-911319368
528654240
-429393144
176257953
130012440
959025384
-51874415
-381321485
927027590
829487730
-498430617
-99897182
128961041
-734253415
927603674
-479974385
-855451046
945084817
-715379357
246265286
-564416178
-587846336
412289094
-87571124
912093153
438087120
-107419084
612988227
219603952
-152150525
-171658828
-270021250
175064969
484386968
707979067
193194315
6129233
-476794832
-586997959
52104122
-117982350
-162655104
891697442
-241982378
-45686152
839550374
750963717
-151488034
-830606481
-549616670
-305713396
-503358779
-581655774
-968561502
-483895565
-901904852
-589193860
865210351
-65141291
-647664241
-885352212
-10087701
641378250
733767513
950861524
-731170862
930883225
-58346148
260805661
-59624632
716700374
555760396
-144188150
-844130725
-162837091
290331840
895893915
-913502199
777532308
-633951618
-816465623
960813974
-131203340
-663259864
234137617
444548831
644511305
527700140
808166963
316764468
414097817
-593943765
791279452
864017599
-333137334
769429126
-752267462
735208222
453272951
848470962
942732670
-450503896
-476738078
67993558
-54969181
761469593
-285960881
-995361973
-372917552
79758991
757840514
757911507
668700749
-277519438
943592607
738383145
-790039846
-816769985
680269048
-46486398
303625195
623701674
832233468
312611945
-666493897
-253861752
-115665784
709323815
825431183
-165589529
-788044867
-942946720
879079682
-566440209
590795440
815910104
-759951702
211495875
425720642
-809835605
885092097
142767962
648357423
-233087880
253145760
-973148656
-177683941
758474359
-53253087
498892473
215872731
-113311865
-768291300
-953296571
-117156178
911017066
937864883
-192082811
-639220614
-475274929
-235207270
464123154
-87199251
-284230774
756048323
-108660370
-370963173
231902991
459590980
780660216
-989362831
898854731
-677099055
-861592822
38012841
600805182
-734843286
-156059361
-746523281
-37804142
-251070346
-822021737
505936798
-399658647
805188979
4939933
-966957699
-565855993
647155562
242459762
840528402
95041046
910363193
706378240
-326829107
-460606507
-135861431
-704405624
894668952
6510161
-290900906
-279374990
-209324921
773853000
680491776
971818162
451249625
855740140
413028272
112345222
-454153272
104760237
761728221
708826071
515404881
-835902764
53031938
202346525
-71440859
-238812233
519432285
-5817947
-873753308
501946343
216923328
945645453
327088999
-769450130
-425986906
779743306
423814937
-388819985
-293473559
32551933
549605611
727256936
741585094
63071611
-625053174
96756731
961820588
60402804
-963836839
-758735058
-807409111
989700558
357558072
140868770
-916927465
991653396
383036608
-275817612
-96732140
619022695
145549109
-424449204
525222288
-341419498
275769245
53685731
459843153
-390175855
-318997433
79094632
159673825
287710322
-62572796
-909069899
-469026434
214541622
87748176
209262264
-728081965
-266233322
577583523
-489890684
896008327
69085204
-188179418
688025345
-671314519
-259125512
730527911
530066611
-542566114
-551177593
-668156532
-996329064
985141565
-103314870
-253789623
264170895
476207923
891331459
-761697662
824335777
113237811
-675988021
-771597451
246399356
158686825
782232602
250912546
-20410629
-807263977
897954018
-724318266
-251491217
142334348
-493390799
-200857661
-405151367
848145920
608545863
51238194
-448060286
-721030206
1197757
906739447
-402409243
443988436
-554719051
866569698
657120239
-459071374
-60575468
-726533974
840877684
296426611
-996329064
-531021433
-557938096
-854183015
859887834
368774218
94986834
-261388283
-287710475
675607257
465055006
-56638206
404700918
337077102
424274904
-672217988
888713275
889718520
-212480033
774247466
-122298055
686371314
700441449
986702485
703318253
-475720085
-883736138
760617955
412916008
392597028
214147204
-759310074
455404139
-78708972
101248097
-812986689
-452404131
-709020733
374909783
-732235321
-280593336
247682461
244166571
-364632069
493700382
-262466840
-112935582
70645344
-802701376
644721711
570330575
-678033507
-639522880
-703609513
354058799
-3153337
638453026
608800972
280815741
588152964
318622884
-366649062
301370450
180788233
-742730098
892266787
-685538010
951929661
295913032
-336545078
-201680510
-688236471
-549761259
108704220
501531204
279732109
-547048087
-875845854
325549218
632822560
-3466003
875126948
841732072
316807356
-140020116
-120311774
-376510939
-889443709
460992714
-279087956
-532533512
432119895
48945832
-217685635
-285492289
604076120
160093854
-773303975
372008733
-420725682
781504319
54258449
344109343
-960906144
735266390
-183865978
533555240
788984400
-347619492
981947771
19860983
807191395
732378407
780064633
-798172483
-638743307
-793755070
165419227
-42283579
703805368
-903082911
-4000016
59535261
-953229697
-201739738
-227715993
525858259
669956332
268731506
344083028
34367338
882896963
-411193059
216564279
591482469
761366444
-909177706
-548288800
-659453637
883278156
925840534
-23876377
-814283973
-442190388
764470205
844119506
218188648
536408959
561485505
-159482101
-645948271
878115175
988487145
-568700251
-558488646
998536252
-441669315
361002543
927423272
699225450
-875449260
339315221
-598341990
393175567
376844233
485562249
-372580267
504952627
336356395
-113535414
692931385
-662323620
837563575
980189113
411189631
492347827
-303766593
-683131958
819230897
-190208559
-359309523
590665453
545638033
328304524
-233866618
632848452
811259439
323989738
-509308110
-924210805
-820029303
-836139144
-265642205
439260734
877667197
207326125
136737755
-285993143
-930715500
-670969537
-4745100
645369855
-605070068
936540560
-303612458
322768208
136183678
-853611266
737256690
876062379
-489608230
-353355463
993995892
-336841812
515818764
846606722
859141189
-882267229
493874454
-805913920
-155432512
-808822964
796876784
449724090
-355544228
-235060093
-529130651
475300715
-872168757
302980126
383672610
-353528573
-671370258
-423324386
436771512
8914172
-741000475
102460524
-729633818
820506262
399415675
630491725
932542258
-879006923
32244276
715559234
-957939100
-407910206
-230210031
-288290341
948443109
404122374
61561899
818578525
-693015204
369152739
-370636169
-514277342
743596450
-205028247
-390175855
-482717863
-557172448
552131327
-867539141
-459501964
-829475170
-996827976
-61122884
405210916
628260499
-561362378
-493292091
643490999
-137354183
-141996604
565756412
-178390957
-613348244
-272445777
-170826572
-571089959
-344374582
-613030490
-759475166
964624392
982647895
625482849
508469097
-856466258
140771275
-587317725
775874317
817748647
198700786
-487697234
390092720
-477467116
168548867
60344585
-110423322
-82845842
403262507
883366673
973960335
416733577
248803836
-525251163
-322250620
-161107162
-677774314
-87917579
974838870
-966957699
-456512977
407577957
-125748364
582617650
-242643574
-15140339
-613625826
811357664
-239542232
727312232
205242856
775809102
-752399662
32807062
434391632
-684391604
812323542
-888345345
703805368
508155896
-879474640
2234964
-639951943
974534543
-821853346
29043366
84248409
-650849773
974205048
377223954
-926953584
-247917729
-220211160
-648045591
16984140
-151498961
-35706375
-523612048
-895854408
88542183
-142571283
47733176
345835278
-34228209
76740186
139457078
-559152589
-764582054
624782839
-753706904
653603402
143653440
503558523
-289518930
-316472516
992604312
-242030565
-205619621
614397920
476502720
866758921
-528537814
428956891
-275357753
346865223
-357632627
-475844403
734734148
-774889009
-905865790
-521289995
-461181137
-813470578
-10328136
-361553465
222097775
-656790428
723211821
253012953
343253169
-675898372
959355452
-239790901
87414364
868477131
516039364
224065415
-220717222
-182354508
556358850
346865223
370007460
-727839274
286899685
-423962744
-942225684
-606556571
-615056152
-977948984
704486073
-141739009
-139278736
675144639
392554126
-782678258
-78633294
939150261
-151638293
666931348
104445535
-47927257
-346468065
69698584
597654457
459011433
292571121
968541349
-126768293
-282740639
-120877379
-376966116
-146500452
413809384
250888378
387163140
886315742
879201728
-213044082
310497418
34342582
100891297
507521205
-761452316
595913364
-947018811
-515175499
487292145
220159761
263638632
-446512447
-939346009
-135256049
-190364069
-174430672
-587162614
379703708
231847199
-377519440
884423025
791804963
-77573424
845917728
972483269
-836957236
-339198603
-991475378
980003746
207453228
-719749467
-891990741
654027590
-527508610
419132678
366614940
-326020547
-183694607
-805579264
294711578
-969176360
-306159588
751783928
-830736781
-714514925
-733760570
-738662426
936299898
-733391735
789434353
-489274034
-342604640
-969984376
186587570
-125614911
461603997
363317323
666851409
-378254193
-155968172
-357063750
934004685
928957106
-940986744
425329892
579649414
264558125
-701088716
157428647
215032780
-790148180
241113774
-108633289
123228362
343456383
342065230
-663915730
-51984398
750638836
-61176778
-107153379
955424186
799152633
-363479026
-181686444
83383437
-513705454
-848250226
326657929
287951344
-508543492
545931214
376976544
78609692
-781930990
-33897998
-655074208
405618071
-663313206
330180063
428634852
695878271
-330829524
-487673679
-291646563
142334348
-972782908
-134771307
88822335
505377104
-786808771
-567239131
154152157
176513269
326185121
772830234
-352540744
478992997
417689800
-576136330
87155884
-742114918
925905441
-828483378
-222654383
-999684211
-120375520
273773615
118969011
15938991
-611778193
593352396
-820356067
-609803186
466169079
351383710
-802199375
715667251
574357359
-541408635
558572810
-992703082
-386011873
-70505164
161842190
-412399725
24154957
193505886
543493773
899163680
275814307
708598139
438392007
-593566403
62108423
-324220803
95277417
54435350
-43348910
737623614
888650530
-972653019
696538066
807201844
81518822
665586726
43706934
642328492
-981374159
-448768262
-349565712
971872075
-224638798
144575048
346548711
714138748
547419549
68289758
565023463
55844987
-491546549
935317972
751083468
408409862
769638437
829287592
-349670317
-533743894
-424554539
-370652294
342302905
369152739
54229214
463926432
-614324532
-55217931
190304375
-214696296
-509232845
365442701
-950443864
-878477799
613285116
563939763
707202772
929365311
-290434830
-647881856
-714665462
-879006923
431780468
548903381
552328223
-570080661
-97445354
193014729
-854183015
305957512
589095886
-80615208
628832684
592191250
-876365517
871877885
350695793
-574037853
354332537
406336907
177006501
-122947070
-746477009
-955921634
-97864924
778040831
-807881120
168562442
-759810090
98518434
-398967792
691796469
-823328301
-760829566
811774982
576703767
-40191289
896616374
105568240
484967011
512511944
-445909337
755008614
-697222469
-716236622
-180095317
-895518263
87748176
-402148661
311206393
525901609
-921838276
570988190
330776526
260609228
-86943720
-856090424
-443717024
86434427
-92971715
-246760450
-594881320
-951369233
-658914430
-208001802
-527174033
-134038177
-827572579
475102557
-59932951
806426346
487898137
321160846
448850094
185202512
-857325008
-384309454
-775674409
-169845397
588745556
-388489004
-638736668
-437216340
-100429692
-336369087
616474740
198157898
77408025
856728941
-530164279
679986515
620744308
-626124565
-329643113
90949327
980080620
-706175618
629013985
407645236
-411761966
-84614586
-544671641
-164673548
-961932723
-146743686
577305774
-784586606
553637527
811939056
131758085
-72434341
90664217
-96556166
90510998
506189031
164250946
-238363870
949765299
-95926947
-492195185
-514174819
-391357863
-22133709
-773206120
-882501970
-801764195
-42886542
-166458107
-49199136
173662029
-468648901
-270718927
615231637
-267245881
840908927
-146008213
140868770
986194295
-489995051
-889335392
-378373769
534740206
-412505591
548107453
-532390181
-846642666
31904260
-781274853
545484966
-976598873
52932674
-516314044
68336783
399109883
-561797229
552390177
-286386566
-273550135
896999195
76426009
88831687
773677918
-657585481
-53125482
-615623211
-479974385
-159698623
-350092304
289085789
-933874466
919780660
-614821003
-770279918
-358809575
-672351277
-627738064
733430607
-120610940
-5775216
723951294
-196704522
-318505521
-914194688
144596177
-81219725
266205566
302406972
261303665
401004264
-1848482
524900770
-821490912
-99423402
-765573314
689157037
781071920
795969688
184888602
578323730
143725279
865847556
391800088
-178563362
-109480454
-203069430
-744390201
46124961
-17702511
303502403
-183735560
938468523
-556709510
77811090
-863535603
-942598844
-22723658
529514690
-911319368
-153604190
-593052835
614716468
91516503
651449699
-686535205
471065357
146432261
-922412784
-473600451
916744916
-20192004
939458211
-621724079
588837095
735208222
169124038
818614211
-593786220
-54850605
458041993
105976942
185035486
-53814317
349618227
381645728
-41525532
-214487549
-278317783
-843269280
-645813754
638397892
511177711
-417504925
147708143
-553721076
343594419
-317747672
-60369571
330776526
473101260
939399678
291116118
997740329
-9912959
939697034
-712956177
-724377416
-582288437
-25524856
172739053
-428560429
-109204926
-471519448
-723270260
-106863405
568296538
20104100
-348200595
-920683218
179150540
-148565096
-615424750
369866480
-383075446
-56886616
-714127143
-74292829
-347669625
-179655261
491862537
408799565
683534381
114218859
-996109615
-744640891
-114197790
-623949939
932644351
-261430599
219285059
-607390433
-314905700
-520357483
686535180
-995920992
-384044288
-761697662
-831126446
444530205
280519787
929191413
-246275918
-862297282
197148182
-920199931
-518352861
116152825
-134431833
10283533
407230553
-740935623
85430449
-851025
77260637
776813021
617677586
-425358985
5344989
-649308735
679353893
841988218
776013720
-286707965
913976950
-694491365
848487737
920997906
-152593997
-533006228
-184744134
284316790
204166289
-661090484
921150275
-436482774
12307624
339080977
-179405850
759375760
229080900
-752440284
267144037
819387999
-501100329
-355137386
511774704
-445733875
-900652003
449984022
-771122814
690269529
-501602265
-923371380
190725943
-507421158
390578670
564405100
-794555708
-569967744
873860319
289499562
-556545857
-884608091
-279087956
1304103
236039726
193759243
-636388597
-662775038
970658548
303693401
-582288437
228143560
-604144530
-803273951
-404628696
-573755299
441675925
-225906407
871480765
-271435382
776163703
438597612
-926450894
-518445058
-646596068
-568586926
429777683
536408959
-153453848
-435102803
629482329
555252482
-449910569
60271334
-646827347
-72906845
52644565
-706257510
-738751652
-855694167
783881764
562054787
-150150905
941385048
204921424
260168645
-235740215
-589757918
300017886
-568024228
994286178
-563207812
210134199
-67535212
-240228139
-915105832
-900510571
-352895517
-932940164
-90095737
-745212404
896814788
-268191661
-777922134
834774199
-681557557
80580012
-733309643
764558235
-859493178
-642359996
874747360
410253963
-626636135
75313456
-525429144
-464635858
163804799
-400707984
299375564
-826328985
228392708
-19705328
-608068638
-783744696
939188354
268758529
-756625867
80221086
834908722
159530694
-160494234
-297665435
-349515920
400207061
924525873
406669324
-983922619
231665494
264260189
549531978
-529727423
666235490
452088243
-773206120
171292680
740706500
333435506
-914697736
921087785
-10328136
635388589
12863319
-542802724
618721699
806021408
-844299210
244964468
-934788091
-483266169
-247595715
496224545
526371381
866203593
37443522
-237212254
331582499
751387223
284861529
641926490
-994224575
-997979872
460883536
-701567628
213267724
-977128898
506189031
262350082
398277530
-848920143
-707368716
-824208560
-255199448
801832319
708671367
463054348
-318140317
93314194
422687894
997740329
212655583
-111785797
-371198653
-261036450
735208222
-422371556
597230799
350785946
-76573277
594555950
-171175095
82255196
-295322746
-142571283
755503142
-422570035
-588266680
188166144
253494841
-594545098
967085746
590549091
-574618382
435536928
-632033343
666851409
292571121
-7439668
-820679820
803333546
-202069999
-926042139
-175856035
-139814550
264726413
-769450130
-684903260
-505439595
-758735058
-916550662
-13749738
563252271
-528681234
-293022746
-535139607
-843836686
-709351109
546542795
-697804351
-330980860
-439699781
65120294
-663479140
674659743
-765133744
-451276232
-877744517
603722382
877792915
935929595
263776722
-557811315
-168621799
-793069782
249008484
-956677548
-873976057
539144629
-487378241
197719165
193295511
-567102303
-97864924
92524640
973996660
852121464
907628147
129323478
-685844739
59535261
-947171202
-636171261
-516183109
-984453287
-5249504
-680674556
548442254
667409558
-151498961
642727364
-44153875
-173276418
616570516
297170605
-689824085
-600290090
496051832
744940472
-939435877
781393361
-770862794
454762856
569642197
682137961
366221198
501946343
-685969984
-330649586
-532482427
-123161961
595402890
194764631
-915809031
653603402
591677424
-55512612
446655320
655942859
951929661
943315269
-322130255
4758082
519943732
-388172102
-16985042
-986746438
619329446
-467575795
680756047
135118749
85703041
188469995
-134431833
-179884241
-580454050
592191250
-677099055
-223757436
682279327
178462193
27023863
468213292
23738708
-739650981
250692050
746222939
997805677
152160567
633121541
354025490
-340212403
127725045
-920278408
-536675400
188739805
520914084
-443058344
-549924724
261140001
-629495258
-86729032
-568647915
872335810
-429393144
-422107072
-217759734
707064759
325214063
-716631301
-950149754
-750159748
-618876989
131641495
695179025
-444626034
-362316887
826902181
-523157205
-978655497
980235390
-423567334
709346139
-613869475
263273713
-756269731
-26143723
491332440
79022788
-516501425
18696031
-939825623
-816241000
277579487
-249928466
-819142856
219969920
195188407
-995565930
-822378862
-757764569
319677980
-831791121
-638212627
796673078
341705187
-622491663
701058133
872024436
-509051054
360404486
467421676
611265989
-553518915
207838365
881637564
-247288547
941917849
-694405729
-433561332
194221955
207956555
-730975443
839793135
191822126
-299219295
237103920
585645945
25300994
-316986416
311808194
746384283
-742730098
756839000
686466
-352468873
277495943
555416693
-115891961
-747602120
794961929
-659162701
13735196
-415260585
-224781179
487646614
995535702
-730113531
790132641
-297605440
-265737304
-751525331
674114476
260453821
917834226
-926042139
585570868
350976630
-276942445
-528023991
970718340
40089528
-563607791
952021924
-818009419
976627192
107341738
409636791
-424004984
425898069
936002712
599307359
533921339
981947771
-409743854
-877164240
-460606507
-163609019
323524252
997701644
-826553882
-982468749
-484507789
163087427
361547093
-19634608
930883225
-303766593
57441063
-902266620
-147252296
-185994339
-396345511
915760564
-974792451
488318190
-124808174
372955083
710131035
-425845071
910779948
889643316
135610696
844223478
-788541502
-481618094
-526915064
-233566398
344563488
7879380
-845019031
524476553
-561928181
-665905207
55844987
800765501
-821301446
307663769
593859562
-976575708
710269955
-895418414
54435350
-497799180
12539865
511391093
-62319653
33669663
66838505
-774358701
353683756
-469697403
192596225
580218576
-888345345
-988108510
993995892
423067122
-228597438
-608311587
-416148139
768050916
-544887859
-230952411
-601937308
428003291
-307793411
36509052
-38076357
-196957226
-960906144
914592080
-335938869
367727853
-700966715
925253826
218688984
835056732
743366765
-597278730
456432399
-69610549
-141397416
-770629168
898167792
351125330
157833306
-558717600
916633129
363100408
997351294
225216482
-318375991
438722255
-520819777
232239921
513681502
674937544
-804363190
-413731145
727075813
686535180
585793943
510784229
-569543279
-766059333
82997728
-518508063
231883556
-767333492
707725816
-852295595
809222891
-273413510
571282916
-389990689
-265597802
-310592375
-669642294
606498711
-773693217
996859760
-831394147
-437216340
-85264511
363601022
-718856555
-620630453
847230657
352333395
944323570
-769976562
-257566785
-280179452
660851667
-833570837
-938938
-578100788
166358711
-795060403
600832559
720441700
475922706
-23673344
500778956
273844905
-410959176
-886455855
-835427189
-687787414
-383855133
-204203683
-652165178
34800984
-52899617
502725864
449262967
-958482652
-725151516
-70436526
156106303
719250986
54668088
-857397519
859231049
319456846
173001477
-751525331
-238607826
-96424069
-238725360
-836176337
-27228751
828077893
-972040433
84527601
-465970078
540035363
-349565712
577634920
448938417
29752847
-144664142
418658366
-186825248
345322799
201837857
554122514
-386989917
133782699
858425498
944510079
-5950421
-698123734
260453821
875746182
395836650
969291323
59068189
199048057
-877091354
709628217
-468774299
-607272825
181858656
598543012
616836049
-837568659
-527833445
372057442
-217441614
-542141815
787094878
952150945
699722423
-264538257
390786200
868724083
-204407136
932434723
751260158
-540723691
-134038177
-544761385
-433349500
551459786
-114004094
-400954445
-560344891
-953360484
-471235110
-767468646
-123985378
-825267946
209867534
49381613
-729339990
871480765
-955862143
-956905244
917207990
238671174
726995243
-180472399
618962737
286117270
-933148604
-628214056
-390820954
-116849801
-259212046
-646303229
-517765602
564405100
-956474768
166693488
338086285
213363681
-68989784
926508236
153645810
-665471884
110776142
905042878
-300357200
-65442486
-978036382
-647302092
536833040
-350957141
274134326
111051319
-475274929
100927253
158888929
555555914
-517116347
208671628
462384727
-768514841
-330251792
442482869
-893652343
82430396
-872268329
44055911
404122374
-761132094
-848855679
-827572579
-359600898
473024711
774774061
-281120115
-984810889
-785583869
27928129
554968021
534688516
461844562
649511844
288325398
-139278736
-768625062
26682859
-539229790
190725943
374991168
368925697
-813470578
313829535
-65442486
-722680168
-452975555
-453172597
-964261554
601076480
106831236
387134049
581062495
264103968
41968913
-685019656
236585638
481784177
-658616916
625224542
-433768435
638756373
533213358
638487879
644597546
988655201
843692819
-422469920
-646303229
894494277
-61570322
6215347
704486073
514427351
-790835710
-584655087
958106792
452127439
955701053
-434056485
-507913517
859231049
-42886542
-55859459
-185498532
-303612458
39380326
964942185
-466287753
66843694
-674050472
297969387
-36338292
-738196913
-169575799
39257145
-995749547
-460622754
405403729
-817693113
-864204331
27881929
603857402
-633640752
928448131
637408487
324216228
400527306
769048354
-403140837
15544898
499796667
-856769421
207387075
36987922
-978918182
915305698
741585094
334039911
677994234
-128573199
-298043573
902671952
95553435
-2094065
593691039
477797808
908205609
-668976993
-676023950
-993866955
-358558400
52932674
-891523149
688688756
-861676888
254637286
364913375
31986027
900650581
536751901
-297282874
986561542
544268917
-67660436
631647483
824157671
-266105514
834293295
-624496691
220519135
165064577
158888929
-833726959
-336910581
881329499
-688575700
-135910576
394358669
-401326127
255522666
-34624608
-990871710
821917217
-908448146
-573277580
440793069
258675066
67329520
275640340
147778826
-895461485
244823254
295837065
265158963
-643605885
-824103833
-698661613
107216258
828409505
878585874
487508397
-788742283
918926728
670722166
90510998
51977112
-455478225
38406335
323250503
619511126
717935970
447889507
757840514
-756625867
458854163
763636697
-882738706
22521448
219672588
556358850
-608761993
602221039
-427211675
-509366766
364312022
765960922
-910306870
778369623
335006745
248619306
-821490912
661472974
-939929391
-773909542
227457451
133209904
662829064
324537321
271159137
-845019031
-808288193
881329499
-547387525
305724493
990791945
793880991
-19745346
-704662651
-296507790
-231252419
-540531165
-592767672
643679757
285899414
435146878
-51283154
-144539026
760752671
18972189
-843410748
-291282214
233471126
954329747
475885874
-903520345
763985350
720902296
-741138141
281275951
233505947
806486160
-158633665
848791818
-560954279
22463899
107301062
328124338
993717116
770000967
120699211
-274079903
190382112
-844756609
53517054
114542867
-159397111
609808632
556682039
-822875866
-686842591
-680554647
-853812309
-977226753
-836898038
-542677400
965904547
41476465
968230389
-311347219
-460531565
297597641
520626267
-853812309
-732797295
-29207394
-568435583
928151231
-911648558
-338798886
-130802191
254718338
549531978
-741841468
55258340
-591044923
405031260
948252667
46008967
-196328655
-337335226
489257790
-403670625
-592738718
319851458
863556040
-507812573
-526735364
99499190
533213358
40859601
581089474
173662029
-146008213
-503776530
957058760
15260332
408905033
-584118337
-54650528
877480591
394125915
-588696611
198200686
380473133
330445879
639407694
399205405
-706322874
380308884
-580101966
130687129
244411355
-852757764
-24350991
-91637836
846017292
-809993563
-112321526
-706835357
-561497375
-75773598
96380131
-382285711
-848974086
-141029015
-697935034
-460531565
-348658234
563973106
-618605584
-396641336
447640950
-458565408
-439199555
177500567
-8026513
-725996069
936149266
641817850
-128396907
72897470
613513813
-546754033
-165789706
208557000
-268429328
-124507650
-155416440
683561984
130012440
-788915262
751607780
359624034
-661975117
994725232
-294522163
621992040
233226219
-660848141
-314584033
-720668442
-64013275
128596284
436177968
-713782102
854986358
-766524407
-893777982
-701326142
166662628
274519683
-648045591
228833664
-142571283
984927292
276237969
-496068971
-333041391
-907280863
332592127
-106164130
-379827463
328215397
272928304
477637332
978898254
483699744
-491299441
-185181757
905986587
-790635375
-176290958
-992374923
513659620
-606719911
728924799
304395306
-174754797
-804885611
-459071374
289834474
-989505878
495595792
70645344
462080896
671738865
989206316
490899700
454132847
285108386
-214561679
-967862246
-318648100
-201831092
-61570322
48544497
-243317250
-939682678
396155788
-691566818
-923036259
52994523
-832505649
641268803
-684951134
-278506564
684898259
-496128825
500548562
-617695049
-23673344
235898735
-851739205
-421806215
-185513703
-173169338
816626929
-175678666
-313326319
-226690205
-437753375
-492995103
384557484
956779526
351207824
702254842
-68872732
23412420
285425635
-698164633
138918643
220913688
62350787
-55859459
15172606
436207126
-10253123
-455821986
13250418
270434734
294318017
717133091
215815224
845067379
977677910
-570299133
-917434849
-892545679
82049662
287731238
69831828
-555419509
-905209444
-83007307
-493974272
-202321597
285182817
90849975
-960835180
-753621729
-208001802
534089234
-566559829
958431989
626475142
469712982
-177249108
-357208922
-129022492
738116144
-622341899
681652613
712005730
207668618
395935381
-113871989
929999886
-460185743
-575696623
15460366
-678670407
226164058
-47123204
164211327
260556536
-168719727
298345145
-152593997
454529005
-702387533
-508202601
-126862726
-807263977
-853638211
36382589
-947873559
12863319
-49634196
330135931
35193288
-793891715
109195131
496428600
74201115
401650245
169537667
148132463
6258869
654769693
-782067160
-353204509
635145730
369866480
-921457627
693195736
-909894128
356144810
-210143548
-306818259
-23021135
276047624
832480773
-252528826
-139951035
-998643339
71396396
-459404813
49060824
-351280936
613566702
205883980
751080150
-828483378
-758317882
-509929184
403305068
970747175
-590159366
-251491217
-586183782
-862186036
-880091461
312611945
249328208
-747814080
740218650
444742393
327029033
813649626
871690525
375794480
-94134805
304456769
422009440
-638712964
-153949560
71606426
-527174033
547187700
634654227
859833085
544808582
952603583
321238955
21164219
-446930653
834670478
258193767
-286575719
726237335
260761067
681156720
163274736
-113077193
-703082753
-832068596
716534432
-938938
325377989
-95926947
196090378
-335170622
-87375226
-786808771
345695156
-994184564
-649953458
837737854
-545074403
846017292
723729073
739125926
563369044
-205424311
-602123961
-626540844
-787777143
841576036
821459968
-730269441
-374185088
-248239611
419041198
-78219924
863217785
-70505164
-921378756
605104801
81518822
276237969
-859493178
-915809031
-998461248
218542500
472342327
147047252
-214070570
-729462666
7682555
-413457367
667032558
541025223
-882267229
-750564251
972603124
536013130
995535702
-341050636
-546547648
335518179
277495943
-29381165
329526367
829806661
-954541150
-796544801
234548973
715078521
-711826103
863486870
-567239131
711313869
-792858904
379960952
475300715
-754618067
644372952
228263633
711829594
-945122399
794780853
-231979355
345979845
-623691381
729955812
589613448
423018713
560012095
107731766
18198881
-97699612
-180286819
452570238
406498071
297792109
810077561
627196178
-877845398
-248195456
859548212
-773206120
-526840968
230506509
833793780
49732764
-511862675
720885587
430381409
-875690870
-416885259
-940629780
-489093735
-898292134
674841514
144520408
173106547
583054955
714002268
954635494
-583267932
-985346239
-843676122
-968842608
-578394212
888598179
-774206874
687984444
-923371380
-504192357
802331905
-679333556
372828409
-664202767
-410910700
23497625
434849443
628599566
-800485637
918206309
-107671078
-799159751
-382703642
473193381
630279958
-121492995
-880741430
-90128345
197997069
-56638206
-122986124
-16604068
-171803103
-958482652
980999089
-737932506
-160108213
-879982890
-607447623
-787777143
-554837348
-546091274
-623949939
548542906
-406381657
-558689973
627771940
-151998948
955424186
-868096113
-575926481
508262943
671680172
-469445291
758934989
27501136
-225180572
11474324
-825732345
-489348742
-852434917
-466287753
134908337
434669971
-761922518
128848684
-11202611
-730975443
-697595363
321963270
-586997959
-751597246
751807403
97966111
743011757
328964622
-411291028
-721429831
-512605445
-793981444
-357947415
-564416178
629171965
-193923311
-219010988
-932267032
278438041
148463428
-93691160
93589343
-660629610
-605804535
896783312
-48697478
774491754
104946445
823667479
-634793496
870162681
761847032
-593669986
-116426197
-813638913
259476068
-385575749
172511444
-344082702
928390887
-607272825
831244967
-803273951
-416010708
-102440707
426482082
455559913
-584797845
136293889
-927126504
620661783
-944681990
925253826
-357495530
447389188
359393963
360602965
407178042
-680125921
976849411
520397626
334774781
365051830
-581169376
-319408900
209977649
-172421217
651721401
-459957872
-387157425
-95543634
-912674509
742349557
953157615
231739332
-460117513
-84614586
92308094
-822531140
-55797208
19642586
939889349
-681494109
868724083
224296475
84342023
788433653
157591877
602693578
-326923970
-419560336
-64309648
369239840
643016811
-847909807
-363025725
681569174
882454015
-609279447
-918601427
-527490903
497415071
523074447
-557634153
-1525446
-744390201
-724815591
-41678021
731621262
274627565
-680466041
957031565
22363728
445646718
537838121
443483250
-270531353
-692838389
898079764
581388389
-940986744
788903516
44400777
199111723
-27228751
-142885445
-481076290
-814697507
77233896
483073315
-132373177
372347558
499261092
-22225463
-182884059
-86357711
-184179742
150442391
-142310688
-289518930
870244254
-284674680
139028628
-907340804
752468248
654845929
-88124135
-642319425
-230588774
-105232795
-385575749
933437049
-168444714
852276391
-445709401
997928946
635610846
968071915
-670969537
258326060
-179920701
-398904711
-937313409
88866359
-527348724
680557803
-615424750
751715215
743221961
73580447
416694805
402643308
-500292492
-266850156
-820679820
-517418261
-59370558
351383710
345667374
-2368855
994322518
135454092
-181093404
-834864765
-748718780
983564295
103639661
726008000
-796432506
-84366212
383519964
-532283894
734660359
420566145
-845019031
602102314
-709020733
647699526
-760650480
-463694460
-366551063
842206539
161373766
-13648503
-179113281
-511437932
-976913791
-509929184
316673271
3563578
662573274
-126862726
-759810090
-610702507
687984444
-903637338
-183128466
141012517
-958313138
120203320
-469445291
97673288
571519757
383036608
501234319
-116310255
-993580256
-903082911
206752587
-337665040
-862847651
539419360
206884290
-336369087
456035919
795969688
150218255
918535387
457947717
-728291124
489234742
576473175
-460960193
-323702958
-804549571
907628147
-98787128
857191475
499443936
-221729344
-130632431
685373305
-621122482
679500630
-256483766
778369623
250692050
-109279196
187958186
-95829811
225730940
481561281
701894668
450941056
980605805
-465178607
120469131
-455821986
-300859503
-131203340
37636555
-736953925
931751338
236906052
85430449
-48336982
-787403770
875417856
-211208669
539512807
707725816
-997226532
820364187
-288332936
918206309
184765363
-731623114
60369111
406199760
-6580610
-641143896
284861529
349029916
364856703
925081261
-213642181
-871613835
505656947
-203170662
298454763
-321375851
-361661909
-227920362
-891200090
674503325
-604474343
302190445
525415596
893060835
528243749
865728648
741841630
-248239611
808728244
-963163161
614957145
-139450832
361114248
401825764
631129591
971361763
-845372698
465535296
-823695943
719128810
-498183500
20616772
-362002097
195279781
-574258838
574192072
-591676883
844991412
507655884
49845006
-537164415
66724098
-463223286
-634449803
136792975
814798467
-480401508
584303915
261798220
-967600489
642141216
-218829774
298065452
41336856
-798225278
779929125
-948416412
100083201
474851293
-207577663
976312597
-346468065
-393526286
-490789022
357238157
-759230064
422405793
-780413300
-352613965
-459323882
-499410167
893211857
-133176421
830676126
-452226711
352550640
-562256620
266411427
-349132032
-778506069
-944012129
-328220902
-68614784
-80026326
-90128345
-225730666
-109604270
961133621
-956250830
694586951
658824380
125137379
-507913517
-853125887
924856687
176716868
-812350808
597654457
-154307286
10507683
192870695
112480572
802331905
-306159588
-884490314
580047618
-386502144
-274699481
-739163907
-206388340
-519732548
872335810
108964208
287118247
505552019
999746689
-853284048
-867195853
-359679411
-904470706
-796958260
-977493746
970834756
860406255
957265075
818286899
-164585793
605049168
284542435
-748348768
-563077587
-965399899
953463824
-827572579
73518684
-791385107
839565481
-255994099
-501227557
336076450
-114087331
57358695
-762661020
-548259308
584303915
631324438
806234637
-92772556
-285619336
-171229144
720665212
599176092
545847270
-36410560
584687888
413270557
664025703
674582541
-357479986
-894047376
127680706
932542258
-303766593
-225038354
-465970078
-594031009
719342729
482583957
161109312
485156197
819769574
-818966591
-28754400
828385104
-433648378
-110784
779163812
744498983
-242827326
217930888
-525251163
93874730
285771992
-832533975
913164395
125137379
-508609404
87991489
496341975
-41365206
-527758362
-11234039
391684729
-894422569
182784614
598543012
264103968
385084910
967247317
562037025
983897599
4444783
-912783943
-42886542
-390981712
896437980
526684263
338955425
-634962286
729232319
-353091724
739309693
374755043
-527270622
492236327
-365745270
842595435
-926640619
-112261005
-304936096
627196178
881752761
-891909360
-986151200
-109032748
379911810
174337441
213996665
-39769576
-976786200
522995525
-91858086
-628630151
-93778443
-58039042
271849250
-281013755
-388489004
894668952
931921725
-181366295
-320452188
571317712
112543377
-472601420
-340468772
875746182
-426762057
961338219
384359838
-120436797
857538559
-905399944
-454569762
406383744
-988625305
-746213711
834690269
-17934500
1697418
611386902
-548063333
222386134
465886700
-164432344
-342989677
895777391
45799892
-773909542
768095071
539778825
-38511904
-705108733
-44263793
111490245
-288492479
-665567631
-552777032
731247396
931397725
-670219831
2874713
-111578816
557059598
135237445
26979954
120502738
-596593822
859141189
71529834
-975158838
227953702
163130822
-571850724
528776853
835291859
971481466
-997555156
-520519776
-197049525
-317543531
-124808174
396768173
522191226
657120239
-552782085
467493219
-910306870
-374999220
-686217426
-22225463
-715961422
844482135
-143882043
624234537
-981977968
-146743686
633633591
12758765
840908927
407259243
-164550956
105020243
659698179
811492965
-819556592
85985902
192204034
-968768850
884516045
-866277170
-20489502
920734629
814032797
-433729797
431020254
90059366
981855558
132448812
-211447647
126130393
579649414
-181623245
-955295110
107341738
481229454
500548562
481970925
962142071
24675051
-320344779
500670741
-299330014
-175558284
-404992840
337391014
-531021433
229954718
683733937
-273550135
692268248
-28931939
-287606118
-644009680
660748351
-151866614
-103218245
961025950
187789647
-563448775
-357759243
785495339
-862186036
-591175170
-569322827
907818771
327681401
393250225
68122988
-501701070
689989889
236329483
834293295
-252130414
121775751
-644829840
970440678
-872410251
905571937
-155458658
-828262695
369568927
852873172
-538305947
-809399532
72211388
289197805
589788393
436004859
-353654935
-697586517
-41847173
-348622520
-20410629
239144839
-743078719
688025345
965343805
-318692712
-58149368
986913945
613513813
784117683
-340738412
-248534721
880741636
-699226656
-144061367
827978234
783704779
-785603746
894177731
107348728
-517765602
-991635841
220961270
565208718
964697910
690565427
-60575468
-797292534
-617459641
-811244426
807004406
910927790
271768758
-371198653
-107301773
-683661860
-763049277
10507683
-359195046
-104807551
-716016155
794215626
-537164415
-790695280
-339803592
95277417
-12144227
-854677664
-617925051
-286444272
245211557
548329394
-673037587
360541722
-664352086
461654812
305616774
-192826942
82059478
673901779
-537164415
-82771610
-168844343
417563089
-578499410
-161435094
-256906605
-486002340
-986025882
-235887961
-454385372
-169642632
-477165206
-457609364
-870090830
746994800
769918597
-384628575
-485783617
896425394
353776751
628832684
488188105
-958087282
951374356
353490226
430228334
757840514
-268849331
190126753
729120298
551030349
213656094
331089801
804698566
-855244019
94029154
-732541482
990314960
516300719
-761595200
629492719
441492912
-572878903
-9645190
-898391872
-424124732
-739787054
-627111441
-400679643
-440328760
-586183782
30021843
-662952083
273605759
-774812593
-785035034
995617601
443848302
-835150683
831037587
851978448
-112609309
52486553
-796943309
-881534564
702020367
-521063441
-714514925
60828919
-632486305
416694805
46379486
-960777092
296086243
131311550
-237212254
-331421453
806372245
-661742966
-81011796
-432802296
433124515
-403899931
456287532
458041993
163602930
-519089404
316321434
-94300945
879689983
492033480
391930888
168755657
-761278890
826838092
-459404813
883959273
-613958195
-472528563
958500578
-6771510
638756373
-453467306
991013822
738355551
-275357753
-235949754
37760749
-11991060
-823955758
883009839
-340846502
-428899978
983538190
710898662
-275688559
862498421
245900331
-171914798
-103973269
-290611206
182444788
657701284
250081490
576927527
-134905025
-678295201
-790883513
578990087
126561562
786729341
697195674
-372693604
617546335
-759475166
253012953
-444454316
637757036
-813470578
-529038298
-243897284
-57750015
921585074
278008114
863133618
-418461323
750329707
-693792945
972773
-668518769
-42725786
58160928
280980361
-63487277
-745309449
53071638
-41347160
761847032
453975027
-650664450
-564122093
79968810
-667684322
-596658573
-682290367
415124109
-518765870
-313810573
868997193
-798568528
-952996333
97889695
-370279884
-418564426
135454092
609545794
786661178
-74433941
-176747484
-351124547
-137030078
-292683699
812240912
-491546549
918875032
703332276
-136091925
772995852
-381292475
-758948418
114288467
828839707
-783624272
-454783663
-268208057
871480765
109008916
133782699
785852817
936467093
-295517549
-539477772
-809238696
-810576051
-656226505
464337761
318987830
379185692
596477500
-495795792
-862946775
749273610
-560009386
-942225684
-736335602
941672613
457245138
766763016
928390887
921938830
921336269
749959397
220738191
760590500
912606676
-504161965
894668952
-585580331
914120566
-977886894
970976182
-5249504
-46014409
289499562
448161805
-706671734
-165789706
-544073830
-581655774
673442812
-121034735
-714001570
349255089
915211057
404393565
978797801
623235137
-476147666
277290025
-151995162
675144639
563939763
-89613646
277427675
519220368
994322518
-249928466
-533097761
-274469998
884781198
919268278
679725489
-668085338
33819769
43790546
190050513
740106688
971853529
582497137
149333093
835902716
-999734414
-216804445
242361741
-275090276
447093995
-620793150
-261721780
-661477920
-582171460
-101358774
-308747723
-913807566
769127547
755876448
540784669
-922048291
-977586978
-68415142
-265737304
713449994
-202222594
126629013
929191413
-658628557
-645539301
-119192667
-29267266
339915771
720244723
498562820
781421617
656092652
-183350561
-209549479
-727963058
290331840
918074061
892561787
722849814
640025933
422380837
806602093
840877684
65823223
635723874
611868619
659425368
253238238
705951532
930898147
86179056
1569150
813853534
-624188795
-240410423
-122647568
354681776
-762456861
-330242766
-772366177
474125047
-357759243
967020840
115865200
-499479711
593691039
-869921515
524845264
616570516
896677915
398083472
-909937846
769465850
473024711
989755963
966933089
411143071
-260574771
-64190808
255061943
-392105691
801098678
-211792622
-855915525
-181686444
224829131
853807145
42467902
-617004644
622542531
-790275856
-274650412
621992040
-710063342
548074242
174337441
-348241558
4693939
-190684509
478534191
999218525
606217638
234184753
-989766425
-217279662
-708804234
-100082212
886736508
122348191
-226227197
-935910281
618181158
-957034866
688688756
597467600
-80643117
505147161
145268042
-562162023
-504977118
-932921952
967772526
906079460
-54264857
-329419329
717610443
-211887296
-581276811
290172352
123228362
-298571353
-390405368
950274559
202146249
-851776563
-663578471
88780473
-665795973
478539704
-742912808
789434353
-900178311
451881261
-83640192
751926143
-102700338
-621196064
443215704
952551370
841576036
-803028896
-587556126
381353448
898200545
-819556592
765613237
-253980049
420129553
-392113743
-779685397
-562638939
-628087358
-240294358
607683818
-59528431
-608263585
56410834
-319378488
-996309879
-373267930
-129124017
73392946
-999048983
-801856901
-416814874
-412399725
-573904338
805514687
-192779808
564405100
-974967899
-140546414
-605087770
396480149
-639679245
-480286466
-39694187
-523947839
-978988599
507258209
821389686
-327582837
716960833
-226786885
-601321769
-338175576
-735395740
234048567
461654812
66926180
-321947862
-311274607
348086029
-284237538
-447884665
-84366212
-184880557
-293826034
-108446776
579930626
269925619
-385575749
852762444
391644472
883180448
811939056
632822560
-378373769
-217085624
-444850006
734327852
593691039
-70186715
-705223764
-197035724
-545593277
758266946
934400482
180868758
-29778887
-352408512
-43774250
-49970330
-534216362
426185870
860299587
814032797
-10328136
-983187017
-482808281
31275158
126556915
-968842608
-614513063
83690193
-12144227
-919957676
69849417
-403390592
-759424674
834470034
-210333221
-119778323
195536715
-978655497
-619764910
-825512989
6100516
-948601661
-345004831
-4000016
-23811507
-948416412
-991722706
-351124547
13250418
428662610
-522345013
-425470959
-732541482
-492768791
-879474640
-846411635
819230897
-800557054
924250176
852657203
805385743
-29267266
523545196
-222177077
566557394
-479863458
712340845
-269230747
-387940382
-991120765
-892894554
238022060
485828788
-960614876
-126516676
299623512
481892272
837427082
-511769681
806158707
69232174
-43154130
-474288412
292428243
-279087956
-960164638
-851722775
852938860
207241355
875967370
372319568
-621988959
930049700
-573338970
440876873
22642198
-65810790
299254580
-839787931
-588401825
-208917451
294701436
31097339
-483405881
-766664432
685816555
92308094
-772235557
770893980
263592050
123819883
-159181549
658685906
837942209
433471964
259181762
-11662272
203061267
-956777133
-141489994
-422931356
808470651
-642447647
905288593
-665981740
60466971
-397094033
-747814080
857304560
410253963
-428715877
300899462
-783427275
-715914452
-577870930
-404588406
-640443353
907628147
-499002511
882698258
531434085
572192023
-546960971
856787757
-419382560
-358558400
-94134805
-227920362
-602923401
575562075
-459267253
27023863
517621618
531890417
-719236002
-574824397
840027482
-477093918
878628815
-920199931
256003858
587459149
466569711
526047161
-511198013
-115849221
-868952352
613765305
-234840927
929191413
993845092
-477318036
992625769
-907811711
-640353084
997205089
-828262695
-746256037
-470631298
-659506772
450419187
110466129
-523157205
177006501
68483332
-890678458
588558415
-31580070
-231232896
877480591
-181595505
162478476
650879302
-858784820
-967571363
491396870
522191226
15608687
-53672512
-246353883
280126161
-234072292
-968825528
-742239339
-850021756
-335938869
-848131783
-548463989
800073222
742970156
-952282231
-657286959
981855558
426434523
-712255100
-345678159
502904830
980189113
-375554127
-85321263
502725864
-869428359
918742213
810972132
801588432
640192276
479575005
670694979
23766144
677956108
714935174
5092660
829487730
-719458648
706894202
900860279
-704849153
25761148
253579545
334927973
-109381144
725566770
305724493
882303557
770336965
-529670389
784581856
-208396652
382153483
-878818620
50799447
505147161
-789905702
891649325
-242403435
-684536532
-307318279
295315610
-601361912
-705108733
978205693
385552180
375091266
-296027465
-737217905
416033328
-698247039
-707235580
-618223287
936540560
187196578
-820029303
269852145
-679144027
-914483419
547539165
188227355
-917722222
-271810763
-124146207
724235113
-729515518
359972060
-636706566
273906724
265943344
-631760013
-7942346
366475004
288213629
-47287173
-550682413
-592535397
-349878189
-572287434
-18854983
33378397
-81700494
-117389895
372828409
-375516161
540035363
413270557
566557394
964124258
-538639692
-442571642
922914743
240688433
722200398
-990435652
574276306
57358695
761674093
613765305
774491754
-86498706
-7772772
-886869925
423814937
-725158350
-148113571
558393964
903582229
845966116
970508533
-398294373
-221851521
-755114565
-715551368
626242699
-944923888
168399899
123459985
748854537
576991384
-43154130
992859246
228299647
153020797
-114557136
171479304
-713493696
485624591
-316986416
-168844343
-642948946
-494237282
376569547
780778626
308779148
-906460653
-243239415
-575837241
-427294
364473800
-645732084
812270650
901628482
-491364448
-510422275
-422469920
-326379664
-249743798
198335720
621014934
242282458
574635396
-715527694
-934400287
469522408
173171971
385220974
-419224391
-658039585
-892327182
833865259
-418406853
831516486
581675063
-923213247
-583611866
756839000
330180063
125137379
-44254005
-68778986
-79641765
-798795069
-468740691
82529171
619190977
614608137
-705497014
298454763
662570459
547317805
-924653257
598543012
-368827498
-210794589
-977834202
430228334
468410178
-48146702
-659135437
727946627
739427720
-228776762
-37891389
-323173006
253657082
775159640
-71275907
798551556
527333200
-938424437
266592317
-701123459
-976820854
-282086103
849214254
-186026242
-573293748
-648253223
-124301102
-360627866
-591635966
-510422275
-801496072
312062797
610136927
-775062066
-204759990
694319557
-842342809
916744916
-257327431
754767830
-457276191
-418527899
-753762289
125183425
818416789
-647088634
933480524
78456392
-822531140
-826845222
7879380
-603101900
442784686
-105372855
279857008
818089956
98903278
-960614876
-50724320
-536844391
-175856035
-207854661
-939929391
732874431
-412925521
-502610053
-827632993
161474455
284542435
-673037587
-596087159
993845092
-744628804
409115672
470907540
518640885
313891752
684510506
929919168
-777435944
-702141326
816142178
-885142791
232826455
-725038516
262894275
60828919
226923710
-853125887
212563865
-998892824
-662765893
269852145
-65077812
-812484203
508729855
-250026140
46466675
777930823
138918643
406218191
412435272
-746668070
-834864765
-856090424
-7213985
69574538
-840805301
666548398
350278365
501034571
-349450520
94368478
-301896116
215354850
-269604367
-43774250
-108660370
485844946
602990257
-802701376
461270695
-759810090
882290984
640100393
153793513
-682995155
696538066
-683678101
-138244327
-138057447
-561434315
732263399
-952282231
-770279918
-53161618
-989669531
794325853
154617027
-890048607
-499473656
-513335189
669838886
909104402
-584118337
688337502
-199560554
-240065333
231012774
-693926363
-214649877
-311046573
-239542232
925414087
-58529021
-569444665
675525299
19970720
412305732
-529637219
345887493
-756365689
-235285609
785128322
-955485423
574324219
-814501519
156316086
-607642972
-391284251
-440782007
-932267032
691708112
-873146633
872811926
857125715
-80091955
180283212
-582171460
-968302816
303849049
-816465623
892035367
458637442
2548117
30021843
-527008200
-942518805
367727853
-628630151
689844465
-636706566
349618227
-86948229
790318550
269852145
-934914918
-833997439
679284657
-154448878
947275450
354670558
110524015
805777941
-34325103
370792885
694424193
81406157
344760709
8003980
-308432381
-799411099
248367047
-795049777
-352456253
266037525
922599066
-817558830
-745741955
-970497364
885931727
-890317238
-545100398
-553562766
-428305240
151782367
-430768850
14041225
-210844837
311056525
-648938898
614397920
421490806
-979547042
-143382299
-421021801
700715156
922968602
-789656114
-986591850
412480469
636619538
-796943309
-571328641
541842565
34554552
955172432
950985593
-290235534
187143512
122095736
320209729
-749723813
-485783617
-538103590
-648045591
626950368
-825861165
155616151
-966840926
63812151
-2094065
-886897054
529125091
-728707061
-480538818
521935741
88041142
-365745270
-917120654
820532997
-490266010
868997193
233096849
-205101218
920734629
-383677358
-648253223
489818535
664624832
835631391
724988108
-268728401
255719338
225027989
880056949
-980385552
794325853
-569576504
-601165310
75375778
-467369740
-218206841
-585105484
-740534743
-339424999
780380688
682349781
-593601871
213490098
-144762727
513319221
396307590
159941831
-16745060
271721350
-623208525
-148986473
-973572545
-254908100
768050916
294482321
866382114
775318886
-737494867
-820029303
-710452965
985775104
-106677829
478345054
-847072793
-331909033
39845340
940172201
-906927996
251503540
839570572
321309243
-958734751
-15833342
-614821003
995479199
-658914430
206184223
-554259487
210778068
-997979872
-9212287
-575581481
967750095
-52371376
-667380972
221114753
-428631917
301970990
-96318831
-559777763
-312862751
-470631298
346684579
-968302816
285771992
90664217
-571595252
-365787807
-287523624
941385048
131040451
-146008213
989501637
292471080
-293473559
805777941
856466047
346684579
-79480366
-452647564
-297086674
440876873
396480149
903047785
875478492
861828376
-396571140
-412399725
-65810790
-157103011
610725061
620958033
344848803
-377594255
-276417596
-851445244
-245232746
-2975830
34831825
69165406
25942909
-825410587
520845276
-221613099
618661683
-734010666
-901536411
693195736
-554708378
-864619070
207192660
725331348
-751216334
-535986175
295217757
-748191133
168639020
-176355625
-608099390
968596324
528776853
-403059901
-568923304
-85733390
-824161766
426817832
-441846527
44016046
-221269287
811939056
-619834396
-574783330
930131053
-829634610
-633305841
764778417
-210932338
556851289
-770862794
470194862
-22012761
-397424660
13505127
411919818
991443372
175934104
-916413234
-704962441
-479267043
300262326
-294021559
489633413
-925530556
-526037807
-992086648
-595989259
-71219130
51648270
313848955
96618481
389066967
-436020587
-71123536
-559430799
31275158
691531570
-690140476
970610306
825229894
598949606
403610836
-639028709
-517894469
856847858
797757127
-88962135
945966750
516692362
-25673078
-949746914
-190849930
982737226
560938467
-156696332
-236607323
658341282
910192161
323954854
-15714761
93104164
-314584033
768933444
-753224898
-348537970
-885954729
-185994339
655641314
938982784
-590159366
534089234
-743988298
767417813
135006825
-703763750
74184886
377700510
225767474
890677364
689304331
82255196
336416643
-962855171
-222453957
589237284
-70938392
-181451052
-198843067
-18457213
6843340
137461584
-795893687
330976969
76898582
-428715877
343521542
332047224
-506354511
626464496
-101709550
881329499
350618073
31519119
-984514552
900140855
-747622192
729637037
-390830944
-51172335
-825948732
-127090331
833099844
270566078
-904470706
-714514925
361799138
-46102408
853659372
-240674353
-626441279
-48017753
-104238730
74698074
-388186962
-366931918
-243600805
-360627866
-911126012
-248048843
798971953
-714285453
-427569185
323851315
457293549
104381948
132072894
-632748531
-35012964
-443872629
195473884
-744156813
-962428751
-200231001
673978858
268274512
-352099984
-802303949
-111180413
-692166914
195713521
681296635
98708577
816839977
-542458026
-666267773
972773
122527186
-335239292
639130722
-915020566
821739100
-797531787
501296723
684591445
784374927
292688797
101329481
-984565941
727792854
441013505
-13570978
818416789
97158375
-183989924
239075259
-171712576
205754909
20616772
-323769795
738656989
396958368
-186153799
-457362087
418557905
631760832
2257255
536925676
411841673
886315742
-864427117
-514629662
488970038
689966084
172386471
554445256
-53875929
-442278993
-825827257
-945139059
8516445
788710420
-733646315
761934199
-925166396
302118059
-617060114
-310975350
368342931
33241370
505177901
-296922625
-699527585
398414381
821414991
-689635792
-15151480
-448565714
835184266
753511985
-742025715
330776526
-113815511
-605182400
-808437436
880421558
403921795
-770862794
-564805231
-441538869
-743780037
308677871
355487685
851282548
177006501
956181914
-891366391
-676784016
44632006
26425639
831195401
557463
-592249409
163433373
154642852
-484691347
-608518490
-643968288
892746186
-40191289
-658234528
964431525
-937212861
-361464541
10303876
-778506069
245112099
675453129
-467718668
801832319
215742218
-93691160
934470116
-998643339
-105178983
-641378719
-971559879
-594429518
-154616175
215568653
-70284043
-682105341
-810414706
-433117517
235198033
676115238
-416438984
126225022
-879982890
985845977
-893107893
642247094
343456383
578715512
854498954
441823444
182057732
-187600867
-82109669
-73014351
637276447
519864996
-691427650
688364167
563914905
-555516099
-228468741
-525044504
-721671764
341705187
-679892181
219897647
-621229122
483415699
450326416
584554926
862842148
861956849
674765346
-399974508
761273019
796269276
371532789
1104649
217578950
-526436293
-12344481
750850774
-332246271
-919174737
-319091479
574027067
-567873599
601908842
586881989
175901083
-654743182
552421897
333516490
628352245
-903826683
16800029
-60670816
558122157
448850094
-7166101
94029154
863037382
-939582897
36869737
931075350
350752468
537133247
-822945577
792744415
184965002
933075367
519864996
-551220207
-259212046
-850496499
62063368
-607799098
827087164
-33588938
-707426771
681036246
568779078
590549091
912469009
423859240
-163390385
-867455322
693696521
-573066481
783704779
149564422
506352298
-71572995
-105849287
-280283337
-771597451
429777683
-562296769
-363713604
567532365
351900484
-869625477
-719458648
-54009605
408299757
-354852506
-130735539
-939929391
859833085
-327771177
-725038516
-514732116
-204066661
465846977
266205566
69802792
-763153546
496224545
507815194
136469533
-743420284
-780768993
-38893706
-869812751
-352809803
483421453
625482849
905288593
309615834
-726390125
-535190349
697533921
-536963878
-270562568
-216005533
-30406318
-330273882
303849049
-710136411
-44628972
461962676
864333005
-926318670
974205048
574245629
390863879
410154696
-981149279
-605700487
-636294326
809985794
-604669894
176213532
-392113743
146015956
-217727633
191517168
273129698
857596516
-299002332
188514284
-316856275
129752437
-635705248
739309693
-468289248
-418564426
-604832724
942356663
-631115214
-371549285
-974299954
-668454043
-612008570
-744342694
-842064001
37968210
322768208
824431749
-885257430
246557037
461844562
-703302403
-681076557
424031532
-201617148
50255610
-826328985
-152956384
-156907828
617060863
51913392
241370651
132846007
-303488220
935821129
656031344
-906149494
-598485802
658517580
790337804
905288593
322790141
81733925
-187809619
-813765716
444712085
686535180
-757534149
-396995772
-12548688
514179040
600832559
43790546
599923414
-137485430
103917160
-995565930
936881427
-71219130
-646776812
-363628106
561267105
301629454
277427675
106718925
595937736
28868723
679962265
301720091
461917977
-174191126
-470283247
-494299889
110832049
253494841
449984022
291726985
956706596
-779137579
20762056
-296251777
-806902413
-962855171
902168906
307859746
-992773607
-43563257
-650849773
196531543
-239988516
-795325908
791192591
755982397
-224601032
-182442580
-641581138
-699226656
-99939111
-255199448
-28631232
-765463747
-814884213
-915712135
263427999
-878345930
823521787
-466095372
-618876989
616174303
41182216
634654227
-449533702
812186923
989429123
473266925
723855797
-392041702
-378158830
-532283894
524957286
-127366607
-269835098
-94942183
-797750258
-109523630
359843888
-783744696
-990346015
-814847227
819304122
736751124
205883980
-397787513
46124961
541409825
-586767149
-833570837
642375843
198133312
-582860340
423760300
758474359
-432194705
289170587
969770585
-900510571
511652295
449453300
-798568528
153229959
-908101971
-861451305
-877765962
106570250
-395332529
78709091
565863836
949891460
-13369032
902232729
702373850
125159234
-258559260
655836836
-6464392
-527071026
937782461
386869399
727256936
724712036
587374877
82154897
-732069617
-813765716
861456337
716296069
-876754965
592312588
-550857875
186091288
-590159366
582285972
-158939148
87285630
787571071
-768625062
256260032
-310073519
-705853337
-288086905
930979431
-794684371
-164331746
-312622962
-588850775
807772678
308677871
115317665
-970611757
385030580
895504959
-2591990
-732390302
-427765293
5344989
-741281193
501296723
-485648865
-253861752
644995100
427879202
-192306605
-552348031
983511295
469316478
-951472304
-202797679
52239500
569387943
-613869475
-123161961
-627545375
-275261282
778626596
-834948872
196164718
585624975
-4892280
167935412
-269835098
376901246
615886732
-2531073
102160532
264694386
392377477
-993437360
-388698413
-267071618
455559913
8699655
629482329
242282458
37259107
-435102803
316139795
776958235
-264067323
-623854411
-626894377
280207210
758720353
-324717778
862213836
-140485638
967962741
-817883716
868542133
314154847
819445584
-407435168
455188900
888209647
685588429
425063685
-96862123
-599485535
-409674030
779676719
-521975091
-892363641
48573533
-199061102
-466287753
968629695
973543087
271929524
191071398
-435300890
-979855630
-624363622
-179519808
-550111131
-503596992
443152330
-381321485
-233959102
679323437
382892745
-600290090
-68125006
-522873106
57999573
883337785
146432261
-912722378
550983005
-810273583
559863438
-257327431
736904063
1261640
-207123619
-30276968
735560113
-854748942
320509835
-704950701
66351986
-995077204
455921804
-240976852
721358483
320388726
783308614
-896929271
-252291906
38406335
113119444
544537664
670581423
44584824
-735865570
905986587
-640493885
290391270
-280980895
965427938
-552254940
-2138493
-517039292
-447478077
873224233
243007335
-530574396
526684263
-215238349
-380745358
874845418
760752671
-421014986
366676730
-910683927
-909894128
449453300
-553974085
39257145
-917222321
-533687400
209977649
461270695
663093326
725496912
-794343490
-35240604
-216444510
708093091
605658362
-661742966
497305387
187824093
-289907625
-628740307
-345114710
-867606323
-94018895
-808256596
713449994
787901667
853420298
-418676990
238976717
478474194
746708487
-243501154
627080720
859029453
736116056
-373450565
-178329897
-700966715
-468774299
-234042291
-655171595
624440656
-186104082
57136062
-320452188
-855982491
207192660
861301130
764699832
-97535766
632939910
585570868
270109024
941552536
676918339
-205159322
550692131
-230588774
-130526223
-400954445
-1400501
701894668
975395116
201877060
-115891961
-148170869
-629672483
413736585
-800485637
-85157411
-632237689
-535986175
513563444
517493287
578132271
482971260
559363217
807132692
349489187
702158952
-999544297
463300693
841638755
-867606323
950581676
561608674
665082258
-23862970
700519538
60881783
749091898
403327092
-689282684
992789467
558894660
458431588
80690481
-399185473
-718744788
650573457
-693649366
604380785
-494891713
-978036382
-181553576
-762309689
746190727
313504030
748818651
536013130
-997979872
-232741065
-90051202
838116896
380085750
323799686
-74421666
-485111072
324809006
-562780546
-694491365
152398544
-372653818
-527938557
619721018
-74587737
724322730
-319864190
160093854
-927192212
-808493745
644535900
879604838
580441362
-398518936
37512715
-162837091
-276303291
339539335
-736621614
124866610
-871613835
-417344446
-676451569
991088597
111148280
400975352
420213208
-117755409
-473747260
-946775034
-118885157
108964208
-437611229
718757937
238564882
174713944
-429393144
908898107
231476709
-349515920
-316451268
874895253
-849080495
767621518
33538229
-354713813
-882346432
-593052835
76010232
394647365
604570251
-337620854
891943734
-94134805
-305397122
-597353765
-841811692
-646724735
-460902463
-474782827
-779323405
-919730947
-99878821
136737755
14249911
610821033
-525542523
999819033
-276303291
704968618
-131956961
151594749
-931746871
203601971
873409406
507859710
-951916481
-587644591
409072860
-786012584
63796811
816743068
-760001507
140637106
-827420854
-320261583
979463716
515200809
875922179
243392296
-806407824
-843167360
340751277
-977128898
-827842528
-733391735
506282140
346470242
443175859
534047214
-31699800
570822790
139287103
567230017
415684596
-775598176
-133549554
-295281205
523977171
698679782
276237969
-571850724
-501377355
538973742
349735175
-368300484
119318115
-877035674
-254908100
285204602
398277530
-921589542
-809835605
517121922
-837910585
101986386
-801964523
-116724930
-853570498
-383764154
-24459578
-305317745
-445937536
925058866
732185021
-691669208
-597080556
-376966116
-75349570
454278158
424620400
-324917591
865847556
-313081166
949158201
-72534739
970874954
702020367
916223762
-65194064
-65680987
889161409
-792598078
994872327
516634217
-80750994
-182573765
688202195
-311963443
-95630920
-620163406
778832064
-610432381
-17934500
722664256
505826767
-583305796
71231504
-924312168
-107476345
463974954
-752536748
-170826572
867989069
-803917257
-460749510
769313853
936149266
319982474
699225450
23542723
998211737
486582961
-961107310
-815295341
787526134
-687432434
582226311
814494370
-243573542
935767631
582759914
-192962817
-886712500
-112481513
515269453
556750275
425004897
-933492158
822596371
382764634
62937184
-228308633
-776642291
-394335536
878063546
-735627013
422944590
384359838
928185293
939948317
174591970
-822789123
-311097023
15460366
104055425
368374576
850714813
497776662
402928070
309252900
-460945966
-800990209
-430783073
-846616763
734734148
376901246
652036599
105916072
-292860016
927704348
-549737374
826229210
-972162701
910417242
368991487
-841503847
-693015204
-2368855
585383501
-31936067
-832068596
657949203
-851445244
-282912722
782462878
-971372644
834121756
-573527224
115865200
-800787799
166051742
-283166677
-295228002
-737089098
-163024051
827179768
557059598
-528976391
129323478
-403823315
-823554752
-474836280
10127106
-895910580
-184461016
431020254
193194315
-118885157
-407435168
542670752
-464277315
-51172335
-761421325
740493950
117249343
-557347756
-521653705
-553629693
-506787304
-579533838
744498983
-623949939
-416148139
-85733390
-558021669
684436250
18736366
591482469
-480484826
-741823566
476972903
-501602265
83197140
-77696483
-231252419
230113390
116657502
637757036
937160266
-309047752
928448131
218542500
-593566403
-746668070
358009090
-379962232
-127366607
767968202
524476553
-480115558
56828649
207976831
299254580
482417645
-696287905
310198992
859702638
646504999
768933444
117341999
-188162467
-694794024
-798810409
-681398653
325214063
58669526
-649953458
-709532958
403582810
905495838
889609213
548903381
399629834
-27446176
-62419987
-353597468
-406970117
-639304202
-85792703
778759618
-607101522
404408514
588745556
773317586
944942248
660189116
-348191307
657701284
-369078868
184965002
-564122093
684089638
-959223200
-620070698
374394147
327436814
-442853229
-421021801
-154603538
667100521
-753060098
775649645
-879328208
-591044923
336076450
-751992828
-271576203
545773524
665087924
-844879502
-403059901
-540257704
263955701
679962265
-829773342
-193042764
-988195053
-851642170
397270812
913640005
82154897
-382703642
-682423293
536751901
536297892
978340437
436149917
173998222
559387161
550692131
19052334
332520060
332797523
717379619
671738865
-175786844
387770983
284120201
-660709380
-317524841
175958291
-114334384
833692388
-918161450
-822047854
558964364
-542802724
811939056
-918972281
303292773
828561272
-562891164
870739555
234278703
114288467
692564935
-759915752
-624363622
177017509
919165489
722070655
319081502
766847084
-307266390
-357208922
859623495
693195736
737315409
960454048
-768096920
-594746995
596728997
-627545375
-152671218
-586145642
37968210
282187460
144557850
-291964523
103074860
861301130
95553435
-164691291
-91421010
370223996
-292698065
886659585
-316228446
-443619125
-716185456
-620522118
583079713
-702938251
666689362
331089801
-654118214
-27996450
-351886081
786508147
-747342430
662829064
850239577
237963228
437661828
-489487612
454762856
698795272
-409380953
-846548142
-365143034
-87999419
-76497043
-732154126
-657488992
29152920
135377133
-286386566
256001965
101986386
859358769
860513001
-195646805
-375978067
-965496776
-225265792
694391399
17239123
857464222
-477560712
59133849
223011395
776597054
468410178
569642197
344948576
-573338970
662829064
750963717
654407960
707320067
829325593
-396511048
-208001802
-794412812
852691058
-205874677
-142571283
-937488561
901373162
-841281529
-20042054
278078505
237046120
-49276480
-531503894
-219463401
-485783617
-528023991
74698074
994182852
-354519951
694810794
-234072292
-93527743
262560747
253494841
46561591
-951472304
228392708
-974445995
-557347756
538296305
165441830
-552782085
914382936
358590576
-358896184
-676879366
751080150
78609692
476832416
-879883608
-690520909
200191011
209761630
786018394
862584709
241892839
517911231
262158582
138918643
-539755893
-13765026
894099460
109504865
69601250
996517796
475859765
-766759926
-104807551
-176747484
-321144135
186354258
-521289995
-774249445
-542141815
83383437
-960430719
125771943
-950406478
899379319
47076507
-825391641
883009839
298065452
647783214
135610696
-303076322
-773884961
-897820654
-457816496
-763003307
-861894760
-404588406
-227715993
554581705
684697648
-866954131
850869235
92308094
947550143
-851924227
-287105704
282956827
-992746480
770734766
-720531193
221114753
-244603139
702967831
184098051
-661153183
862498421
-902266620
-68778986
-984078547
555500573
-934990644
-853768479
488386152
-372020031
-871698539
794780853
-512605445
318000734
-339009940
-183480204
-993309162
-110189461
-449910569
477725085
624621227
-90871510
-153646081
739217079
166893390
739759281
557059598
357517508
-787887854
760250216
-845372698
-836462548
-380573712
318117704
116754252
878063546
-147012827
432134885
-803547653
955270744
736015345
-89454133
-204759990
-658628557
-998619093
121511807
-167518822
-529790608
-96318831
563369044
-110481996
-18237283
-962548721
775052793
-860895413
-225417953
141120945
-918709476
446655320
-802303949
106786022
624206558
395037944
-751826382
-372522620
-750803660
955342037
-527348724
-560009386
-442172939
-15959715
156658306
-626271118
-799466062
-921838276
-552566509
726614384
-714917409
989755963
-193123748
-208001802
-761556362
589237284
665210988
-181686444
890057073
66450720
396997030
687120916
60899978
867090392
-604919765
-752536748
745606965
322471765
-676503012
775052793
333359812
-828262695
-108874182
534486033
-477755042
-938938
-274897023
-531752447
99019350
-263285276
450326416
-707889599
404736603
-969967507
414934952
-620012980
370972529
-847072793
333001875
-157048432
-127662939
95893287
345448434
567884061
-296938948
949592534
933908379
685816555
-94942183
74314161
138488440
-710148942
-288271810
954729164
758973100
-448692501
580441362
779318234
576991384
785646952
-185774444
620174192
288325398
-947944028
-228342057
910592145
326501304
-692166914
527496440
605737651
-313362517
-556816889
562853383
248619306
-653714846
-60835184
414097817
-174626343
-845675074
920997906
-899124920
32297196
-300768937
381036216
657585035
350752468
-136491440
631244150
331498136
-739787054
-118604480
-217711170
-966406633
-431482210
-92571880
-729685853
150306855
641757271
-90128345
287609959
-822531140
-742970248
-944849485
770734766
-401100969
-377313225
-572455762
962301126
-862393688
997928946
614844536
270961202
55752602
-891147795
684089638
105395291
-341501269
-548916815
703276866
-55635359
670379535
-737487824
-886589849
188231490
-699622226
-675264529
-493390799
96118804
621319980
-104715885
372656905
-27490653
662166477
287472311
-153364799
499641568
983609439
-554231179
-204343543
41206059
793621249
-525542523
445277679
-991901543
762159035
32467312
130459066
674734567
267797030
72633664
-444454316
103408316
-753589509
364033138
-682636188
604076120
443775874
-524610031
525310999
-814544686
964624392
675144639
710246235
878831017
-12144227
672267532
-992024255
-341501269
513618467
-201680510
138334160
818341198
464607624
-985643993
349664811
588745556
-869362664
519263934
736116056
455233901
668419825
265745995
716148782
-859493178
98287861
820088892
178855818
755424340
-300664210
53071638
-841671004
-576159615
-101878634
942510856
-194688884
-622635639
-727134187
456615605
957456608
294847795
-730894143
-956777133
180588853
96950608
647808525
-924781268
-850674646
828674341
548767189
216961110
-259388137
-264025096
-831699901
805232846
669625703
-781930990
765908494
518640885
-952007927
559188846
261720795
-608057133
-886848958
566683503
906185686
-619417743
40565235
-218898561
-642319425
733276989
-57369627
-837672635
-203418146
237046120
259526921
19860983
-786012584
-464325389
-842518307
-897939978
-40092057
-524397688
-99346807
-463824960
311556280
716296069
-579651935
649842812
-8273665
16714478
751715215
-539755893
-924395273
118572167
409636791
486672244
-422423764
-159082341
-295159397
773317586
473064573
73644611
49453894
-974445995
-259937681
799444408
531156540
949301197
-966471742
347971681
-81587892
907818771
-768625062
26143198
-127914251
938262037
597063541
-726315220
986755669
-230902142
30216694
-413344905
-326379664
698360265
-160572598
-419986718
910043781
-313362517
940312106
196180881
253657082
744572799
-729866944
600092134
-985734618
-349670317
258675066
-522985252
-269937611
-987554923
91821766
430433087
179025274
783215898
949158201
-742613830
811939056
-137485430
-125171420
-778147279
-607848873
-800065489
-852970395
-724815591
160846316
700733881
603330408
977790579
-37163339
-211656013
945876850
-409266357
356669896
568096078
162627480
74698074
557059598
-198495766
-575112706
899637948
774720428
-397393812
-106798572
327948713
-709020733
163433373
244770299
-866229189
933770371
-868862515
8914172
65375280
-858499960
664154577
261494389
-226189294
-280700882
-722050346
-399892861
592234790
-733229003
-632326920
599897241
-744711100
-105849287
-474288412
-847659958
637145497
-74421666
-737566426
-620630453
-828204143
-597655885
741585094
52325796
-264350392
549062124
746384283
138008261
617960713
-7439668
398083472
202170425
508646704
-500569545
973364509
-274310699
171088975
318710465
-228562155
47882819
-671075299
582970572
-29012371
-580504625
510271022
32343310
501946343
391297528
91067096
-967883971
673228851
775260192
-390830944
-82584580
-944466163
50055706
-301896116
891943734
-877476332
738656989
14249911
194396458
872685565
-315548499
569078438
-46135685
822910961
-898111568
556091026
589788393
-222541467
-977101009
138918643
-104993695
-88447683
176307650
921585074
37259107
-904743233
862584709
854498954
-654284248
-532283894
581527342
-951742818
487003782
-466879892
430381409
301244871
-851722775
-504555928
966682647
305519464
3820138
-911487090
705389307
-61011041
967750095
653742942
307260358
-237057374
-750736683
388383437
701701897
846606722
841882353
787170014
28093563
-297971670
412700428
-164673548
781579167
677519731
-996974290
-389757848
-687461140
-8814467
872456882
-479539372
881012607
28181728
-451349791
-391104234
-920049009
838310206
983314887
665348060
-588266680
923428036
-885784179
532070573
-377679770
387364282
522668131
697093426
379375882
-186870311
-149127945
74377304
-275357753
-616064631
162167218
933620987
-410594733
-756339228
74749322
-588571022
-692887882
-329999344
-507176835
764377523
757949362
354493714
-921589542
-910452697
-160494234
-772302623
-96115711
838116896
-543296656
-569471177
899163680
416413924
-28436149
340751277
-962855171
-290042405
-504457378
488820739
-81555422
935929595
757410191
273271838
253145760
975411859
-387595836
571194504
854590134
-554530282
944929676
-836519325
67993558
-488097737
523880068
-139278736
171038293
-372580267
53437007
952866164
-9694343
-455624004
267965172
153176994
-490449356
-772235557
-512351182
819769574
915113636
-823167488
310747357
947150631
-253154614
-576840411
649326051
197544337
-27409368
-878818620
156242496
469412358
973409963
-786699046
-49776381
843757257
550168719
5344989
-986661965
-949534255
884516045
728237363
182496302
213363681
496341975
-967506344
-904805303
-373347376
-839624633
515526051
54580524
42566213
-366755569
954478187
-681160883
-758735058
113117127
526580598
468452020
-595635501
861956849
225464110
-50603863
-884050216
724235113
-437920421
-805788496
31433028
210888194
-61851590
-913295299
294343736
541792675
640313217
-405219826
967962741
-162799566
-332451304
-760925080
879776625
895715063
144021037
-165173026
-60575468
-668156532
-868650422
887423037
-243738404
372192468
-209549479
589255125
722927281
721050762
211950498
414353179
-24374743
424141376
-383262016
-29207394
615498948
562037025
-14233555
207049026
-790426196
-473747260
-893777982
659374070
-33588938
3829527
-953729133
353594621
936467093
-264491568
36192919
429777683
431780468
-135035094
-360375553
-255199448
-113984829
-509081210
13505127
-99009321
189912256
-949973652
805188979
977677910
-495658621
20762056
-285312865
-229250041
434883790
51648270
-597494782
-517333050
-816465623
239761263
493017379
756515215
180361107
-70284043
-85792703
-934219274
-758735058
-670577692
69232174
-792286327
264185111
-744084898
598862907
-522540610
-145146618
958926441
-972747857
527985015
801332653
322536606
41030138
129627280
412573777
-342012755
505513046
628260499
599307359
353353160
-118827606
-382862524
478992997
-257977092
-130622661
-440179609
-533424446
-707479709
433290395
-690140476
511391093
-394050499
-920742659
221423152
998610307
-512999764
50302913
722979022
-418761096
-771867678
-62741392
-317348661
-297754726
477970624
-123686794
-891489904
190126753
-473677349
-509081210
-762529547
224528143
-628214056
417451476
-90506533
131933884
-34325103
300262326
-378998901
171479304
-966780167
625771332
885931727
542317014
-60768795
829558088
-537322860
970747175
765684109
807373776
543493773
816554197
-475912604
971481466
434391632
265486734
-511615398
-199536472
877530431
-259581974
38887204
-261852060
-991036615
-480538818
699607412
-769055827
118806445
-700561191
-526123776
-485783617
644344464
-420970989
321238955
-181478384
324743123
34168367
981202188
698873622
-323919648
194592192
-668656796
-128774905
910515312
-171175095
-425574847
666122280
703407914
61363960
-653961922
474773562
83488826
946764316
-854912865
205087345
96756731
-930292333
-10767608
625272533
-212679055
728297914
219196552
-663653146
-852434917
-366832548
-144429683
846947615
404455688
-50379095
708598139
-542007634
909615150
-954378170
-359918649
597072425
275197391
-267482141
853897004
-931282026
932251685
874845418
443483250
658743206
-105764979
712775225
-741504744
874947944
44535376
-224991015
80331597
-170644864
458396735
766242204
83197140
406127603
755261131
532574319
773853000
-670695676
-12807108
-154448878
-584202354
663666811
997602971
-533863759
-387263178
12662835
-380481145
-647968767
583862468
-1251433
909549672
435896433
-273550135
-350009928
353979247
-289641873
-806613923
-360741360
-513705454
-943122412
-312815248
893994218
358492232
-398149994
47622726
596283362
492642848
-764845074
654498930
-812841587
-686535205
451324384
-669694508
500060517
169198163
-865957057
259911762
-681458743
352033835
985804142
-151143075
-605192493
130799292
-910683927
-945524048
961338219
591965530
257854117
540900507
921613029
-646303229
180106002
196955576
-806815388
681036246
742688107
-567796874
105427933
481470433
-460960193
358782451
-365427610
-521218145
-481076290
82258995
-963663281
-216981829
-118150173
-578848318
-604474343
-260519704
431633896
-993392842
-748191133
-982555842
-569992093
-664271117
-261603219
-541114723
203148978
-308773249
716296069
991676142
-782067160
-149189897
-167906159
331929898
145948062
-25718782
363419028
447189771
778724413
698817651
-92971715
-547048087
-591195367
-658823822
-196645621
-182964307
449590797
-954219908
242282458
-623039554
-701983261
221806760
48485951
-8814467
958160164
-361464541
502356302
-809620434
-667567272
689385831
656689171
-787203702
-926880473
559281520
872999746
-496151875
-431936797
-350629295
-92564780
-22012761
401173469
676739369
-674465658
434487789
149564422
333307931
887348038
87296076
-143467550
933908379
-696097172
-666243774
3738843
260031550
150509372
204950314
-708704397
296731917
13003306
442784686
864017599
567884061
439212336
-20410629
-927927990
890312181
-623508261
-722925925
-963473974
603652773
951929661
875967370
-684391604
436266950
-518147922
-654743182
-784801016
-887779040
506388053
-578904283
-659720598
-797125136
453975027
137640020
562037025
908440188
-758007751
186003228
-143165792
-570256941
425819733
194592192
-380396964
-775327964
883720272
-883736138
-616626516
-915105832
623413317
-333041391
158198984
634329311
-236126583
204117335
-965752926
877630382
269264155
643288389
-418018732
340751277
-480379551
956525287
280099488
-286444272
716585487
-957986038
544731030
674334322
618721699
956868691
-795038344
62750481
230690101
14499253
838116896
-195505942
-66927725
360115538
341339446
-730636346
-254152446
-205948178
-324220803
585969526
683830243
-868347628
847489556
-430653103
169335
242635841
761847032
939399678
-707673456
950274559
-33084783
-919895023
-97864924
854986358
259022396
670625320
-458880509
396768173
-299672358
-890792291
-95304406
611000933
532574319
-384309454
245314755
-763518358
532882150
571606666
-601165310
-586145642
-859068095
-412038210
-440388205
-492868813
64801555
47043754
-694856413
-40900512
-758586068
839550374
239761263
-86729032
-618605584
-488392070
523110877
5344989
-422893833
964798422
391019600
82836847
57566984
-442571642
-894506565
-164585793
265009320
-873565580
512490325
920734629
540035363
594539186
768856482
-489460067
190850998
884423025
-111555825
-283919666
-242827326
107072341
-681870320
-300112955
770965752
700655124
728924799
-799909214
95380327
-980137995
753803
463436389
-454254129
582759914
164047295
922332687
-818655997
861410977
249549816
529650275
-77029713
729417762
-753854063
41239280
-873405170
334210174
-533106213
523191702
754201800
-165607493
-750564251
-358441505
285425635
-681261600
-146231019
-640493885
-392637369
-653445833
62177737
-416619551
290506538
614608137
-630512665
384863171
-275817612
-253154614
-966284326
-187001880
314876598
-357416718
-128774905
266873266
31904260
-697165221
-127914251
-142448543
672151117
-617060114
-321471177
-933543510
-722360507
142116760
212822406
527356566
-442519909
893349328
-622508489
-118216667
786508147
-929517944
22521448
999633944
-885488803
556018869
-34325103
917453129
-144539026
150894206
-808063310
696930394
-193123748
873487296
539178421
-637630138
633359315
52239500
617960713
-184997022
-536380174
699438347
-56638206
362480645
770893980
-232158238
-98451164
829287592
-128308014
-661742966
-802958474
162743515
229876701
765908494
115317665
230866361
249873834
-41847173
290331840
308677871
-733309643
-361113198
-240065333
671558110
-545905384
-145294423
464985822
805934202
332843402
65120294
-81993186
656379358
482583957
-505128941
72817413
-338156954
109851819
-363124712
-323357651
726614384
405744373
-77405304
-84802952
502326265
-174754797
-764509498
-445032609
-469300087
-390981712
502725864
-17587514
-502817054
750850774
260322465
-835676127
-727239254
-563638309
598949606
-583987751
122580732
203562242
487898137
-360086235
515526051
165852631
-3466003
-532673682
-478915151
-484922947
-888470796
-644921374
771056538
-404588406
-318254466
189576792
-188179418
585979539
561864357
553082161
-645758817
527840441
801019982
-9432090
-788107932
485555520
805991123
-634235528
-710712909
326103938
221748048
-472809048
-279421078
-970039514
392252439
191415445
-389757848
-182217706
-893390359
494583966
-631954590
-599376280
490985093
18145331
837130406
169441525
-442100532
-385216602
112630429
-434590706
593038178
79758991
-516314044
-16825057
826635983
767968202
692755353
-47529875
106635540
234383030
-231439667
-884969095
382892745
422513049
261378001
84484653
197544337
-417182088
473225572
-585398877
620846903
-99752288
694106394
862498421
797608925
-391816499
-953480153
330069260
765613237
997508531
-158776862
606777354
-745782924
298560100
-330084575
416884196
-786808771
604380785
132605404
23057138
823667479
-344849891
-232717350
795507364
-390405368
-209324921
-252024787
-548463989
-690884670
-660403235
-619705375
180334321
646113758
882515634
-668156532
643648476
824431749
129659265
199552516
-484419229
987148101
-201578094
827158645
143777826
191466071
786164467
-931614409
207008579
-488246502
-571328641
772057247
476042356
-941141558
-382285711
232477239
-740358127
-27038231
993858028
949851896
-806613923
-728293642
-674881087
466291330
83834951
648635522
576863169
-949371063
-27797106
754070652
477279008
-606294718
760843096
931104830
-109100182
636831270
-668656796
-2368855
362074213
202691092
395187738
286540728
429777683
-934914918
826687040
-668518769
410154696
724641230
311808194
852472003
-210280858
236996476
19157013
-463483437
-677857900
-483405881
-956777133
469060584
-520593710
544537664
191632879
-725987432
-415498135
-544711356
306909241
432428960
411274149
-518845922
530443064
-478037884
307470855
-124217078
-10328136
263015799
822947921
-550077711
238258492
24205708
975944256
157195046
-916293600
290871593
-33588938
-757230581
-305044123
124040659
784486587
468889972
790532689
297910803
915305698
-5545938
726237335
-189623521
256921708
-483165040
-392972821
135377133
150367155
119226526
550822699
-2531073
-361535242
611773644
664803258
-230866098
771648769
-57688542
-371198653
-860449862
-769416378
-892755545
-898981948
103494383
59068189
-544654119
891649325
560557589
249158318
738474164
939458211
-178066358
110570204
-621196064
630163730
205182351
-612132743
46700507
197933529
230821706
-103695072
-825220541
436266950
252421068
56483189
-764396736
230421353
-868096113
944403653
790337804
894709486
-207311091
784374927
632168342
506468257
-355836601
-989505878
367727853
-375023917
-82845842
-378254193
-440328760
-441771865
-858548412
-232230639
-472068237
679033712
-237081448
794215626
646822290
-304314875
951809481
-184326290
-325786822
733661849
132448812
908440188
-5468115
936149266
856934656
-211715922
135742348
294701436
-551177593
889949577
-642779453
-684805864
700150550
-710063342
85933465
-60497689
-973650670
-365031038
981273499
-36410560
506692776
821739100
650135318
295050109
-899157036
-280773469
-509567622
-706592151
-215238349
398794132
529821230
-87999419
-279219922
907713698
693195736
223221934
-30607525
-773498644
247197978
598630252
-394199243
342065230
-461864241
351446990
-844502165
-312208402
-523679716
-547048087
-280043794
319202106
-999620513
783574081
-232158238
-15221899
80491053
384550494
474351090
-127813865
863938080
932179626
-488885629
-90128345
222362413
950581676
-371494960
-685444338
-638011809
-145606255
855202397
142334348
172511444
967037798
893673724
-115401752
332547356
-814501519
-188083173
114136317
336229275
281603254
-654362795
-636471303
-38055522
-440721879
192026016
-500959184
-116878016
-94464091
519220368
414474456
-942349442
635042344
233352299
-785399211
855538038
-224496671
-596064161
-715379357
-811135759
846923606
-818846194
-430411660
443081067
-231921542
842499905
218188648
313705007
860406255
-649308735
-49922154
754745352
-35113871
-513345553
-411818112
657701284
-687461140
638866902
237853240
34632482
-124808174
-275357753
981521941
564515882
-548621352
301130313
-722065834
-307198913
-461268425
224091520
-74433941
339257182
306093971
384768176
-453387792
385804133
344083028
329684838
37699733
527700140
-857615668
981855558
162743515
-455665549
887627948
-798616603
-527837572
-289078082
403021239
-108997939
380797027
-899656933
-839366593
-465004925
-122466986
-590964170
-48697478
441844890
-127468010
437558399
798537462
462183963
-166731134
192870695
569982905
231012774
629482329
852691058
-314044533
972773870
-30607525
349489187
532882150
878486836
-767685616
-560009386
148058774
-209041077
30525081
-593433345
501774364
-566998849
676860638
-542141815
-818846194
-551795828
-806407824
-19300968
402928070
-475479975
-517706003
-803248474
-901606236
-975379887
313426422
-977810615
824544570
-261816505
764529939
-966866241
-829697353
-479779659
818938022
-188559751
970336823
-989669531
-496550735
-398668682
-857786453
27387243
-946709025
-83437956
736825361
-7213985
-186026242
-159861991
612021278
-219690903
-241476436
872335810
317148575
-225730666
978511680
-61266290
808332889
112480572
-222729368
428634852
792434936
368017403
-963473974
-684049581
877480591
445190785
-191897729
19269407
-807540286
-397128673
985986580
137675085
969467238
725468451
617868005
-189164867
-885488803
-321837046
401786554
-884050216
-497412622
88445552
-349048282
790711260
870300129
-597526620
-42076248
472290755
953870105
451108545
-112191262
-262466840
436275271
-673942192
-190515478
-552566509
-46227651
-560641863
480925221
-465970078
-730227945
-469592676
-677287219
981799955
-351886081
-670102337
-984565941
458239904
-356337392
-715551368
269208427
148945309
588745556
487387790
856680674
-65423102
964624392
-924653257
438819021
754458294
585666645
-600081752
213363681
-740534743
228712791
131444131
-564122093
503184668
-291843346
158888929
132951291
111516370
912767647
-72627292
-54477937
-352809803
426784660
800550283
657001213
-801496072
-862022007
583943207
-822142583
392597028
-166120734
-447350718
-750368647
170919809
942356663
-561497375
-305078524
8699655
-753328721
597063541
-776642291
432797990
-830482547
538163696
-115238784
-218356902
-284485585
152425089
-985869241
85497974
-781034813
-418564426
81215173
-735781517
-902266620
762159035
862498421
437826692
581062495
54580524
74616501
-614382890
-171175095
453784115
-656790428
-47087410
907475898
294168599
-896820732
-373553156
-803273951
-2758095
21766617
-268572080
-220278980
257004142
228928347
-294816743
-94942183
-809993563
-412726548
-534508444
-370963173
-442458192
-249400961
563914905
595913364
828122938
616174303
212237843
952298057
293923923
-156059361
772582576
-901624519
104760237
-807263977
22269730
-946617838
482761076
-702076790
566823259
558722724
932542258
-331031336
-790024040
724235113
4478336
36079593
-848250226
283065284
880575754
-317590294
-221377284
-979547042
27380533
262115278
358303429
39446539
404048396
-788541502
-148208299
-101878634
-13955335
-972162701
668067894
-423227160
261658180
-359776743
-662775038
76584954
617736566
389542589
946288845
-875514347
988140358
296426611
765162758
825961187
-644402809
787316917
96118804
386689566
825570980
740178630
-980701662
-941803869
-44153875
903120342
271403353
-930768515
508729855
-744807383
467818226
-124697465
216610735
597149815
-175856035
646622505
-868923127
-459774102
-594031009
-153280458
-944681990
-113077193
992721866
-993330718
595800729
-721671764
-104188868
502725864
857401030
-915582739
709270098
829222327
888417162
191656383
653607100
122767533
88657631
69831828
-526225150
-771233468
345164550
-903520345
4614532
-948317083
479943299
62607148
865210351
-854781424
813188541
204846718
350976630
-698613242
444133266
97453572
-441700277
-610878283
262363065
-444454316
-998123874
506388053
-772087107
315251410
377579196
-247749822
575743120
75747359
793841688
59133849
-457362087
-401988547
946142456
-266233322
181937338
116973216
-430411660
659904515
886174908
-745567525
185102654
-5468115
-732541482
907628147
-521325086
-854391055
506282140
441282716
665648918
-744084898
88780473
497261324
617677586
-8462363
-593052835
398687138
-900510571
-905072599
-998469084
-924505680
-117156178
849539006
514649995
-599866920
898450110
911772942
-846506309
-45409033
-132246607
908630360
362751769
239806519
783993121
471120056
51133536
375953293
-124656015
-610878283
937864883
-836106818
504112258
-985945131
71874153
-289788984
-925729886
-516501425
268342876
332047224
-702543658
-914282709
-862539811
531771065
366537194
80551772
-372714263
-96318831
-16399517
-703986448
-547877629
-310097749
-648938898
110742380
359393963
-716016155
-510530885
-898224790
717489171
-925653725
714527454
126030686
554970493
448938417
860786003
-163939303
705730820
-896426165
-502116954
-362903518
-769309367
-433561332
-934771053
741351017
-396169331
-718363448
-909177706
-446885499
237808034
-518821850
-768431901
-443971659
-701374670
-520735722
-881086966
939399678
472421286
-246990480
-27063062
-132518008
-645539301
-61879836
362839397
-266187185
-388698413
-366931918
759636867
-740358127
-63514383
-429393144
539778825
696503440
-28084183
328964622
-458401149
-469370305
-891059013
146643547
-596087159
543038284
463592321
563782167
-798981333
276868439
-339009940
-947971543
750207299
832480773
-889443709
797757127
-712013933
-480933769
-136745202
882225152
612146746
-71123536
-626383221
-302456438
-911648558
213079576
-584515113
-260174773
903873054
-775732112
-936578815
154560024
-881534564
-528114317
-707496679
779531248
-884050216
297395613
-845132661
890769286
-402825759
15460366
535874031
145584368
560012095
-854068801
-425905522
162562263
858299987
839119900
789890758
108934919
111620094
-665021457
-795262371
-866740595
-298043573
-331856743
-978447868
-553747926
970620348
-118720990
242440902
-690319113
170077353
-776513070
946584841
597883010
-2488482
929061499
-526755332
-809103557
568600104
-43348910
-879982890
-422107072
-252407357
-717630668
-974152157
404700918
-900425137
-87419920
-191341787
62350787
-428974627
931227152
633350851
927766102
-935910281
-718761963
-488487645
-217156518
-367293026
-522242073
980189113
-104269147
568032295
-675577204
566122567
-326379664
779258215
-850362310
-877669352
177610605
-868299340
673568566
-146397896
-801589689
441013505
371283773
927611765
-612836793
-835356508
325549218
692392884
260678611
738716507
-508357632
685278095
-673801974
97540660
135742348
-525044504
712693115
-609397936
950055040
714138748
-922564994
708052136
681465469
-215403985
666689362
262560747
-839624633
-451276232
38468689
939399678
107527900
-651064185
-662533982
381645728
408598591
135006825
272502884
326451900
279578009
917207990
639819613
431922723
669080669
-18763465
248292373
717133091
-218206841
39294234
317340802
155616151
909200407
-703367288
-157692199
372748456
-203170662
279005390
-962039245
418658366
878256569
30141721
676044480
-401601439
362175949
-722259042
-806613923
-492627337
832744329
716534432
-340115686
927704348
-176458196
511296514
-436622748
-210932338
-981721358
-123451825
454978316
228468193
-594746995
-156088281
186587570
702570317
284606989
-938844547
582170731
-533983122
387474990
400527306
-233519045
-460622754
610771298
-902897487
133310521
-815879047
794121595
19755987
-496090603
-615342244
-661648520
-945499958
353776751
-257837676
-381321485
927671654
-664202767
991817784
273461061
-935885892
-480865342
880421558
778395531
298731793
-592767672
806991002
-260971716
988576921
-749723813
834670478
501706504
-729839606
-580958715
706894202
-617767276
-551957760
-386958179
-758489485
552519557
831829161
807191395
-398149994
235741709
-350473662
366931177
657812211
-272089094
-85264511
-825267946
-941219772
-484747700
-666876166
844093006
124377120
964624392
889090653
-999704610
697083918
108287823
657278541
-565874391
182202738
644511305
-261896235
648981859
-681027086
-563638309
1396401
-136091925
-557966677
265621254
-311802335
-98059798
734567479
-144303694
114218859
153939348
-61367709
-379136244
-230588774
912252901
391269305
-369965969
267820033
-590429681
-506629676
170919809
742224931
-507421158
862584709
-792858904
-811396595
5773649
589191265
-938028693
-320992227
860786003
866467507
-651379091
257854117
-923261318
410253963
-447007735
-648441268
-840247548
-66736384
-596064161
654407960
-975379887
-466648487
333227457
177094671
-274728496
851340236
923181620
381229001
-190515478
816080902
-33084783
311617940
-739828811
-15342775
605202609
-299182958
-241616562
556627709
388604224
90919326
969018349
-973240829
663131183
298731793
824211814
1304103
643648476
-894598639
-267571597
39325739
-68058334
-936946149
370274191
-264441141
-858680324
-104470690
177161699
748854537
-895249768
-903911414
-632033343
361682269
714305816
-769539453
-161560759
-261265799
852938860
388061235
-392113743
-813230052
800177871
-68778986
165193869
-888345345
-1972603
-880091461
997602971
-457528457
-742239339
573986119
153285639
-15113332
85314795
575743120
-164233156
459286282
-583380629
401136475
400156980
-456031480
-243370113
625010584
698477165
67000329
-315251701
-539400572
538649088
106718925
-921096736
-682581035
92383588
547370292
-235921377
-256723100
-292920656
842996848
699810507
-553871546
-474889623
-166731134
-846642666
-527008200
768662338
-356819276
-116695697
932179626
-322590126
344216918
882593952
354288231
134016576
762448286
895670339
499184640
837313585
-91858086
79134031
-246760450
-135663406
208557000
962689601
-907780136
343781337
-237931326
-582519946
-804549571
-113745341
637661254
638085069
925572036
645503612
311916175
381704779
-42962559
447189771
706070507
-39975325
-189267427
-859654022
173705156
-853125887
-814884213
863651445
314303302
-588042714
-746869255
375794480
574775456
-551883216
-904470706
324103498
-347205757
745606965
541409825
676239766
-872335820
55752602
816033259
-371198653
685373305
880056949
893994218
-493577256
658517580
994725232
-57532738
277579487
-408640211
-790071008
553697395
-161440250
333516490
-327366469
-850625884
169258533
698247487
220244020
779743306
-201739738
354473268
635673374
679646639
-676784016
-239294482
-16555487
836312394
-816982129
-907526274
214234755
389066967
65268045
-933543510
-391975198
-339834061
761469593
993717116
416413924
-225108339
372828409
147708143
62679458
122767533
247411798
989093821
44880743
822975493
-571850724
725849967
106099651
-808723112
-787849694
-823619369
598581521
-236820803
-898391872
-63181502
148003132
-578100788
526900146
-468831869
649870045
280928996
-621817585
-271435382
-877994423
853500160
835507666
67114535
-998643339
-415391932
541842565
906521087
-663259864
-601499054
-240824507
294907110
884423025
965279003
265486734
458854163
845655636
110742380
519560152
-356088673
814032797
960024366
126307973
-476147666
363566948
792744415
-349565712
679033712
488188105
-953606904
-328072751
-651613326
308893634
-523035889
268429971
-485111072
838310206
683733937
514230786
528032682
-524715685
-23932582
-89410363
-63610992
774082801
-148949436
696783003
335611399
-803273951
102589698
-796634993
-456451430
-317524841
400975352
975622140
-36621989
-598278032
461139137
-195427134
-476220793
860056605
532233635
-827096623
75846732
-981120684
756261549
-122174192
950927130
947023422
334210174
-687952525
-213642181
-136341619
365808295
495185401
749146430
435757817
-41365206
693450140
-358233347
106635540
-976322970
200658026
737273562
-37537487
-126516676
809125962
758474359
-583852256
-469115676
225952956
-374898432
-211208669
18972189
432035387
913330472
192913849
-185748770
971737765
886659585
129394538
329063692
857125715
174957397
837180388
18443365
-721671764
832780415
694165470
-472457286
-891175231
-289078082
-786251033
420647700
-324220803
-57586171
39380326
-272975615
932770631
-87571124
-631275484
720054059
-98059798
-618084589
-434762982
-962925680
70645344
-356203925
359140643
-443717024
-179920701
-195312477
-479782330
-674631618
-245682654
-383933117
806691765
-404746093
251785638
-258858098
44090773
-515242938
224365028
-933798444
129627280
712717966
895808798
203577729
349315137
556450075
-343135637
-493390799
643880434
-638862083
-593145635
-997905583
577305774
-181162895
-549924724
14181413
-214574431
807132692
736782823
765397885
680327846
613765305
192170695
-593728814
-133674403
268758529
718663051
947940773
-510345785
514645691
-201193639
-554073442
618488574
-903116481
-177926408
186472792
-331031336
22038639
-616686794
-685364140
387163140
997041924
-630719114
-767836244
166555088
-789707412
732323831
784581856
-700517472
-907340804
471707408
-328922803
235443045
63397662
-48779133
-562462432
137859969
-18050432
-123945457
-35485055
-126936226
-980867876
984578058
326185121
919608967
-516501425
762877701
311166969
-558560288
724510978
836358717
-153840246
779960548
-459404813
590584161
88445552
891943734
709668065
-469637802
929690176
177849662
-189164867
-790695280
-603791732
-311878840
317680986
669747272
458115344
7682555
-95428103
-468165187
-263915980
-106164130
-527008200
-901624519
-879801323
733316630
-896153820
790405359
235598807
843612192
273509359
-8414979
-945036981
-915582739
426604170
351666733
639354638
-52443815
-497962278
930089684
372955083
628045654
847189946
-304598929
-938245082
-793861205
-628363241
-775522816
957399248
-65442486
801936589
554360847
954329747
456040866
654355316
-10282209
441201685
57072685
-597526620
929803242
-216632943
-533348561
27680703
-219938207
947303293
-238607826
-975890210
393303814
967288835
-243317250
-127090331
-857750278
550635882
-780768993
-108141550
-722164184
522995525
975005156
-349273492
811757105
-889360544
307663769
-165531121
-920742659
527120739
833755006
-831910411
994804797
-723588629
-945422090
-115115770
-960151043
477279008
560557589
-408239560
878149713
557198806
-298553060
305194694
-487370419
710526085
183881380
-235985107
679725489
-903911414
-281740901
867245812
-75678202
-24759326
-270825109
-653714846
-359195046
-937825014
827624830
-671370258
633568070
235781589
947676564
309857241
-631371410
-661365403
151294202
630279958
689786537
776772763
-875690870
695345430
9706296
-765936403
-250352077
570695894
387364282
-400954445
-915957588
488970038
-844502165
566683503
-394525768
-717869037
-607610628
86496358
-502829837
71874153
-806902413
-484747700
820725565
288523006
-984721786
-761556362
-236052428
-568765805
777011956
-313986261
-797553235
-101358774
523835080
491992781
489962084
642409575
271721350
638998830
599796386
187796372
823138092
626543817
89258238
176363551
725154984
29857373
909814666
-446113939
341167603
677213530
-902266620
-470631298
898654066
-104470690
-859968864
886453625
664069459
294318017
-14233555
284861529
204710301
883840898
-120978071
-88234194
-838580219
-75239706
301244871
973744562
100979801
-515922993
823067079
-542802724
998242689
-487845059
433124515
-746668070
983431431
-43028305
496428600
-305576173
195811375
269208427
540067540
-729462666
-783034093
417612441
357128656
-5099655
-622942064
-511485667
275691530
909200407
956455816
-817656509
482879713
-394855103
-962583873
-309813000
511652295
568860526
518294804
-33961998
771383048
725566770
-465970078
567939468
-172613832
-657488992
-868038285
67721677
-673630389
659374070
273006005
472643226
-649527990
-97699612
-103229867
-34790898
272879916
-144575066
-679144027
-207046268
623620347
-580802475
-558183287
602789760
-23110570
-175856035
848250495
570672577
-407062784
-320518108
878256569
-869428359
557601534
181940234
616174303
684956166
-756162266
353268737
445997064
-50379095
-63992976
-990253240
740063239
-987742061
-328072751
-806902413
216092261
578715512
571468730
-425660001
502854403
193111607
-131203340
188102678
-128396907
218045938
-894099171
505887707
-857786453
-852779809
149100811
603941364
-974500553
297597641
74698074
622024306
146432261
-437070018
-110132494
499184640
-597115438
955606394
372828409
552597418
785852817
411488722
876450765
-623208525
-78011435
595126433
-974854384
-170772841
82049662
-701249863
-848674682
-13369032
703695167
762159035
48168453
-745106749
675461625
-221851521
42128438
866382114
931276997
855664641
-75157756
801832319
-340468772
-458279762
794645630
-918099621
561962422
28868723
-261770900
837563575
624440656
-94402183
623845681
-886455855
-199786524
-927450112
840599728
-593728814
29654565
-263162072
468948210
-92699284
-212644571
979046762
-638743307
-191927924
-867606323
-848674682
744008186
-999679861
-971559879
-700216021
-698247039
951605198
123320493
944510079
173662029
531692268
15260332
-689048958
-439985445
905684392
695550868
-291540516
533555240
386184661
-65442486
947940773
-17702511
818416789
-125691191
-17246675
-552566509
-178311899
716787865
-292052492
-780591159
-295662460
-935667645
-373168121
-927261973
-211061439
-661090484
-992365483
710499757
-225863264
327351109
767621518
247411798
446807148
-497096500
-755920952
-253789623
368582150
-940749038
266104880
-933148604
-38663050
-603279073
-590429681
297527806
772057247
-36415928
-278565351
190028378
365590680
-134087957
-102147372
-134771307
-992086648
173001477
-836586011
617946408
446374937
10814685
222895618
278347728
-845445272
-203589101
338086285
200971440
-25524856
305519464
476800719
179150540
-436839200
79239401
-22527676
-651379091
-26017395
-346763085
-277655567
672267532
75895709
472421286
-952751916
-931999169
-567873599
583054955
107250857
388872255
-103229867
-291313497
-390704913
229678105
-929467896
-574542500
-266981168
-52027489
-460143684
-629644069
667667886
638756373
289547206
125627375
-898135690
-522168728
-14989344
-61412623
384768176
327681401
897367121
-899480227
-854284959
-503596992
-50968802
272952520
649621992
159530694
372347558
-171658828
457862540
-295517549
-454587360
-743078719
-476061337
-522631489
-119082963
-923140613
574800079
-492485662
-589017916
529974926
381899338
695429320
-601165310
-588696611
541873649
-363910089
-946878230
826229210
-557938096
619721018
-771945367
-605201629
176662930
715818270
458637442
-990102816
119877668
252301642
151107902
349845583
-569363889
-675080497
82474693
290553548
301629454
-551279170
853807145
37468929
-639304202
489657592
453348757
787316917
-436345580
-115115770
542649767
-12030231
385962851
572935973
906665343
420879792
320388726
-152593997
759540763
872685565
630389253
487292145
281244738
953547000
24154957
847828226
338554167
-143125002
694876814
-12761754
225149257
-359028344
243075783
610552636
99050835
-829090853
-593052835
159115678
-92664038
745445111
-869921515
-321341148
331250540
543909768
-121589703
-77472212
-280095558
-805306325
-138190459
-695496965
-945422090
-291366792
-115020752
-261347373
-629704413
-318819343
-115090132
-886835272
-818125025
380897891
-527408218
-705998835
-564691315
451402789
857401030
-889650838
78609692
-358109581
-118030111
-61176778
187059117
804894267
623154698
873264009
388989493
115919825
66179934
-313767683
186856300
790033101
-346379827
-656681788
953321741
-568193051
-452404131
320509835
575182913
-724088275
-861220771
-840902745
-680061057
31275158
-898135690
-681810861
545113444
-882644555
-204261224
777930823
-660333939
61776602
-75317403
552519557
575907945
-877476332
-990552732
-436220827
918206309
162098801
895715063
791804963
-503250328
153451702
-332607095
143979733
-202808256
301449574
-403649482
506402712
-881832339
-359145809
-360812612
610002802
-492713918
632174856
-496151875
-888323607
736015345
318475032
529417300
-810273583
60828919
412009711
797319796
470517240
471707408
173001477
-362704704
145549109
-433648378
-701864486
492236327
-297653726
682795342
-127154220
-264998809
229036123
164847867
-474889623
859548212
-89596493
64193026
887945959
636619538
-760310272
-967862246
-732874850
-406087856
-676023950
-370587061
-977073837
-721837246
937681252
358154247
383726624
581435660
363566948
-590655062
106899823
-376966116
-982888368
-400448006
891350726
915098008
-480102383
148301829
-206825945
-471714314
-76635366
870224344
-749540885
290442786
515935063
36382589
35877679
998781173
905684392
960401080
-965884088
396958368
-945414745
-110423322
335676391
-716790154
-452647564
-324668813
992721866
941610751
-302709687
-80330057
8699655
202538220
-718016307
997426161
539778825
503718174
-294282327
11252593
-453447887
297820901
436395353
31878273
-697356266
374941333
-984952024
576112114
-244065087
424620400
-624253807
445373834
-405972803
-442062688
-789077533
-713016573
-637265576
-264217362
943458231
993074534
252301642
-568647915
-171803103
-890337414
951278555
214533857
-725534121
-380416993
212944407
-221729344
-963973296
-91371170
-921073289
616939146
139457078
-754534295
-291074571
-814755241
-371549285
327351109
104760237
-248954775
-257930386
913466920
-908345076
-427324445
-43348910
232902267
-40514317
578736966
-624358432
-512862830
-28436149
331089801
-100854900
-537963627
943859166
382562473
-136091925
584037657
927167043
722664256
277290025
918784268
-427425555
116434811
-218309387
-242643574
-448095203
954329747
347504109
435011892
-664812656
-692008246
-47459056
529974926
-493028668
811642297
156316086
18696031
968629695
859274291
242282458
-394199243
165064577
-504513783
174957397
-869048553
-893652343
-317524841
-709405672
99421511
-969570601
-186697394
120154893
-63857360
594539186
513501981
-754478830
-785603746
479575005
854917913
-131114669
260609228
996690522
-537555203
582934824
-331528733
-790374803
-663553474
778979631
224528143
148986267
902099124
-954870195
179212777
483868718
750108996
995062124
-635324994
188227355
-974500553
892561787
-244471272
-304475184
657344063
-279340399
318058077
404513724
-899394618
-431936797
794961929
778040831
-61412623
650573457
700805541
-97205821
748243289
819533944
-993615447
-172802701
704486073
796296946
-440622056
-278824769
-312272640
473710216
-381459768
43790546
895361965
855120418
-551590354
-755586742
512390760
730802491
847088833
-52027489
-812818221
-413871081
271929524
545113444
-384729379
214234755
262560747
-11919661
-159861991
-637400595
105976942
-511437932
57337344
994034101
425607113
-925611117
-416428735
-755544556
-830245140
231604380
851840645
309797368
444179005
-135760012
598949606
-55045436
543386392
574245629
386685511
-57726647
-204727728
418007184
-940695515
590368869
585793943
372617045
-146500452
358543856
890312181
515526051
187322783
85467676
-583611866
-188291884
-442853229
2044619
323524252
309189762
938085364
623392811
-478002470
657585035
-760881268
26198301
118338421
-724980373
656193550
-876702167
191853718
-431162254
-86498706
925811576
784117683
189224915
-398668682
321024667
-346311585
526856011
-612335313
-777092186
546471916
-243710778
-519089404
176496271
-559512940
147107212
-205424311
109851819
-433407831
-627197915
622579035
-464555762
-8895888
453975027
830676126
-111422877
-735395740
843692819
36509052
764999394
259805238
-403640192
353655528
680491776
377826449
927368800
891792778
8453660
120910784
-838580219
-673561532
465981264
-95395142
-858264922
225007325
186320565
233007360
175389403
-810215525
-634220362
391180713
651145284
-570903477
-198252155
463436389
878628815
300899462
-854284959
-268636415
-238725360
603575234
-898594921
252825659
397270812
330805477
-479796415
-371451274
677042762
-955474506
930459102
-319864190
728547056
-217416241
331498136
-607713966
976045069
591516450
718757937
-863055769
-885142791
217880853
-409016204
112543377
-469300087
-614513063
-398450452
528032682
-995361973
193505886
678147259
714576032
-395127641
-282201099
598035740
-48883995
-368044212
850782643
612965791
-829194806
698873622
891454094
-109987741
-183533726
217464235
971214863
-465713103
634082659
257478899
383783304
715354906
-295077516
310469680
-328393256
-497074750
-885954729
588745556
-543424325
670307658
-351633874
44016046
-463066843
-155012820
-728187694
446807148
-599955656
415684596
326398412
247197978
-662838016
-816999677
-758735058
503777569
591174767
885839403
-825614507
479120342
-451180400
249506283
-136428158
553131305
-129798007
-224658216
-519587916
950409182
-179264331
338955425
-910056549
-422432907
-449800538
-511221149
138334160
-766910483
-350361955
-709405672
-715089913
-232158238
765173847
8189934
813062051
523748691
-382579293
697848233
728354899
823966260
280519787
-879883608
285461009
109292961
-898017221
951605198
455404139
-901371163
-33588938
308365699
459680663
-346725322
-720668442
-580115636
79562212
934400482
-7439668
-734124163
150623158
105183002
293862922
161622909
-124405661
-843639842
33142211
288147140
716373605
760250216
-801176288
323656484
-131486509
259690052
-89574589
-741949735
-239988516
693757617
725566770
367593900
238228586
952412702
489818535
-820960372
8821598
-110629024
-696007408
755424340
-96424069
405572791
-661226395
182874017
716878719
-504748341
986617375
871690525
-760209070
940312106
666689362
87589298
-8814467
-553217125
-159820746
-422788024
-779568176
-137850854
-936435616
705110226
-362588499
420082478
-67263495
-308039693
405159348
538958102
34342582
268020539
-314149865
-206496320
-281350038
563165820
36987922
389584084
33241370
288981372
-67660436
821697373
309352762
135454092
-457609364
13678064
457042788
-118885157
340966105
369152739
346470242
-640319282
-349273492
-449641090
579163164
-941667547
574635396
591554243
553851379
297178972
-376330351
646113758
-189760996
-282514744
-818966591
774660206
-971559879
-648682049
888889951
97453572
-597108232
854217533
670229010
419796582
-923580073
754482999
-209549479
858047246
98800704
-724815591
-91421010
558044113
503627523
482490403
254616354
-416364920
201215478
-411599444
-573338970
-325206164
965246177
30141721
-883736138
706197924
-639287652
216351457
93841034
-759096202
-207931854
683615456
668797860
964124258
-817693113
765908494
840047724
125502798
446374937
919971307
781270484
455168256
-911581014
-605971883
-545687095
909676424
912723867
799152633
-730975443
567478425
775474063
-751958465
-805126026
959196762
67329520
-398450452
-780243416
692751083
-553324575
-741504744
804297539
-946709025
866040583
669869933
685459842
-759096202
-674762492
-836366140
909615150
-794929672
-387287042
553366911
453882414
-400223234
-689824085
-534811863
-881534564
-54009605
564277835
465733647
62957204
-380416993
-810746229
584233923
783389658
754423842
552530823
640279132
995535702
-89609141
15969613
-425217160
-67660436
-805680442
999633944
-370355575
-339198603
-747144150
312542700
-475083991
-174609133
242459762
451402789
254114588
913800436
-858010568
429948595
-14989344
62645818
-350273593
-9514418
263955701
-543016652
-940749038
-157323311
-74292829
-662842306
-952282231
-507843646
220519135
-34845398
-231350931
552114852
-145218402
542317014
-278317783
13505127
403567256
-609681461
456761214
-475434259
323250503
347382539
-740502734
74850653
794394166
-851317579
70804453
-914118779
11572775
-612794474
189301774
-137030078
918074061
153645810
-900810001
49060824
63568466
-704405624
-556463769
30141721
88445552
809533527
832921955
562544156
893873556
421096387
661305650
972126195
-700855750
-928225213
-67598466
264345429
241035112
135113137
79758991
605727122
-441551852
-535150141
-19530501
240869203
-491791020
-30406318
820329526
-732983980
991065619
926711119
-538541815
853934449
-596658573
-236338961
-739304793
-324573668
-56342079
291347801
848791818
185035486
-469445291
-507609988
628628881
-471834952
825016000
60624809
953776000
-7667457
315774264
26549197
830782295
194592192
296549830
314073283
286702242
-820203950
254616354
581192295
237808034
-696221207
-37955413
121964991
305616774
-851019543
698795272
410458943
541347133
422236046
-134743056
695937478
-370802604
569078438
-298417556
182439653
-241982378
-772844460
352980908
-784462736
-455478225
242821708
537173772
721452738
-20192004
-811901588
-545593277
684089638
-854068801
602000434
-478461218
248619306
274334455
-252087072
-857074502
239548154
-247463739
958379059
813101457
54435350
192870695
395343021
-118785995
637383704
-622341899
491634190
-709351109
-815753544
-900305792
-523413873
-380937383
499796667
182073522
721769464
-652674648
747267849
121171034
-567239131
917453129
-909559380
-49276480
-867436694
191059726
336750814
-757950478
-16347259
-980867876
942096562
276571885
-840103465
-159220957
394197405
961988062
-929517944
-826267740
49060824
223290930
-909729505
-478145045
302076256
-146397896
-197815054
61363960
178479438
-697356266
156493301
-245599757
-887262841
-747978802
-291313497
779743306
-843471021
11040949
-250803555
-980784225
-536675400
-722259042
-924395273
-823376664
-576699708
-918523730
-323702958
331089801
665307958
497560826
82719627
626950368
-752720298
696877635
-510163366
-70886609
-20392998
471439002
120953309
950473388
475852806
545847270
-87359953
76740186
520521817
-20655042
920162772
424031532
-516183109
-524013197
-109987741
-835003557
351900484
176044408
-99479415
261630382
-575280854
851840645
-803740139
460007173
788710420
-263021761
-865054997
836874945
91934396
-556749051
-884366729
-63686318
744008186
96436746
-358558400
243647517
-643559114
-674881087
-279591736
-30954396
-59043773
747982070
-401601439
830875377
-340387041
-179067305
-222453957
110202784
-776642291
2874713
551923655
-843269280
-421930989
832515505
838013385
564564592
192204034
782402370
976849411
-777270951
364579360
-542598463
489234742
-666994969
257461310
-57439425
-880091461
-831092752
-831352932
-793690830
-445709401
-824007918
-171778448
684510506
172045943
-731789932
-210359545
-817883716
-676451569
940919478
-775327964
111108051
-130460181
-736096916
-23826949
-79772887
432897057
790952504
-139951035
42290762
414020413
675607257
-158776862
-887380996
-487845059
-115164957
-248889767
-644635026
288900360
-808593362
385500131
-459517405
-69756133
-439199555
-911097847
-82795928
208056360
-492411341
361682269
-450770496
-368521521
-975877685
-197253933
609808632
-990426923
243579342
422405793
-371765889
567532365
739020018
-87571124
-957437506
-160847944
-782277427
-786012584
-908523545
285461009
300568485
88041142
488265581
-66015815
740706500
-501417610
866040583
-189325486
703695167
-872582051
956973377
145196136
-421535547
64437699
396958368
-122327222
368173185
936217492
-994036829
-878279530
-644765426
929999886
-514037530
-856284254
552114852
-693563970
-683433050
-298571353
-327819918
-182573765
-289713451
195293282
952136297
615906473
-611283291
67287812
270109024
-696221207
-140440931
778572961
372434022
-756414782
-125446892
811799813
-797864620
550983005
555029613
-59447068
930519343
44535376
-463102778
-361490852
216071786
956017141
-773765790
315034374
852873172
88657631
-627411506
911150597
-375054135
-297376154
-148860006
-625048043
-207931854
79645627
418658366
160981068
744123115
298942457
-21471579
-521975091
25942909
384863171
851282548
-318876597
-929225789
107250857
446419917
-48451257
890057073
480736437
144460790
-824764285
431616895
782495223
665385266
382268060
-236977562
695620547
356987285
651265187
680381316
699847042
-617962623
828674341
604703804
461385336
-576889091
855202397
-788341285
252627241
703695167
-616439529
781504319
-886420551
115693922
-303201778
516039364
462796246
-431771385
-676162710
-693441962
-10767608
-310097749
951278555
869862066
430520530
231522257
217744468
463974954
817308467
244024050
66668868
964798422
-375408966
-471387912
145268042
21634539
117202187
-277922744
813346226
187143512
953414333
-410475736
126150498
-760039942
672046045
746994800
-283761959
-651379091
818213646
-247474801
-934674262
-274417501
-74587737
262212364
577263184
-160572598
751607780
-241815024
248184813
-32944939
534688516
-474889623
-452493426
99886532
456447
-146008213
279005390
208056360
646632628
-519286650
-5950421
-925183884
-68989784
422304267
202146249
-981526942
929520610
819769574
-913985229
-690699606
-624253807
640025933
-820553514
-413344905
-286766975
971872075
694810794
-322590126
-584118337
247411798
574100387
422873105
455852664
268429971
-224085796
651534514
903926501
-347556931
-413004065
650076722
639819613
-69756133
329470033
785852817
531590237
-558838177
-68989784
-362316887
-568024228
946922538
-404746093
-76414030
-361732595
-810273583
509078795
673532340
-14141647
648090330
765331181
193505886
-950573702
-920742659
76600493
-184179742
-188868015
171547906
202565934
-437596606
213079576
-709633416
-227128008
41476465
682349781
-542746946
-833323253
-159252491
-173169338
439534851
-367256608
971837131
-826418821
-494891713
755642166
-271810763
-816399778
-649133365
-944681990
-809910654
-796634993
-452763744
905616769
-901943933
303722361
-459852894
-845726137
-162232643
-992192763
-884894713
-771799918
-220430621
624484040
-189164867
702158952
919780660
345601400
419168258
126225022
563620531
390197348
502725864
-539251796
-613348244
669217138
873048293
465886700
-226518480
357007772
514591205
284348151
-997555156
-295873611
71016526
253494841
-724204767
34761959
362480645
-600511115
748440830
89808503
-630683936
456806002
-868491592
850938260
-246949587
-18457213
525026849
834293295
-47718818
88165435
85314795
418309936
569734853
-992971062
-723471584
322822974
72400424
-302151564
56666673
356536341
-532827267
934671791
-60768795
711108201
997041924
902488546
-495795792
-60100841
-887008050
873319649
873637291
425819733
-789356399
636397712
-131090331
433773938
171801939
540670967
-876365517
-895635852
331280952
757558118
906406604
848999738
-388923776
-961323262
62350787
-390119337
802409495
896313907
-898567364
243924774
610771298
-638712964
-953360484
679962265
945109261
163274736
793238260
-878818620
218446099
-485548549
98244317
-867436694
-695201589
-945967172
-239988516
-344647942
-157294113
377700510
-216632943
839119900
-502251155
-817249197
-884383981
460405378
-282405538
853420298
737038508
411042459
-580101966
-214215647
-201884160
1326944
-598333430
-484619434
-700855750
-788512251
342722516
341500182
-393212296
-244603139
-610702507
31251274
81997138
223221934
-542306978
793368142
983028646
-192306605
758266946
-840535193
-635744332
619129147
-198089362
-723588629
-641534146
-763840774
-537164415
-361860324
608432927
542317014
817219441
-19508456
-783114218
32807062
-783624272
-33588938
654130253
906665343
-848315168
-695443296
-463824960
632168342
-266850156
-974013385
198869853
390572061
-806160042
597467600
-172802701
993995892
-272185742
527930010
-104807551
769246851
745225066
-412873873
-931700561
-773841349
430520530
-515175499
351791037
987197945
618295506
968071915
319151242
279746846
-742690562
-912902289
366475004
-454783663
347126192
-129865287
-584515113
989501637
-183128466
-212301901
721897906
653916243
-448328635
986300030
-52632589
-72331562
561864357
-832505649
-447775970
236659359
-626441279
320388726
-378401995
-24287947
-624899677
221062173
984778944
117506990
421397549
805514687
968541349
-124301102
-261430599
439534851
-640353084
-313035056
820805311
687567770
-322130255
8914172
-4785488
-56638206
-593306161
-857088991
306093971
13678064
-711178202
-172186534
301152732
247611278
389953520
-719458648
-882346432
-9645190
670581423
-500292492
16800029
-890856098
-659972469
405229772
-286496291
-583511285
-305096553
586137675
410960797
-672536402
588962390
683615456
-759591431
479036364
-879842861
-369518301
-777922134
-734434886
864166772
-534811863
389178034
-737385969
-53506058
-566881429
-971667037
669560006
447640950
589900052
-910518278
-719458648
-545905384
-274728496
-658483963
963987279
298352301
712162933
-10767608
-777536844
546349703
589952125
332178044
727470799
454239128
242663231
-500292492
-574824397
-333941781
212136885
-7110151
-298043573
239761263
541409825
316615485
-24809875
-664812656
824431749
-60299177
-362704704
312241970
566557394
-534718274
-511221149
347504109
423143390
354774807
-5851005
-534869632
-569992093
-612335313
-168844343
396091517
-390027396
-732069617
-837372196
-211998929
-569863499
-681557557
-898520279
372735995
64878130
-191566971
-438309938
-282201099
-704246665
-188559751
337298590
-771799918
611919313
882290984
-855307321
-678910185
271929524
-488582528
-350909234
-312464635
506468257
89334734
51648270
768050916
-297945999
227839799
800870052
631454190
-404302065
-823226302
121964991
-115238784
-641534146
-183128466
217026509
-127309263
-83825833
-295517549
918535387
-782067160
571568161
258050923
-277922744
881054971
-972782908
-523762456
93314194
-652674648
-125171420
-610235367
519330010
982111570
-50244336
-34687636
-407910206
651265187
706404697
-168736358
-864314309
-548463989
929250178
-13023786
-758131681
739706700
127597816
838180761
133782699
-744869354
886721590
-279374990
975917194
-26615883
-352468873
21826325
-644186707
-833447140
-650849773
-761604698
-434514561
324668114
-72627292
-556386879
-409743854
-76015282
903946209
898394899
35193288
914264214
-811571887
-308747723
627080720
396396766
-187237813
-302788724
-867154077
686984477
364033138
955742023
-710902858
463926432
511391093
394844942
-527710829
-488885629
-284039483
-948416412
642215461
280497101
-686514325
450436508
-815824167
-795790910
440736504
334064978
-921838276
-47123204
646266000
765397885
-42725786
-978918182
38261656
-422589685
-376545847
822654912
664419722
-528793987
-519033632
-89510483
-369321565
-446964030
185102654
877530431
462592151
126845398
6460843
-879280575
-453697668
157428647
-364321120
39257145
783101462
-678012709
77274178
-248510879
-478915151
560141500
-684331546
145140686
986300030
232652583
653546991
234002301
-427810914
434250179
927886508
35280546
204452616
-287185176
438493210
-378604318
376204288
512319205
-35113871
815111969
16649989
-328585406
-966608990
396639100
-956777133
800177871
-206825945
711313869
475300715
-663725855
605529171
-978374532
711024214
-856166670
-465004925
-608648928
-754516510
-242573416
-136091925
-305183413
-884383981
-106468325
142885727
346394184
123107437
28052867
-114655923
900461628
71529834
-689635792
690104563
-735713218
581062495
737723386
549605611
907116085
613374196
-759265696
516634217
-916071612
95957248
176496271
-872799608
741928397
243007335
-442693374
964798422
-470460344
232652583
759739264
22933899
-205424311
-613667824
230581297
677056703
899065178
-334392951
-13765026
-628363241
-365143034
-95926947
-766715827
518865914
689474236
-706917223
-404912600
638948126
119781772
-511960110
505293020
79968810
595974892
-521137645
-751334430
840441944
-452735251
-738662426
88041142
395289718
595298584
-179519808
894348624
-613008859
-897996993
-421947602
-820994407
-547618866
-600081752
434487789
801832319
619022695
-222177077
486188128
993440338
142623940
281422998
737602095
61363960
99421511
-90439894
-99080016
377700510
918647805
633873816
291726985
779929125
-114655923
782462878
-298138953
-124656015
745941555
675956167
-903520345
-745106749
382807409
-132246607
77922533
-780243416
-508234752
902114947
-709166789
426310194
-708643227
238456643
-235345567
-193123748
271302112
658685906
533854402
-507913517
740346182
-264025096
834870568
817906799
-26320095
71681305
-256305808
167647401
331310400
-745212404
829487730
-685289620
-259742832
480664225
-259125512
-255840232
-740135269
676309789
-248480958
-377313225
875185469
138699719
843479927
-590814883
469669068
731247396
-950481197
255719338
-303006939
-568647915
-221150812
661203390
-845998886
-830128658
-384138636
-143913121
-839624633
983564295
801251387
-545448536
-646518510
738093404
462135964
-997555156
676720341
-432194705
-89726785
-688768039
-648298931
-289912845
41892849
-701983261
692180925
-397859048
-946775034
-136428158
-195004935
885653582
275555377
365980806
356733285
-186229092
-971480422
-607513333
-375763266
647016373
-396910814
-964813121
547905079
98397944
814742992
-726151145
590319857
-766059333
25855805
-634235528
-517510203
836312394
-198798083
-374339221
-522836624
-57061327
-985280808
695718184
805041079
946721782
142827886
441432396
868542133
-938424437
581062495
-992773607
-279954346
740106688
11397950
149780901
326532116
982647895
-766207747
250506066
-226948900
-411093354
-531941102
415124109
891041776
-29207394
-982555842
-559346474
299593214
821697373
-181686444
895893915
550532290
-700966715
-191148251
919358520
-354219919
-768810387
-603882083
-25435526
-429758982
858299987
639734511
361799138
159324253
185476195
-654328146
-895786284
-796783693
-795491955
134000802
192170695
457385893
7527817
-836700318
892414990
549893645
-118821316
-725996069
-679333556
349150041
-492556322
133360088
318622884
151137564
499034285
674114476
-439871720
-942355944
-567168114
-53506058
-644186707
297614968
766763016
-320406777
399109883
319322011
-485548549
831516486
631577944
-744084898
-58149368
-289788984
-630240018
-700561191
-176885632
600626959
551701068
964124258
-771799918
-833997439
-90970527
-314531498
5773649
478474194
466169079
-734350374
-236695366
709098749
-36338292
581062495
-172255867
-261896235
-862875611
-893536789
-315364871
-89613646
-491665498
225730940
-294141944
456126252
-658039585
-432518812
-218757927
-978036382
-597115438
616174303
-524344187
-749828130
534089234
-858718254
-745567525
993582484
-770173538
11961492
684591445
58160928
-654260666
810316295
-722680168
245211557
486551329
-814146740
490446922
575054386
-740256682
-456684517
-801176288
943315269
-775732112
234703041
423384787
97479982
357295042
23004683
-566361889
665857733
-597655885
-798848583
-713927892
-214782816
734028016
549024988
-703645135
671950514
-41565722
-668924050
-194188991
-903826683
29423414
-749703159
-645758817
-606508862
290331840
624966779
819617061
-887516806
613591381
887519167
-613806999
-902994137
980189113
-916282323
-60861683
901111617
-210686585
-300112955
-427211675
330776526
774247466
-216981829
-191148251
-905399944
92733789
-934674262
123065960
707064759
-478915151
-49733749
-349829263
469522408
-242403435
-92099846
-698123734
-578951262
338824889
-117838936
-884616754
-987249340
-584797845
807944116
-404746093
-280967794
521935741
624484040
290172352
-340434260
-566751679
-903116481
-812290849
819445584
-281818309
-142310688
-553841719
-454702172
340450560
-411996010
-888470796
-832039698
-216455848
-991847269
362283500
-704849153
-412229693
466569711
-708174939
867710733
-688236471
-360445686
-39975325
870162681
-266981168
-321006836
-590067685
437229185
-385019314
-814438088
173880924
-518396200
285857753
-911577372
368309251
-332402085
20616772
140182344
-800557054
988704751
946849381
484101172
965215504
-298302729
164991641
-943233286
176496271
-59153142
-683046196
619660046
251859549
-142661006
915700247
211863436
-677774314
137571843
168476214
901163739
294515531
851448515
-485974484
465586024
-197253933
520710531
167826847
-867977343
-812350808
597517479
-148247370
852625194
-28221636
-345995355
159530694
265621254
673714345
602538259
388604224
142767962
71681305
-307884160
-854175233
-249400961
-969813050
742081215
396480149
-220750783
15310534
-419986718
-407329629
-307735522
166304595
-960614876
210875823
-864098755
-607272825
882210183
824431749
136293889
-394855103
-865155321
-147152786
-749227583
849308752
918834369
207008579
342504248
630554508
-795991420
-171803103
341167603
887214822
-397094033
-757850610
-656107212
901300974
872335810
-82478317
925253826
896814788
555896972
430886999
607488178
-721163407
-614382890
931586844
-157181809
237423896
-8814467
-884741275
185476195
-433117517
-715961422
880072341
-997226532
35193288
958379059
-614513063
-170621645
622720898
-456263552
909306247
960947191
584181590
704087251
93619242
86496358
-188527208
-470011840
863608989
-432024040
163467848
-434590706
-190604408
-74738208
792744415
840484505
-588164627
983028646
98214502
-350224375
941072461
-367977903
828788344
-808514657
810561849
-759199521
454762856
423571868
-312791154
-14964057
-581032786
298658015
520635508
-841394970
-729997170
31038630
-925152836
32186016
984668187
-287606118
625416960
-969661147
-201052872
915552068
-853391047
792011946
180868758
-928864556
-845747921
-664641547
66154425
646743050
-756794708
-638743307
-146718632
-574176330
-394525768
523545196
105976942
621030816
570330575
534519581
942223522
-688236471
993440338
-816194833
451324384
-920199931
986702485
-597526620
121964991
134019364
-317974380
284094741
10745237
-599014881
530427768
269852145
784161169
993582484
743232640
745751837
457720759
-343562195
225488156
-433349500
147136798
-786668903
790106164
-717195126
762227340
-320303790
607488178
-479267043
238671174
897954018
-478915151
702254842
-680466041
31762645
404797976
-988166917
650821754
32048877
-314270427
299055033
-143421069
490324796
577798604
-134536658
869105728
785308944
740106688
146015956
-581688318
750850774
-759705499
694810794
-858030050
-739889325
-867985712
845438748
594607446
99971142
-415788108
153380282
-133158851
-654810270
-288382593
-863180023
225994763
70874627
435146878
706477306
372955083
-320723547
-553562766
4252481
-91176887
152787786
-571328641
-718445993
124244643
314073283
-49970330
669747272
-552782085
-540576904
-282415653
445872049
768050916
-472951283
-471262806
-91421010
-825330516
360755194
62259731
-227920362
-730975443
415926220
-296618023
-597138947
826051906
-361535242
695429320
376569547
-252887060
753265159
669274555
-187205105
664069459
-171369232
553637527
-402380315
661781947
725719259
528363911
-745320545
459490818
939399678
-302270826
63357356
597467600
-150515206
-551883216
199852847
-875449260
-9432090
-402943154
558446669
-62030103
-125013837
-812484203
-762776147
202170425
-942185170
-545370258
-859190755
527966077
-966015947
-366147080
373607260
-218356902
-988745229
449606854
466943232
-921235494
-206757510
179150540
-444177181
-701864486
-586705804
739946068
-411518100
583862468
-41773719
964431525
-688916940
736546769
-629426182
-221196825
-11756485
804488935
4420029
921427448
-390175855
-524610031
752377466
-30406318
91475445
-321121959
-526952595
131641495
-18226204
132825378
-731367797
932571828
605865022
-647745185
221502404
959947208
113401557
305092809
-578665004
-429142031
570053102
957551765
466174500
563782167
-283078930
-919450728
608432927
272147319
904289077
127223929
-354759444
926069542
420586172
-100380520
-325592489
-695976041
-284266866
215643206
754537486
778626596
-120610940
748854537
749091898
-251491217
14478508
-304314875
253894544
-80643117
71231504
-159635388
-271292015
440208041
-206496320
-621122482
-843167360
329917361
-825379348
298263191
-399236004
-952122124
323401770
-181686444
-3608840
-608518490
-807421996
-591283738
-195842604
30550985
-609748618
461541860
-257628132
-739518651
913466920
875576283
748878181
49175924
-550682413
75615489
-948710237
-939929391
461547231
748665345
9436789
-857786453
182600198
282187460
704087251
609152187
478488246
760752671
262089225
81825754
-685132196
-942225684
750707589
416884196
626073643
-77789141
778369623
591751211
64844680
-893936333
85079857
-940580335
-143013855
-581743795
419911241
482879713
686224035
-635324994
533213358
14303271
-55045436
852407785
-175022984
-897531643
168476214
-38893706
-789077533
-45056704
767384447
-243317250
529206893
378005120
-314985139
-189134151
364033138
836772452
97249784
839497719
-894047376
820568562
-880414900
-118885157
396768173
-404912600
-313412539
210700358
-900810001
414553987
-342256463
344760709
979726670
383820856
-886638240
-631827066
268228897
-57556251
-964641942
-620940457
-686185775
-544761385
329403988
697374662
-776945131
-939284266
518924166
894286335
161373766
-475233811
653420295
265745995
29609647
755642166
-962754338
326221234
969915322
717698437
-879838003
112345222
709747845
-319474030
-272388259
-903965287
752730169
863486870
-644281210
299375564
-769253139
-317220119
-594031009
822345649
-22059563
-730800442
-78466441
861734611
-998819011
206280242
-739304793
-754003287
-562162023
-255638576
788433653
-602443362
114542867
777448689
681269684
-342837971
566683503
620462721
46124961
718928073
466631301
-269604367
-825667416
-871868325
-234508389
257139182
496731075
-802701376
-489709993
965676263
-599971187
-914529582
-956370363
-388819985
231476709
-175786844
-40092057
-409448833
582170731
-922654305
977430506
391297528
939518524
-554530282
-739518651
-916270215
938637779
-227015509
-294021559
106638859
57864470
-217512545
840407960
379703708
885416910
-377441588
15054672
495111346
107301062
843067188
-362063583
-934219274
-512226476
826986265
225007325
-800708690
265640311
-727614684
-241369084
-911744639
-351153576
659781579
-254187503
-509929184
955546132
374909783
-428305240
-749828130
297642622
936980019
933553006
-564897833
-974967899
472874663
109851819
532711281
-517055549
227614388
-341829903
-166686012
-691859617
373444632
-32327205
-162072267
-456094605
-773328455
657812211
398184837
633058011
-985346239
987905667
106718925
484386968
-559557380
-998431110
-482094742
-221269287
-144079190
366676730
145348889
-455041601
293370417
395564010
-335464009
499034285
-247537204
609929633
505826767
-458427053
-338530155
-40565705
-593250960
-774206874
50055706
634207920
587292868
718333077
-584655087
48069965
-367334632
-799221851
925253826
-384628575
217676224
273271838
644995100
559509099
726931104
945876850
-56565327
-949090174
-671632483
406716513
-417504925
-470460344
620411153
-629530420
-95428103
897080509
-900716743
-589757918
-140485638
-694138262
626950368
613543554
817493617
851978448
91331764
923181620
677519731
484421124
-526389385
766655417
106027790
962720515
590472642
531202732
593201416
-922022441
-434762982
-256565762
-363479026
-932267032
-5059365
-934372826
-525837613
-944012129
388989493
-435560963
-294551178
-593786220
916672376
-148565096
-467806286
-529243000
-420725682
-358441505
-958087282
579513622
-549616670
104760237
991576193
966184299
-257327431
-789905702
787849246
-466879892
869573881
-795637897
-700855750
-93977778
11800600
-287204670
738355551
-592197231
273684889
-393395197
-417936404
-338888385
-162072267
-469115676
-744495704
-574338894
-814438088
-635905219
131444131
804067192
668807371
-728936046
-165857990
-475479975
554585466
-792130169
618248516
-971559879
-959223200
-252887060
-424228540
-38737425
65948006
-298043573
-165531121
-136341619
-758317882
495957619
-656790428
151427241
-824283669
949765999
220519135
172766724
295217757
-467017854
-656039007
7983050
840407960
-95640138
-595989259
362631090
-963398181
-103489633
-147452084
708876288
891284039
972773
297298356
-600687311
-488443580
573385559
-942995428
-766351918
-619261326
-848250226
197737993
-829090853
603941364
798629683
-314557556
-221538492
425486303
674438084
204502368
-928967965
-811104166
232783271
44680640
-17509708
-492556322
-852970395
-245232746
-67184027
-332149833
-633863767
-455063551
630608769
-941240215
886721590
-444213649
-901624519
-913828791
-13450635
-529243000
-96198112
115317665
54004863
488583563
-198495766
-862560397
-673630389
-23658305
623118299
585570868
279446346
426660523
-493028668
440251463
185102654
913530332
62259731
26721307
862258641
-703828519
68055504
940370440
892108459
304499953
785916063
-984881767
549973082
784749973
-556081522
-609365589
-674295757
625141567
818470558
-261896235
-166731134
177746957
-600343031
-114557136
-381459768
898854731
502904830
777075598
-980137995
755180717
323954854
164211327
580090740
-816361205
-431398004
-743812556
-512717669
593201416
262461937
888052077
-344165084
414287791
-48196864
-155458658
-247474801
-580115636
926711119
-896153820
-548916815
-742613830
-999073007
132251879
940538373
-962583873
-212301901
290331840
147351392
653603402
790132641
-434265248
543386392
740843127
434097456
343854036
913976950
-119224903
318942531
-774206874
263273713
-534070097
-205948178
448428343
664914268
-509621971
-795325908
-888080048
-220278980
-301241535
857062711
964278197
573385559
-709805645
915609541
-979258419
-673376950
-884756816
-576699708
-924395273
110776142
-735936556
940538373
293266703
307859746
-860434425
162683919
-316243493
-226911498
-23673344
-858335354
862754860
793588869
893374232
212497738
-3466003
768440539
-382138339
484312664
-286444272
-89754582
693544926
430886999
-235050673
-929225789
-496383925
21924579
-85186248
-628832792
-904777808
-866679440
-389282809
826376391
-719324366
-909397326
34591753
-91637836
811939056
816743068
658538524
-607101522
429076803
-732390302
-6118689
734028016
210700358
729522379
369961723
575626006
527120739
135742348
135854532
-924505680
93007832
188252540
-295322746
-612911748
-339198603
-294436024
-35962998
597883010
443012599
386331490
-31580070
373252890
-232659826
-686279378
-729866944
741174450
915834441
977937593
640313217
-542677400
849429771
-971963908
302781211
-235301911
88542183
-28868889
-637265576
-60170804
202423338
557601534
816639778
-696221207
-653961922
710131035
-443352719
-656428960
254786360
850137706
-536515509
495111346
662829064
316961089
886810525
-165173026
564967071
941441417
68405236
581675063
-382703642
379185692
501014278
916162178
179025274
732504073
908800896
-260934069
766427717
792152409
701114230
-111928580
-387836590
-787020834
624932845
-970207519
-175417928
-947517333
376976544
-265175520
931276997
-123686794
-715509408
-961272872
-463824960
-853391047
363659873
596864423
-535986175
343521542
564072375
650647146
214533857
545217195
-196256474
882454015
-340177671
710420898
-803466100
440854726
-335464009
-147252296
-29267266
683965065
-272886273
-192640235
958651845
-691262210
13505127
-510530885
-818233852
125885714
-790527247
805934202
-10660137
-41511567
-247300940
-480525010
-610235367
977854812
831735049
-494459532
511944462
-906149494
485881856
-599596523
-286895375
605026023
219196552
-244451843
169332786
-529949907
262031132
792860949
799869981
-368905778
432797990
-318140317
-92664038
-330491374
-847287747
903582229
-600910806
866203593
-866567058
-306530055
375624262
713051452
-638011809
-310949529
-932047712
5567171
-618084589
156997686
291726985
-176412533
-196114643
425898069
314525649
-129623789
210179916
-464880071
-982048467
-167812426
-312431495
-702141326
-105725902
366266059
872480924
505513046
-158462343
506493734
-445663179
-696221207
747861552
455168256
-369078868
-362002097
161373766
-2622789
525549877
-466755682
-108997939
-374433151
449075010
-891523149
669242954
-870183339
-517765602
682954160
125627375
-218206841
-43028305
98708577
681107792
-577935243
-182403456
-680414843
-986151200
687271612
-91071908
660149136
-253417886
57000871
-77322089
-681650055
-551343793
2488111
-580176875
-769976562
22850080
-710994611
711882324
-688938341
-573993920
-683548770
-564952986
560708044
-932465458
-519543140
-893758614
275759497
-903116481
-899745583
530728244
214234755
619836871
463760597
-27228751
158888929
154229936
495957619
-684951134
682239122
780064633
561963077
-637841036
-278506564
308504645
-407062784
508922413
-568086926
798673379
-197815054
794454351
-99423402
-916282323
-945912924
-955782580
-207123619
802682406
-336104765
772765775
65986009
-649145517
853142515
-457588244
632605094
651421719
-388665024
-521740550
628485434
288790765
-95926947
-875299606
-659608841
-694856413
936569801
-646303229
-582860340
-332299487
177431130
-637630138
-945710805
-858030050
450336519
271814292
-592535397
465055006
-126135636
487702030
775564916
-337810776
-722789461
603852518
267414222
892998184
179312132
-454254129
234184753
939697034
861828376
-535591786
896814788
257079041
-293804606
-983476389
2044619
-248377926
829860938
-907958412
-269560529
938396376
-513080798
-262070837
170392462
-652906463
-436888116
287951344
-243974466
755308808
775509874
-402474396
419672461
327351109
151427241
-600630514
917145250
-226101218
304361980
-558062027
-396127011
928728030
558446669
245015924
963435930
100838617
-913468872
230113390
83447431
-220587905
-392113743
34342582
-297050768
-348088538
-358558400
788928902
998466887
-496892494
913800436
-908101971
860091618
330506588
942446323
29654565
121171034
269208427
732687158
170426275
-796833641
-41758105
790952504
230006709
-836347943
-462988040
155303300
876928542
-479422143
-608419241
971156480
-631794420
676720341
286972170
-107419084
-174070065
286899685
688848869
-967194670
882246450
889893631
-306740547
-282775245
542421858
-874263295
-178546117
787094878
642484256
156316086
362252675
431020254
-308230457
747246219
164860216
-489482673
887739565
421096387
354838986
-771404206
-669340945
-59825047
45741495
388061235
-946878230
481371818
356822912
-825195205
-102083390
-360812612
114931402
-438234542
642215461
346865223
-590429681
-905399944
659374070
107936339
-348241558
-466755682
816887175
842206539
522379494
493402440
102500700
-789215595
636687020
-714917409
259113263
32659705
-118588077
845162469
179963815
-469630164
636333326
-293804606
64133896
-344165084
-204203683
982210073
866536629
634356949
-187418040
633966362
228201175
556706185
722664256
878690483
-903301467
722200398
-383764154
923143446
-293473559
-800065489
672425337
322401091
200191011
321238955
-371198653
667745295
-771589766
-819268377
216092261
-290611206
-298888647
263273713
-92099846
-74379153
641022308
339182603
-401920396
374124515
-106282053
-396873648
846881484
-236778480
66067548
-449953246
922332687
-70482681
315168234
592761006
338329
-747978802
-398149994
-43549952
842885436
84184788
322123399
-674881087
-432802296
95277417
-53169241
46124961
-975379887
-222113288
-530092848
407801104
224829131
453385692
722012478
687815921
752468248
883543427
-258128829
-595592633
472290755
496224545
817748647
-519428864
-221078915
732730579
-270748120
909104402
-241476436
-329999344
328558485
-691641413
152787786
-613348244
-44664128
22038639
-308805410
458306853
-699704308
-350309073
337077102
107768873
-970279907
-457609364
-930181748
552778053
781270484
842849570
-647745185
-220649566
-645982419
961608882
315017508
929021830
-712744314
752603521
-94942183
-143675747
-897306808
496133066
-907427896
429259916
-991475378
104096408
467332375
-552040770
610607416
913397429
413270557
584476640
-438757061
832480773
189352410
367553274
306020771
225730940
625771332
199799304
524900770
-737932506
-884050216
137675085
-670477886
903035345
-910683927
-60201081
968071915
473543498
28626982
510620132
-779976567
-185458202
-319864190
476207923
947830892
504485410
-839232579
-686535205
-560441859
-856568207
550635882
234812285
683356482
-842518307
427223018
542730399
-147733545
-245520584
826597996
991868874
-338877386
-30406318
90849975
329201171
527821682
-664294049
508578409
-660696517
899949981
-991901543
874412517
912345054
-997979872
684510506
29865307
906598890
-34624608
584303915
159859195
797914440
-349273492
-984348386
883009839
-14864183
276868439
94536402
-583024922
-469370305
-19530501
778079876
187322783
-69793975
-943611963
-825635909
-916927465
587459149
-182403456
-26813371
84632317
-456512977
-24891024
-316774551
576136924
361505460
46875106
-504783977
-148049918
-739443450
825381235
605126501
-88334306
876231848
489633413
-162168015
-724620627
973002341
630689130
-355137386
431780468
105227098
-939073237
-627738064
547187700
-430549669
411672085
-99538857
815136752
317312689
-322250620
-361360816
307663769
-771189211
-412229693
-400323832
604076120
762743160
591569786
-358395219
-333291336
-52319703
308677871
-910222457
342065230
-325206164
-114655923
-635685054
309013957
706296135
-512384169
285263964
915760564
-602123961
341705187
890940976
398687138
-788044867
-705282494
-518147922
612764139
-121034735
-674762492
-950906319
-860262277
991116177
616570516
-103126163
312666394
635610846
748547298
346957848
-716484459
659570529
-450058895
898079764
-420725682
-518765870
426121074
762743160
-269937611
-516183109
455559913
-163696848
194281893
794092674
195188407
99344163
192204034
-170644864
214147204
676282225
562616489
-773765790
396590842
-332747318
-830694214
-607009593
-666677770
-648045591
-425986906
702373850
-181912133
-987249340
539512807
-539229790
375488603
575054386
20104100
910143634
-634127127
-600910806
-497756095
-749872436
668270498
-482980290
-763409292
-517982030
456287532
-824780847
510583436
375982453
-748984284
-526163500
286817575
-311808986
23766144
631682530
245959202
131933884
-537798509
532517794
696783003
852965423
-815116918
-20616411
-322517314
-780591159
383672610
-937369378
-859654022
-211151096
37551026
778759618
-458178259
-676980600
744246482
-883538891
-328163009
-750273753
-989725498
696877635
886777804
882246450
-497971063
762975617
-40334999
-827420854
-602205099
388604224
-797553235
73051103
403921795
-779685397
-750564251
233226219
49653295
-392093102
-914925923
173662029
-62523689
474637724
-983187017
192870695
304901075
-438484210
440439373
852012187
9544569
711024214
425466371
-130632431
-179197527
-587890540
178462193
952136297
-33823192
-995920992
-190855003
936838641
-730373879
-136587812
447189771
-548063333
-397381329
281839673
575664758
-18237283
265521088
223810790
857366094
-621793185
-437861959
-712071458
-744267118
789214710
-487193098
-193315184
78286668
67077728
-532673682
-325873037
618271110
274519683
442879807
-63735421
577208396
148594472
901277690
651810268
368237654
664594669
601796010
203204872
-807263977
-126075421
348946980
-579920687
47156301
-823226302
-367647843
-487969418
432428960
-991169105
-914194688
-505128941
985986580
-550644773
792805825
461150379
-825053968
-358558400
571016209
-754245971
937681252
-867823794
530974772
979788070
612615088
-708190163
-497348021
-596658573
-548031088
961889193
641167108
504485410
-372420395
756742863
-708156877
-125950276
991480849
751387223
-527243411
499261092
412072486
486327544
-961323262
174118918
992859246
-675498167
-19756095
646622505
-994363790
-377358067
929690176
216642059
818154763
-564416178
-159861991
915382024
-979623054
612908583
897421912
443483250
634207920
-39474674
27501136
566968938
691499635
105183002
-21254614
-855915525
-650895164
-733443188
-449619645
36289162
482369443
214877783
-584262954
-109406213
-364697915
933300018
835280620
-114126887
-658234528
659724574
452088243
-83486576
957157646
-279736084
-422038285
429825292
727792854
84632317
-908613884
-397094033
-876754965
-784959708
-79347298
-144825118
215354850
-485373680
794354314
947109149
372617045
-367167601
-406736881
846653941
733767513
841004468
-506354511
-757719489
302913664
-662629241
-476061337
-604919765
333893935
-496980550
-289788984
578530129
-542474188
-762321785
-416821751
900140855
-468528066
-437032856
-197588508
756245769
-523871342
653019082
-9573848
209339196
642328492
-206070248
388733225
596431980
475981809
942446323
695429320
516140408
946266056
-136491440
-685422130
-238192675
521423533
563914905
418304885
231883556
-478825579
834997187
665857733
338086285
-173276418
-483266169
-616793256
-168204552
941552536
233835701
-185711245
-327426065
216901422
612659350
958069657
-565855993
-346763085
-98536058
-527008200
159718702
-349117240
-735009667
664510266
170240043
-405151367
-457448807
628884836
-947645470
-788671523
918074061
372617045
-441423455
-756378528
-213268743
-859387136
-20655042
-757534149
-943279539
-272886273
-908568123
748104289
-764942408
-642124776
-329342239
-823451128
-692416450
-848974086
-954699530
-639951943
257854117
660149136
699225450
-399319915
-209870515
-12068156
-337335226
17066136
-609571543
505656947
-645870099
961338219
583232804
630176767
855120418
-991169105
207668618
-559532790
-534995076
380471629
-204986035
-936511825
937160266
88542183
83987534
44800153
-809311271
-765204368
-216205436
-481076290
646266000
-52112703
-624802899
521935741
854217533
632605094
-389598932
548060799
734734148
276498787
843100911
778040831
21512600
-386502144
-808035933
48425398
-569471177
887627948
657344063
77178205
908152394
134813308
-286602583
-261265799
957456608
-659162701
-901624519
-435262691
21164219
-885784179
698343984
-323474189
272431604
422146053
595239289
22201275
-366247498
-836783149
-202851126
-257002710
686085780
42098726
-684391604
-270043012
262089225
329257629
-343700874
922195694
146844580
-381078799
-738662426
-123398697
506189031
360485919
591120895
225340953
-326233971
-276687438
109180794
-182862481
-546438744
-899924921
-631371410
-884039925
738133700
-472528563
704751933
814920012
-78981992
303198188
614608137
143118761
-182884059
711256798
-904470706
-763940058
-802628324
246311505
469841678
-862639673
-62453219
-672536402
930778473
468985616
126541670
-246083011
196907555
637145497
-749602637
565756412
340450560
-606061485
-983518171
915010539
808571488
350278365
249158318
-975377128
157496288
169734995
75615489
-395910604
-765429345
-746668070
284041227
129208937
968415158
620846903
-2913530
380378743
-186611249
-940654648
114136317
54789787
994182852
119387293
232435288
-178486046
105831994
883009839
-679208226
-514487102
670229010
243202957
-190733701
-865821046
-756035481
-157152396
661969483
-993458708
-723134035
198157898
-347261843
391180713
208671628
419796582
549784351
-753762289
-78219924
-843836686
-461539476
226164058
-746148864
-714047699
369662768
958274786
428093492
218320055
-939073237
-217279662
55592909
590221479
-668057878
-457022039
952551370
411716266
533749258
820209012
-158633665
-944878321
-233590454
-278861998
-183375834
336229275
-161560759
-202100665
82529171
281502877
-399658647
-292140694
33885316
-717719631
743071715
-624946601
-479351786
-591769197
369033088
-887142201
-76156357
261900908
-311274607
101047531
258675066
-178774771
-20042054
-871613835
968151104
432651275
360870112
-491723317
950526719
-416285608
952551370
894426704
636638071
-811901588
-567694866
-955531791
334039911
860880591
969952499
-554259487
-340275286
-421021801
-534893811
534193358
529785753
-360049
-659744853
-7439668
-362467095
-589193860
-80643117
424060978
-287105704
-130929956
272779467
-962248056
-651457772
-98595286
518294804
334247077
-676162710
710898662
962509274
-702104556
756638181
-888947688
-442410564
-639737960
-939050233
-378041073
55504574
-54737229
506189031
516140408
-113917962
995377131
504475
-307347384
-582779425
71016526
-624946601
511272183
440825964
631203414
875913569
-774684433
584687888
572068205
183631379
569319811
548542906
465413462
873958885
610872069
-534718274
14249911
933075367
-546608452
-188291884
850073139
-431103246
-226227197
799205578
347382539
744848800
-340115686
-428459428
993963827
211074723
295510038
-257327431
295975529
994034101
782892996
98557454
-38511904
-126317590
-838780523
-503043890
-117156178
-466462721
422621451
-643559114
383117231
-935910281
-525542523
-59825047
573762226
-639617934
80148278
-401988547
-678599697
-776153352
424202179
368237654
229508547
-761556362
-995565930
-634602379
289834474
876288210
-965931852
280951568
-320823303
-904828505
563252271
-674175786
-659044271
656689171
-227812181
245600363
-461539476
-945912924
496860527
305519464
78709091
482583957
123065960
841638755
450638009
677213530
867821937
770965752
-373978282
172556069
-737593316
-233087880
132036105
365245048
-438122270
761391424
-625212670
-591044923
86723169
637841063
77922533
-57901171
704431041
-453002291
708646284
-390456125
309666221
-315329869
-968842608
-169143003
-84430135
353776751
-439854870
810744750
-388135723
274257595
-372991519
697195674
611546954
-384377735
-919450728
568109388
853019070
-710309264
-123985378
123886616
-496383925
865353115
70804453
-642539744
-1126893
-649606928
668329660
762466563
218188648
344760709
-571970093
787810221
952266884
597883010
-757135829
272779467
-499002511
-480484826
-977586978
-462270501
597467600
-478145045
659047828
384680858
-505417807
890057073
-644698766
-315138403
-93202727
-103794226
499942001
-701123459
-917260448
888052077
346151631
10404448
490324796
-260406356
453272951
328987569
-438757061
113229422
-831274676
205219180
324009293
-496967509
823466127
757410191
-225442282
-784855289
689565164
-923478538
-244532566
846977762
840251346
774558920
-627545375
726775627
-699343332
225007325
19570293
-226690205
-272388259
-934674262
33483326
958069657
-817558830
-230080102
-155968172
867523730
878406075
88165435
-538305947
-375554127
-520593710
-21956701
50337943
-271292015
969229561
-682211541
-437611229
698679782
444133266
-864033348
-812841587
-745212404
-153949560
463563456
-1468746
12934829
-717893679
692876092
-519852849
529554029
493241832
810316295
-691116183
192596225
-97864924
-466755682
501946343
-208001802
169140698
777312139
732572437
-600260736
640641474
-481560486
337830989
333612019
293807882
484086697
-604474343
92308094
247110548
-447306122
351710858
980503105
-279495608
888052077
-795162722
-105764979
108704220
-193517492
820958926
-61463270
-770173538
785043982
200377262
227726495
-201247018
415454564
172200919
-358768050
158686825
985257254
-714665462
-412925521
-566208370
878831017
-339935264
560851011
887423037
-803565635
-666243774
962142071
-767995531
-893390359
-764582054
-680247876
-715157110
-452647564
-956474768
778572961
732113226
228928347
-71501991
375438498
-321341148
120910784
-232524625
-170777277
-437255486
288028507
-896280813
699050408
832233468
-643836013
524038884
-890856098
-629222419
-936694154
-34790898
26852869
137291793
-758489485
914471032
546951544
285478468
-411599444
715504670
-951651305
660666603
-979337410
914879641
-245872288
-695693837
-289695702
27260938
678018020
-662775038
106186977
-289713451
-769649431
406807657
-850290828
-659044271
466169079
220559858
267747844
-579201006
-747066730
937283428
-323253812
42015508
-825667416
130482046
59068189
689157037
483522763
974629422
-219010988
329607748
835482398
734734148
516140408
766169536
-131114669
-87986504
196099251
574497558
819133739
-507268666
-806815388
-538004892
-159082341
737941706
-698341251
-528194375
285425635
755922630
-113489783
562909907
-10174361
-488392070
271048695
893374232
39380326
769710044
967104831
824335777
-326020547
-345811025
-726873074
115055033
-853812309
-277288650
-782238965
-359195046
-932465458
-659162701
197426289
-775062066
-49904526
-760001507
-751777289
212548753
405159348
-535312592
3967729
-106961051
-17912228
295621731
646743050
-505772439
-850862907
-763899176
451652614
114542867
504333626
338260003
-666677770
-861592822
-885954729
751926143
134195529
-818372193
337795569
-416538840
-683750004
-608815402
789245287
-575553964
113208284
627355294
685526541
908310541
-75157756
-80330057
-341050636
370972529
-322250620
725566770
-394717500
-171065632
-869921515
307859746
-747730672
539065152
-691019853
-78902672
-773303975
-730800442
396396766
779842357
-65442486
502854403
-795858786
-958087282
-388698413
574027067
-778892371
642863716
233835701
150086823
365801351
489962084
325214063
588398871
-531910194
565907259
-428690240
131018312
176106157
577678967
-273774752
-355299345
-356088673
-231439667
-86498706
45167782
437130725
369417528
-861220771
415454564
125885714
338642105
-71730897
-666385441
-511586142
628599566
551004745
549605611
-869812751
-630040507
-952558713
69802792
-928426921
-594210512
-762049917
84951416
-121191778
920857712
-4512815
-551857116
-177431120
-166192769
341888991
671880464
491463676
-105448808
482583957
875126948
-11662272
614159452
871230916
189352410
610136927
313459286
-337096803
540269281
-411093354
-195573709
-941045083
-808822964
-884050216
-465413352
191632879
-338175576
585383501
-732541482
-269721098
-570315143
673592382
147568781
730802491
-742025715
-300286773
-627097
225767474
74450424
499942001
191880586
352688929
-356853775
-151536956
-245785823
-317543531
-254187503
984578058
896616374
-374051277
-806583065
25197749
-216402409
-639951943
-938537479
211074723
228750599
-425801405
404700918
-762529547
-955384590
-823860177
76479887
717413131
726322627
-621373929
963724024
-145476123
-353439027
553981054
-134200242
668388207
773317586
-702387533
-373347376
-611074197
398496890
-838912140
-897531643
276417192
806991002
495974712
109504865
-114655923
970718340
14893904
-811441324
642484256
555105656
490899700
362920533
-958026426
869862066
-91421010
-205424311
-292487253
-428715877
334863882
199048057
719028393
-124301102
460007173
-605201629
-335112021
246974563
805188979
-303766593
-466579528
-649953458
-928031542
163167582
501531204
-528537814
-184744134
-238050046
358009090
-777551967
948099096
-413731145
-718445993
445163868
-382579293
307228774
-413144416
342149786
886315742
370683201
521382873
70915442
565178874
-703367288
817906799
187603700
-623691381
-454254129
537757257
588398871
-254456702
-426521047
196306328
-46541693
335415400
326222042
634061585
-857660156
288941381
111722005
-45885477
-270825109
-211715922
892393945
819304122
779163812
-839433227
-88683307
545176836
258969803
29300321
768933444
-54477937
-654056309
-812952219
-692166914
597467600
-649308735
-406173108
-114004094
-129022492
179963815
253774356
-474449189
62406362
-295077516
-134905025
-156281241
809335326
67287812
-207376095
119318115
-219865777
-582550592
-439482327
529821230
-588608065
124182406
-141170137
248803836
947605791
-308432381
909676424
737256690
-778845177
111329876
-180807379
984320210
519330010
365590680
-544179457
935374044
689607588
-999515644
-947079073
-427930598
-221363231
231012774
103074860
483048267
-106677829
-596180108
-394420582
-375829380
-190855003
479120342
-454024362
349150041
-852078143
343121241
-705487408
-828483378
155035020
965179260
-159635388
838728235
126650176
-10867958
356611793
805301713
-231093898
73953549
-814755241
-305713396
480327096
-195930425
-353770628
-153280458
-96910472
-918709476
851448515
-861026761
645429840
-593786220
88542183
-12641140
865600064
-680247876
981723037
503711799
-274079903
399109883
643111124
472290755
44400777
-448200167
523173116
-551590354
-85681975
990428220
-385575749
403994583
-705707359
651534514
17239123
-469445291
-967194670
-398668682
-660629610
-414564134
-476308171
835665825
799009204
-303104271
-749442211
-516104385
443038911
18895976
24736392
271118742
-863055769
-543557960
776917399
456395006
-955921634
-939298207
274995476
227538793
-816465623
573275328
-860225629
573474632
-977523447
52932674
-723965147
-968302816
-704610882
-323550611
144063738
-936543688
393071529
-363814706
-658230763
-424302383
539232885
475775128
427451176
366238289
948004698
508262943
-24044180
7798972
120421607
-224558994
286003833
503457728
649326051
-733510149
-552782085
349845583
-814044268
-590004876
-876156574
128455610
579538477
-179475386
-131588044
-378254193
-666267773
546293114
-563750993
307756342
-613869475
-139814550
750179186
899892102
-311220706
677531176
-110662374
393071529
438756671
-427369081
801529799
851193606
-15509891
-752971222
-572878903
-80442039
34886802
-425986906
333749557
-113871989
-360812612
861828376
-781930990
60610090
-937590686
-89901188
-6580610
241239393
34367338
-526352926
977229069
-551220207
-922235709
-429542566
-425470959
-631890855
-345938063
-384891502
-390830944
309262421
739759281
-598030959
-193092091
-273774752
934470116
387182355
350369231
834183786
114824766
307859746
-572206871
-16347259
746733591
-151747103
439944692
169943940
-216284903
51828976
-101878634
706378240
-962661099
702254842
-757697160
-797951449
688688756
339689543
411077146
145253752
489422565
408409862
308831819
324216228
393936159
-738484106
-286961650
111653380
895916857
258756573
399629834
778369623
189141049
-612255548
743221961
-749723813
270961202
-732797295
909239179
663454156
492475002
-832417061
-544671641
-610432381
614809304
-425737576
-50989269
821149985
488522484
399109883
-688236471
333182720
-693792945
-251690224
-111242570
402538145
-459792411
464466578
171038293
96118804
-619261326
-460531565
-682273793
-923101871
-85625135
-130269976
930768340
595037908
-863535603
724499603
-641581138
-335796916
272431604
674619055
328964622
-379962232
40428607
-971667037
962799582
920670703
-10174361
-659756737
804827678
344083028
-563164222
962915539
-432392224
527930010
-422643634
-803273951
955270744
137110190
665363554
-838534599
-805788496
-43454254
-912933148
-578081068
612287155
682695363
-26959350
375953293
668329660
169075466
736622975
-936435616
921741914
131191976
120247152
-896092429
414139495
620004390
-165173026
325214063
-410594733
183277275
-610662434
755692316
864773190
491396870
-622833588
698417090
-978655497
821149985
253043714
975721280
395126592
550897465
705368457
-812132466
420566145
-242827326
-364686004
452570238
802409495
-379063439
-257097855
-383904543
754423842
848632478
-10621854
518865914
558572810
-438287933
-854821721
995243680
-604019128
183177691
308677871
-284039483
347277603
-21433426
-941524690
-426630890
-193123748
395836650
-479257991
519150742
-32644547
-578258664
773409579
589809789
-575696623
385696
531692268
307470855
-74433941
296950149
-571268953
907475898
-880833536
716878719
-212610011
-33554667
587292868
-510422275
95277417
521265511
533213358
-64248663
-795491955
-107370243
-287798900
67000329
-118007560
834563950
-172047280
-268989485
-325181519
209617718
-42829930
470708321
-351513310
-207311091
323401770
-549616670
126449908
-751096593
893326183
-408144910
-594918269
878385195
679745065
821771952
919520536
395502968
-325665036
-272572881
-862297282
382779596
568014834
-135401094
-109279196
201138921
-924312168
279253547
-291282214
-801589689
-514796374
438028541
-855759256
543664316
452007219
84527601
527433880
584687888
23461567
-593601871
-752125290
-150034040
799444408
611773644
-655400112
-575241473
352523849
-807263977
651265187
561335262
-396781805
255233517
-797227964
-429592779
230723781
213267724
-378041073
-165117513
78320328
608090430
-523512787
-147733545
762877701
834293295
822345649
588445687
-803273951
-446512447
-374574053
-824007918
-904373042
-432392224
799319677
563252271
-614324532
696351427
598707034
-588608065
-167413964
408799565
-402825759
-528194375
851193606
-872799608
-813658793
-34785242
575362088
945307930
-19208395
491430739
893044492
817565633
-776566384
-91858086
468410178
-628664604
-819996121
-165381795
903590837
201660430
-353995554
-865853446
-578951262
717543517
944610488
446773461
-622247185
-877369990
732687158
-53609145
182784614
699937620
928957106
-527758362
-744807383
-576597230
-304839059
-96910472
977101039
953110889
-882267229
-470011840
-556081522
43116347
-137030078
805889149
-596521421
831051585
998050113
997154851
653653849
231073315
-725996069
-296636650
159324253
-529038298
-528326984
-263764595
569982905
444887979
-916952
396768173
850608931
521511926
938164839
-965752926
997139367
420968474
814643214
876902690
-796368540
-392425554
-630040507
465937383
875220180
954665324
-633510652
-76015282
-707889599
-798283277
317148575
-924456394
-785966141
-915712135
-240506286
-305866731
250405248
380702487
126130393
-249681364
-912534048
-679641437
283141848
-360050923
-910275716
-386760556
-656382755
-997398660
87414364
-766416051
473369360
-390626500
-486002340
-538706143
-795828251
285899414
-53253087
134234744
520120609
-177683941
-92099846
-226227197
380085750
100277929
602472857
-906417987
244010294
-588850775
-917260448
-435481736
649051061
-145294423
532233635
591798426
458201723
325818857
334863882
105395291
-324073783
403089099
-371765889
-614513063
997442014
-194849350
-944151705
585000125
59133849
-15959715
-161041650
942732670
-516501425
-443872629
-805225461
269443171
-385575749
56081279
585969526
-11919661
-868096113
-909729505
745876051
571900806
-677742273
846977762
-832654595
-7417528
272715140
143056961
-446975979
-150711474
-465004925
961411642
261270616
-841811692
-225325424
-643250830
120154893
-204407136
-996329064
-23351750
717316851
560238284
-388305649
289834474
520339532
-32863360
59068189
198335720
204950314
-804674801
-586555847
164689243
-360050923
236659359
149933107
466216117
423612038
-143382299
-934219274
491342600
469263852
438059332
302714130
-407741947
946721782
152914476
143342193
779811909
-634449803
-291540516
-446364378
-119047440
-705998835
-507691139
-951236106
347126192
172250813
493700382
-985643993
781049995
-767328307
182073522
414934952
-132423611
-589017916
-993121207
-504382317
-210046782
864143222
828385104
594163160
-601745237
-364444488
210368858
-123985378
-349273492
-612202293
954329747
27572341
145047567
358265201
721739340
-142979037
-984565941
696351427
-297896931
-816465623
-371935124
-97358121
-456263552
-374898432
619836871
-656074990
-754383925
-403568131
-162655104
845889313
404700918
436064288
207668618
-546608452
322317780
116011184
82440828
-314335443
-864812803
909549672
-380481145
101891211
133577584
-266187185
-89277233
411953240
352333395
663454156
-206620336
-505547854
-649606928
-839486734
-465618407
-501417610
-77029713
417278365
151302276
-315290226
-185117697
56081279
-850602386
-180168044
269661965
-191341787
-195505942
-97535766
-187958549
-315521173
-164190378
-899598631
844093006
374571108
-832881029
231165638
417451476
428093492
80148278
790711260
267058906
-20938717
-35706375
388520546
-588401825
-736667993
444266071
-894099171
17983780
756461616
-777664141
-489720209
689474236
451152798
-575333669
456059526
441844890
52994523
-620745178
758855169
-500799814
580601958
-747019390
-55859459
431020254
414691027
355855996
-208790673
-132399946
-852434917
416413924
-530574396
-281589590
951213206
180027819
-708498162
-248793607
-874336068
65679035
-385019314
561768236
470175132
723951294
324625508
-450352315
-948091875
929803242
-253980049
271403353
750256553
37259107
-441044295
433819397
-380319135
573136480
965635774
-865054997
780169331
209698101
-149127945
179659238
29169034
-975379887
-715157110
-152824647
-169255860
565408555
430042908
-1746366
300620339
-10174361
-125138516
258675066
-522263025
-562677043
-49970330
25702310
-901624519
325214063
660149136
794899457
878585874
573042027
-952007927
-935292840
-30838048
418149058
-902400162
-814884213
-865549776
732447326
527120739
525696713
728051392
-196146193
-111578816
233416313
38177668
135979308
930089684
974588159
-641378719
-709908330
-397254781
849308752
-547896544
-830736781
-157692199
140771275
560141500
-405704067
453348757
-742891969
162478476
420566145
-322912853
-377313225
95663203
-905239141
476207923
-389282809
775611088
513511899
-311631002
-577912432
950274559
-358558400
820407642
168208667
148003132
492236327
148594472
-348622520
74698074
446773461
919358520
-930181748
-978036382
-162553810
201138921
100838617
906739447
-768096920
-636352368
-593306161
623891399
-760881268
-507007820
814032797
-754630269
609192102
476376939
-499845370
-236903662
517684506
-137318725
-398668682
-768291300
946092634
-759475166
578213887
807487630
787625936
124353175
-459267253
602461546
601261039
546951544
565282924
-492556322
-345331364
-361010477
634605715
-867606323
775441509
162627480
-772895565
448269369
296624150
-364697915
823138092
-24374743
-960835180
885713977
-592442086
971737765
131191976
-205028247
-508088886
-999129773
-177397102
820603371
-532253751
-172642784
115693922
-87419920
986351779
-763518358
268228897
-287105704
-746886831
628499725
309900940
287815962
43116347
243443501
212798542
-642475818
-395848630
646670641
-18951979
-784069629
-94942183
584789628
-518044024
-17264176
202691092
-614636209
261749191
8966091
382562473
522995525
-591044923
-304233534
387042213
483048267
-190604408
-156574009
-329265123
56794462
713740719
868259111
-434947318
-65680987
868390584
554411596
234946728
600202626
667791586
-363347108
-273175271
34429790
905025639
-942156110
-298417556
-862766773
-670695676
774035387
33299308
244253947
704193917
-689048958
-578712578
-488885629
-461181137
-419560336
-382062228
288390811
97183838
92154175
-588802182
-297595214
-993830382
487653904
678493904
280980361
-441333490
-335239292
834118683
-797125136
-15362310
-194849350
128596284
416998985
-565322644
944323570
-694999732
-946039782
-612255548
-939882242
336489362
-115401752
452676722
-923616355
-72906845
-834126145
-668323903
-431684255
-976063870
-305183413
313221856
328733797
446084107
-28061590
-148986473
494357652
484242593
370731568
129485892
-371494960
190304375
411077146
492642848
28482595
-865549776
-330107871
-755646054
186984909
562959392
-747730672
-57901171
-489890684
-411599444
381645728
132036105
869420007
-896607380
-318470498
-757534149
898979813
-345482444
-412726548
-723270260
351309564
-21254614
916704405
-874560704
844983346
757916165
330117437
-623129372
-223939551
69379545
691499635
104281064
-329468809
880241298
51561634
-624253807
-461864241
-116132477
29673685
295050109
758169768
563782167
-271576203
-86274143
-5675607
201988746
14725195
-383636447
971747452
-367517697
-103253336
-379440590
688551160
-915380424
457320472
-188757798
758669583
-356002640
-478037884
-846131492
901853149
-643005503
356733285
680173938
660149136
43585047
753511985
131933884
-202413765
8412617
188252540
457114975
-892327182
611015641
-932230525
446859144
812323542
203562242
863037382
-355587499
-270778650
-268775654
-526650614
-384309454
-494732670
-883346972
352033835
507296769
693421497
753992598
365590680
859917179
286508930
60696855
-684677726
-743078719
-143975238
-923844980
925414087
-879395210
-660574144
-325450767
-242314753
-276745525
186624560
382153483
229036123
-842518307
299699906
-113542686
966482904
-359946676
-827842528
-669694508
-977685258
-160572598
598862907
-991036615
-204616799
-280849070
-11573728
-801764195
-648938898
-51172335
178462193
773317586
434097456
128455610
474637724
76584954
555189115
849214254
290596750
-920742659
-839973044
-748882529
-211792622
-964779026
726082226
502755877
-606441366
85526811
-343235316
-45154253
-254048868
-964641942
-952928195
-653859121
-54573796
-598485802
675788218
242851451
-706322874
310897845
-250706613
853113480
779960548
292428243
900238896
681892222
205219180
-109204926
-796958260
-567340462
-551385341
884678425
-248889767
927571462
133409045
82196736
127055446
957633121
-103253336
704982157
-785258001
922680540
-754769232
38286898
-664352086
565023463
-882346432
-702543658
-298553060
-100537789
859029453
-767430431
-459199648
-159820746
399332787
-131090331
-54205642
-167125416
890197593
-519428864
700674094
4287898
-999620513
-314335443
813649626
-175173552
872904232
-57688542
321963270
297151951
874555565
-353204509
-120311774
-296774344
-293744005
162098801
89176580
468018232
731247396
-777173752
638209943
991576193
136389806
388989493
-94402183
28557157
-788541502
-818966591
127944675
703030956
-647881856
623620347
793588869
-136341619
-434237901
-711866319
457587741
678890493
-845019031
540035363
-727196434
935317972
144812581
-431962829
503711799
400986050
-440588387
865985959
192365885
-519882448
-544930579
-395977576
-945860769
871024800
66838505
190768389
735682068
-104269147
-179541636
473903592
7421861
533664837
-641943866
-635040639
-932555454
-157103011
-162232643
-188129937
-295517549
416981579
412435272
-89978429
528032682
551701068
350348340
938100683
781579167
657994767
-814179841
-1400501
1197757
594942118
-701957392
77728107
251333119
-677882396
446655320
-391483446
277025291
-285188732
746708487
-534538894
-559666952
455113176
729955812
-645082598
-186825248
-35839205
-88447683
381869525
-687261595
488188105
103074860
-27409368
-167652486
14303271
-293600722
685588429
-170398740
-942071598
37080628
-193558919
-453087200
781302410
-455063551
683470805
-359145809
794913994
-129136826
-345482444
-278206807
-426884199
-958087282
-75678202
-791696306
-26785793
460351290
124141764
226164058
-185513703
-758007751
516140408
-30208872
284179608
815481340
-43154130
924147778
833793780
-422187441
728793648
965427938
-685170041
-351162517
-792041990
-663725855
-45056704
-619551240
945712760
-274996109
-936424045
70804453
-287185176
136868476
581388389
292910860
271302112
-826922279
-556816889
441608819
-469869510
-647685696
832744329
36117658
-69610549
-72534739
-217441614
-869235313
-27996450
-621676303
-523770827
-130632431
831358453
34342582
-969926856
-167652486
-112609309
-823085948
-353569336
439463668
455950418
-924072763
740706500
967962741
-542474188
304901075
-591440448
-601620240
-135351727
794645630
887058578
-634930115
-809820676
130459066
-52112703
176662930
821389686
-773869942
-162588729
-651882260
-744084898
-705108733
-783087471
-129798007
168548867
-2488482
389178034
-220587905
-995749547
-302351876
486835116
-180168044
112636918
-913656873
465535296
-379440590
-808822964
793180741
-688083861
10432288
-912534048
881062261
-750368647
-205827320
25313989
272779467
-514319762
-871240264
-98993896
214079089
903962865
-397240242
-778506069
-292167502
567939468
456806002
882562401
-791810789
5900322
-164331746
-197049525
287528425
350075302
-397924063
225061101
416475821
74995719
-806282589
960752147
-713959931
-142310688
-883419926
-864427117
834774199
130012440
380516028
28999130
-301123509
269347617
704751933
-632748531
470300762
-510319007
745523806
572068205
-939050233
-291245433
70428699
-527270622
-723676173
-159698623
96392789
-721472364
-318692712
241149569
201660430
-724088275
-128424518
303693401
988292503
-363391952
-2138493
874052143
407801104
86708548
-594785995
670865223
322489145
942732670
-764798202
747901822
47377751
457862540
-584262954
55592909
-148647441
729376926
330461259
982647895
-995749547
-777686258
820209012
-401817157
507022601
549323603
-994416804
-273224004
-732235321
525061196
-534299562
-18096720
617868005
543749331
821828902
-894422569
308084344
-313611594
477429860
691708112
-526936826
-770173538
-522345013
-854592162
-495608298
478580651
-515242938
-425470959
-642539744
-366501772
-81893433
248292373
61561899
776532169
-344374582
-968270401
-447696910
-726390125
-289078082
851978448
855655367
-379063439
-497620541
717797052
-326233971
-135994505
969673576
-214911568
846606722
310223503
402756959
325214063
137968451
-975973870
-687787414
-165963942
827087164
107477010
63568466
250964431
-551047661
286702242
-12344481
-872374010
36772306
-481718566
-434668960
323851315
-365427610
763636697
604850156
647313320
275438966
-133942644
111799219
963560153
-647421915
412236201
-816383237
607400877
692392884
787746536
516140408
103548301
976849411
-506354511
-836783149
149031177
423137304
-757418980
-762263975
30525081
-403734909
-824628765
-650346711
290871593
689951905
418304885
333182720
-48989164
-520735722
-980043349
562324479
963724024
978408598
153368004
-862703057
78609692
-461070934
201660430
899892102
262350082
-832068596
-637381288
-377841330
283630725
413056403
-247152907
778572961
895437779
616474740
311352007
-343700874
992430798
-479863458
564277835
-835427189
627568042
-424124732
-951982436
697151078
-590067685
639504878
-981095356
-282356264
-396571140
466708696
540670967
124281810
505009629
-949309756
805889149
277150008
435962121
-46034649
-287371263
-415921472
263636586
-373730365
-760062992
940946001
-985695706
-452763744
792860949
379978167
-396169331
-455407146
-839958854
997954708
337663017
173862051
-601157041
827978234
292811703
-987807469
-446746567
-879558898
138918643
2234964
748878181
846265410
-992374923
-993661243
-805306325
-188179418
-484489601
195880226
-283874939
-240065333
-99863127
753200595
105183002
943458231
-605614451
-990102816
380702487
-671778620
-813752899
614809304
782462878
991931573
-122137169
324537321
811757105
-364035583
-351426861
441143555
-623208525
-192167649
316789421
-517510203
-798684445
402482975
-320906883
-674098914
-967506344
324216228
755424340
-603882083
-253154614
-383052107
490588119
94947822
-869921515
53437007
654355316
-19030749
31071929
331929898
-75678202
657209127
-835427189
-28261509
-659646895
171879993
-769976562
504744996
84951416
-372195924
-504073478
175234889
-883426094
-843713093
-669340945
757718930
-221851521
-342604640
852276391
-824230958
-736667993
-48336982
-59962122
-166192769
-767468646
-765924243
-395278062
-686710257
-157974042
924939481
76121144
-752125290
110851482
271929524
393659186
-958734751
307776019
594163160
-819834789
-220951604
612462059
-655743760
-783202358
729658933
934297611
-419023613
624361708
281734690
24834623
-54737229
724235113
537481332
-98136217
401136475
734327852
657344063
-28931939
13848933
30636295
-22828988
747432527
575054386
-633458830
548903381
769710044
147047252
895019604
539880580
-70403256
-866204750
917615121
-198206246
419277667
724970445
335827520
906283172
987393498
851448515
872508350
-76635366
-399414254
677042762
-796218353
978205693
-346311585
-747426904
368036538
399415675
367809168
-538422071
-44685343
947374897
384898767
472770142
-924357372
94029154
620958033
-674881087
-295074099
158374293
10283533
-447964051
354838986
908251472
141041948
-184068937
-277904239
-801729516
-872168757
355576435
-684903260
-46014409
451669085
496035884
-446350647
-881645154
626464496
581243298
-507268666
-777515992
923143446
922195694
-520091694
305118407
-81700494
557426631
499745096
-633998593
-392113743
-607090923
700519538
175578612
865527908
733151022
760073878
-436220827
208557000
-626161810
-255695684
975459964
-329265123
320209729
720441700
257854117
941244327
-378373769
-690602732
-203509008
-936045000
-626045113
-555839484
963230377
-660403235
853897004
-364908958
-507007820
698873622
-711551443
-427141977
679646639
859944626
-867066278
575397585
-896224641
-668960109
-515922993
-983127175
-437448691
280531776
251771469
-823860177
638998830
406597098
72671182
-675577204
-834305358
817101182
520710531
-895969734
382404387
249506283
-747144150
881871986
398414381
229779494
-888947688
703558028
636015210
219477252
-948933543
-584422861
-921838276
-216455848
160134985
186984909
-602890019
892185166
332316894
319081502
964431525
617060863
941316327
494480713
-849197924
382892745
876902690
242821708
-764905436
949158201
284041227
186624560
121605019
524566043
701668915
998466887
6843340
-907057833
-190416784
550843424
-838021970
-911648558
-898017221
611773644
441143555
-97864924
-263514359
-511304146
928548237
312542700
-480379551
-78011435
-8564991
-87974628
-645276733
598630252
-718067410
-606934416
-461268425
-489608230
-576889091
-465970078
437018732
-865155321
-672414321
-857660156
-29581241
-800787799
-8273665
102160532
2874713
-761595200
-12734264
-704405624
362920533
963724024
-746668070
-899455292
-183128466
-525105719
-819403430
-961678706
814365128
11196781
-653445833
914592080
-525134986
-951318677
595680601
546053491
-71219130
-882049681
-406221513
98708577
582934824
-986119636
-919309115
-469817675
275759497
-91792489
317340802
-99236248
38074248
-492124500
-224298030
920734629
-573796006
-631371410
535672514
978544029
859592155
-748543532
-334814547
-491546549
660418439
-264980995
130573664
544808582
465374267
-377797671
459779368
-415498135
-647551690
-389074787
-757230581
998466887
807860870
861439166
-760062992
646113758
-264163029
481470433
-694959203
-293785424
-239988516
-181187788
355769428
-897488901
121775751
655997697
-664874296
131191976
679842278
-405219826
879273839
-848250226
-727054566
792325716
433426099
591115277
-149188776
318475032
-21780889
-388402658
-433829529
481371818
-802661588
756106660
-768625062
684152041
-499421202
-300521917
54645861
-790039846
609545794
-366931918
-536675400
-592915833
-982449811
-662629241
772830234
994625270
18622724
-209549479
-621229122
-931634128
-134600807
-494459532
332520060
889345823
-328990412
979046762
834173806
-323315131
-741681889
244050663
-460185743
831037587
-300859503
682695363
207838365
450062886
-412925521
-46279871
-214835033
-921096736
-294245339
-773037088
89573181
-621035585
-126651401
555896972
-738196913
94264164
-905399944
638783117
170733222
-779903906
-280849070
413509786
765720292
-610821829
559644708
768941630
-530423467
140537401
456331902
503288951
-895249768
-992773607
594827210
282417629
965635774
-744807383
642247094
881832872
-741281193
347746614
723457513
939564412
532985178
397856861
-727196434
-96703245
648884091
-428305240
77287873
-64248663
-837251411
932975871
-193446487
-6027908
4693939
-837681155
357670791
-168240422
968071915
698614675
-659417290
-751826382
-712414976
-185711245
-743059481
364112009
365245048
-589435345
465715043
725692327
182600198
247682461
435401197
843612192
357415814
955112424
-203955443
-674762492
-562785314
-41270303
-744316166
723211821
-691566818
-56886616
196880290
697126171
-14488527
-920302861
607222209
710246235
-371494960
856847858
745751837
-13749738
-998784392
-278813797
662570459
-623854411
-202571520
-742187091
-844018264
-296774344
-686535205
-38737425
888522354
441282716
-619008189
246265286
-999544297
501774364
-729839606
687709380
380278038
-650895164
-165494826
-371836323
266398494
361682269
877932617
-639737960
-647466126
800550283
-329140403
-975730057
-688123692
511652295
-661742966
695260949
367467008
-23862970
-871480047
858773832
911641842
277794460
686371314
-139407607
520939551
-795262371
-452101202
-92402794
-432972950
-725264922
-483698594
-208001802
-13222220
212497738
312392589
209528245
765192757
-412078634
-521975091
-444454316
-831999299
-61879836
243867452
620100350
-160121868
-620831738
-581961789
-184502951
366862489
-820281356
-11446206
681569174
672425337
321024667
685816555
-988108510
112480572
729637037
400156980
430930105
-862639673
244679706
-868413174
273620922
955424186
737723386
-455407146
-140638011
-997889667
983897599
869420007
-575581481
147164138
460787104
-513920710
18516488
-58429534
-619261326
-752440284
207387075
647094154
-694757483
-974117445
309013957
-991475378
394197405
394844942
-182280502
200971440
233369061
535874031
285848297
-596378970
-927632723
-888947688
-722367860
-59880775
-334156142
-716631301
-858030050
86834762
734139945
451455943
-231093898
-354056379
318588870
744314765
-569645660
-85792703
-162762833
245434712
-73592482
934033141
-253252679
-118150173
-794615666
-83437956
-884633350
-690396262
-679641437
160799622
686420370
655493024
861439166
-951318677
316615485
376569547
-25524856
272502884
-902994137
-277248088
915076057
-444352612
-35676867
57745043
-90871510
-921235494
586005384
572756086
773853000
-533743894
177211840
-31715523
-54117649
221647174
-266891618
36382589
892845202
-700855750
-387402515
-247347797
-196645621
-491723317
105854972
456900721
-150827909
-79641765
591798426
-69860209
852276391
-241650881
-477447319
252022866
78860136
864773190
-648766433
-10938754
626464496
228468193
-718498952
-448643251
-270192861
326580675
-585149754
-812551427
21271593
846606722
-632909588
-768291300
-161832508
581243298
-171658828
194874523
328964622
975278592
-384108373
-467391978
-94134805
-37029650
-717103134
66067548
184370405
721452738
-499121400
188739805
173342960
774774061
190444578
-776889644
312923579
-472268426
-424391898
-429686557
600171695
826799772
-840274456
615306110
-223166298
-385575749
-103754688
814972283
307182046
348577291
638487879
-841777346
-616481185
168804373
-8621932
190867144
-608815402
-382138339
119877668
481470433
907891405
-138190459
-433989233
-798568528
-875904652
829936090
-927827718
165035376
430813371
260785675
926282891
-577907426
314381497
-267245881
-659698548
564330031
255834507
-715157110
-944552374
-393828141
-163939303
838458587
-292140694
-38737425
-278193835
-541874847
914641548
-698661613
546853333
-411715674
-405876674
107731766
346684579
-917999905
-555821215
466943232
-250458158
-132919924
-128774905
-145146618
-751860019
-989860294
-616368330
271334684
570884111
629734191
695429320
-894910797
675525299
-951651305
785495339
851759437
-139155068
784654295
-436345580
564865175
498689910
-641783305
859606666
-371587987
-467286266
849933981
-234960041
673103243
-209159059
21572112
780064633
31548733
13355297
916551538
-631794420
-655743760
130810144
83616480
-931219952
-300768937
480543905
-376966116
-199211260
-939435877
-773206120
-625075544
26312845
888471259
-308701927
-875690870
130954875
898943561
-694983771
-72477747
484086697
-79293634
-967600489
125439952
76786600
-501417610
-259742832
-606463954
-868347628
896770037
-233590454
265943344
-771404206
855032888
-242140812
-471334987
889776576
-51049671
-736866343
197883505
583943207
-95573921
980189113
124316283
465272507
-591044923
-97205821
-709954748
-393553819
32297196
84048303
219196552
889090653
-981200412
-892894554
-560009386
465413462
780169331
-534995076
-799504254
-976373629
-39859577
-763805202
-737385969
-494566679
693757617
-193370002
-525399352
-50244336
-331031336
4287898
-637265576
347971681
-669025954
844983346
-126216687
-579355330
219196552
833849172
194874523
183042961
-988527078
-657050734
-782067160
-810791947
816056486
-615623211
-793601803
382562473
-930742365
800971666
151937656
276356399
181738850
813254384
719577140
-131639630
-42429640
699404931
-73962399
-312622962
96380131
330895429
-600260736
6230854
-208001802
-592738718
630163730
435146878
38358616
440482376
564330031
436644894
-839973044
763813539
930459102
-395753438
629339126
103218387
20762056
-318876597
-928357740
376685046
-416619551
646868511
-655010699
894792818
-206620336
-938938
975278592
-385575749
375596110
-851025
-992374923
719937275
-882049681
-164673548
250115975
-535817618
993040777
274910773
-311705113
-509506138
-188559751
-677543220
105020243
-581032786
128387177
-189325486
-934219274
738994082
519432285
-653714846
577169155
228908645
898911221
231522257
766971851
597149815
-135663406
838116896
222788381
-34325103
640404386
-582577861
955786183
-209990997
-630211063
-704246665
-817090382
-863292936
-270748120
714576032
988222892
340252146
-572029499
-189441913
-456200050
-802609424
154005751
700556097
-41592544
-135832590
343316571
615192303
-532253751
527766283
-955054936
-505417807
-954643583
-851025
930234006
-717691897
-691669208
800550283
-172317916
-217794342
652101569
409072860
-499630911
767848727
5439742
-409805314
181738850
-478240867
486134977
-81700494
515053400
-809835605
-388819985
-458520901
-975973870
333182720
-1865078
734989910
-524420103
394358669
-538188642
378241243
-510422275
-329140403
-597138947
-335445794
-988994964
130260537
-666385441
-875449260
-202989836
-659162701
88657631
756638181
-42178693
965831768
-52933311
-286707965
-657697512
-846825180
911952339
-431267907
-343700874
81432022
-300064608
447026410
603542120
553216900
223221934
-26692061
147164138
-795760598
-401242702
923428036
-124415263
-899291989
178099303
-124415263
830531876
648775796
-893118389
280276874
156751883
434250179
-831839812
-323517527
977790579
129323478
490116711
289363378
-145218402
-164691291
-795262371
185705518
-721604958
924856687
289802078
873637291
773784469
748342230
991065619
343854036
-833997439
950692816
503457728
-33019322
-163939303
-728963104
-292806325
-700360659
729048829
-412229693
563165820
-487729722
508737212
645369855
471861585
669359247
-533596645
-236182265
-221196825
522003988
925544802
-279495608
-33554667
-61957416
-217243617
28351882
-224757738
-218356902
-750273753
-771309066
-324917591
974072482
-787213640
-675498167
-605013881
151937656
-830188377
531962721
493402440
931921725
67635113
763305733
-600511115
429416717
-587427262
-307318279
-506989337
-322699152
817619823
194401187
806275864
811852538
-974389987
-631371410
398794132
-277996388
-959042300
637442458
744386965
336288652
478580651
-330496968
-749442211
-765936403
47043754
-281939272
-164942650
741049928
801529799
-470759904
832921955
770555847
497643971
-692502522
778832064
533921339
909449289
854386593
321963270
-621122482
922010779
-421604574
-338175576
984481394
-717432645
498494949
465374267
23214681
-923744929
347971681
-220866002
-239988516
712005730
-96910472
-980242173
465388429
216830518
443215704
536506458
-206825945
889718520
592749468
162167218
20892504
-462988040
338281045
-770279918
178788430
-136091925
-972653019
291889818
703520948
193014729
-461767972
-613667824
811357664
990177260
-130824238
233148170
-229702055
-876140421
-767057686
-872092939
41922777
212826824
637757036
202983409
99753271
-137030078
-838377896
364033138
-22225463
-491452725
480017086
883009839
-984565941
-558646673
922502940
-198495766
109605655
-974152157
-293715380
932975871
-83759653
-131156621
-472202417
-203644566
-435703569
995617601
-67471601
-911097847
989700558
-821158206
349976449
-841035159
-698247039
122185696
-854503135
930131053
64878130
185502179
-772235557
-899598631
546148091
655059968
-732541482
553082161
796129110
-565322644
-133674403
-200413117
796489349
717341586
-817745900
206511591
743221961
-819638436
-616368330
226408840
-483698594
108287823
-160572598
-634793496
-38893706
-176990720
-444185928
240456612
-994656369
-209305677
214533857
374124515
-163349409
170498337
-512999764
-613329224
332316894
-290235534
867947400
-109100182
31071929
370972529
829222327
-5679408
-769838723
-123943089
611897985
867090392
-631061437
-14233555
246738589
263993522
219630696
238293836
-735653368
-836519325
396768173
-850457286
-558459991
10801349
-264926190
-352318155
-644879635
-21676655
939697034
251859549
-201382355
30584668
637890594
618962737
-920707747
-425470959
209638660
-70186715
968830432
238771749
-98059798
14596387
-658628557
-648045591
610382390
-710523473
-440655850
-613869475
-915853952
905986587
801921712
-143975238
-702234018
212274375
-577694596
-529911604
-463430743
-603547462
189656395
548329394
-258478977
-361716869
527496440
361535465
610872069
-282514744
-46940058
-783884458
769918597
-699994170
-677099055
-436220827
-579201006
756515215
978118457
528941764
-923616355
-419382560
-478426352
-681351848
829222327
-8462363
-752158685
382352639
759264767
606516426
-400879415
-244902498
951960167
-455624004
-269363555
-505547854
778626596
-100452928
-590655062
358543856
667485112
-23489579
591316147
183993802
-797951449
-214215647
658412282
40242542
822146707
817748647
218380283
-793755070
-703126725
731428442
-363124712
-669910217
-143132901
-368234151
521528632
999819033
-264217362
-513514604
766704066
-698341251
499377754
-694491365
88445552
-498789534
-231921542
-205245308
-336220834
-160432609
-287798900
-487729722
-137023561
120769450
975944256
601196905
190940837
-278901833
-25412902
-103489633
41476465
-87757346
536061829
40917067
-386567500
543863280
497560826
931276997
-242827326
455852664
-288492479
927886508
-559281200
561891429
404700918
2645613
-339198603
385381926
834563950
786164467
403305068
323084925
-911400381
435668416
421843597
-978226174
-640061461
-200413117
85733463
33058077
249158318
-406458421
88657631
21439666
664973987
236747961
761728221
593004208
-267795825
463974954
482043876
-870508598
-471524446
-505128941
383909936
-883426094
-913891990
-353355463
-937590686
164991641
28976664
-731210835
758646470
60402804
934232665
417755397
905337012
945032527
266020461
-522757410
953054537
-436690986
459362026
-994943587
-794555708
95277417
-653328660
-716982443
-143165792
-813658793
-214742947
-692166914
737256690
-580995016
873487296
-532853476
-835197114
-136881963
-893090215
11040949
-221490493
-665905207
633058011
-706322874
-328990412
905884692
-997555156
-857018049
219084723
-673561532
153118459
383932033
-517765602
503958041
-173392849
-263081336
-215784158
974721457
-297657719
37443522
-275491639
114396189
-638134352
174044418
-61463270
-465250037
312062797
24834623
-910615976
523897127
801832319
-268696122
272548870
247525275
-149127945
618600722
-196991938
-870399335
-142636419
-678563099
559538344
-192948857
-599596523
52414569
348669805
134540238
-641204741
-208790673
-298225334
-424554539
-307318279
388061235
-470210814
-14964057
-320853734
-327153092
-282356264
714576032
-136014816
-573205031
-387436965
820506262
821222350
899603859
-337916983
663900943
765684109
70191155
-41556694
812696664
337140388
-730636346
-546706655
-388024817
-468353287
-786167656
-17655016
-540282965
146432261
-400020874
-146093423
-305062275
963332123
-71013188
19860983
-557541957
-315090337
-666101552
-742613830
-933874466
-340468772
543412752
653392028
-623039554
102845442
-641282171
772267487
-374878305
260402327
779952577
-565636493
658080746
-883172869
-151866614
344680625
-281013755
-476220793
-656226505
-60369571
-673801974
181738850
-18854983
627080720
-145218402
942909005
288790765
-2969580
61987717
862700483
103074860
-367802618
-948091875
928228730
573275328
430813371
-736215576
-888623490
-537680103
-134743056
67588799
697848233
-814179841
619418163
93148205
-890604318
-789769606
-372020031
-543348998
-10898378
-93387744
-129491067
-116678551
81197782
373935337
-911319368
-213612733
375884861
-718498952
590232958
-429686557
-463316192
-274544210
-223615972
965203975
-549859632
-502879385
374576711
-161666079
777415966
537683674
647967020
-221851521
-757534149
-748466212
646923707
461883761
-434947318
78142929
887925004
46561591
-237787565
-795491955
-873146633
-155458658
-978036382
270812427
-41365206
753798908
508342520
-445279358
-669910217
-494891713
-817598420
-522263025
-753026800
-249400961
-361755378
-463396605
652970072
195429935
-352456253
-249918097
951734893
-728346633
291165478
-768096920
284542435
-633085047
740440523
-483405881
561768236
939518524
868724083
224235106
-383318389
223978409
241892839
-732235321
-507654598
-377679770
716938516
-412925521
392554126
-941428890
-503178325
-751189380
-583217107
-363970809
-122327222
-439787126
922914743
260293856
-685188302
274724516
-359145809
656031344
947650506
-985431488
561377634
-461070934
-240824507
147708143
-493844095
901934062
402344707
701114230
67537578
567884061
-282201099
-880628594
23858560
-164474076
-816019401
164250946
-852373852
393364657
141798301
-443717024
-108874182
715931021
730999470
-39474674
271113402
791279452
-61463270
-290778447
-635476764
-736797739
760149295
794899457
379527482
3967729
-441044295
-235949754
-251491217
-415788108
-416619551
-954219908
-139851222
893832112
746855536
252679298
-793861205
-682820152
-665004180
103869459
-167652486
418494484
608432927
-738662426
-52095708
420023532
431155422
954165434
612287155
715354906
809708748
787666749
-818813529
700805541
-371075068
-363332323
834908722
770555847
-80589944
-135946952
113592327
138918643
362547495
49732764
-6395301
321709055
-485394249
-190002308
-881588153
-386502144
960801206
-430829008
-327454945
676630025
-675891133
-488097737
-753449247
-242314753
-550340963
775052793
-214696296
-412399725
-755264132
-463430743
987905667
-466054852
836392912
439172266
-317974380
953584022
966184299
-489890684
-821702743
-853560622
-957034866
134016576
914274579
807132692
64319636
909392619
-739023060
460883536
-586823619
-245536948
437505783
-555485430
-195397769
-905399944
63608212
116434811
582759914
138055706
-489225922
-181686444
398860475
-453746739
-219177984
102160532
-398149994
61987717
152204579
712373422
-968842608
195386001
406199760
-422348275
42754602
-761182054
474423289
-796634993
613765305
-860352350
906185686
-670477886
-619261326
-178084183
270961202
409027017
-808965618
127467499
180473628
74377304
579992581
119764179
889090653
944889261
644511305
812912665
252964026
943458231
781270484
-351426861
-544930579
-958592541
215354850
-111180413
248184813
445753780
-254187503
847674304
-901624519
296045327
561830201
438107326
58315765
685902396
-918161450
358062984
-718927568
-87571124
237741901
480327096
-373411281
309535388
637329418
-892313000
-760709733
186748137
-484050119
-624533454
834774199
918971580
-137216950
-502579004
855120418
934937543
378115162
832515505
699722423
712123326
224587494
-103253336
82967453
-42212505
354744017
571170658
283630725
-549761259
-139450832
409287069
-453697668
-364908958
-431267907
-478240867
-84802952
-260084120
-276903957
-609879882
522062191
459181444
-107592286
771865057
940312106
-731859722
-542598463
333749557
-376966116
-235807776
-240824507
910779948
-257977092
520521817
126903396
363036478
-940749038
-955921634
648635522
558572810
-780446861
332047224
179150540
79084044
133577584
-724088275
919520536
-551531384
878385195
488429162
-827420854
546214887
121511807
-438641169
870822495
-655293778
-116426197
-167431124
383362575
887106610
415124109
19052334
-742187091
-774832406
-791918625
700261826
933124594
-862560397
-814283973
-166532471
-754106882
-849221593
-52899617
-874695837
671558110
869984214
78304821
46008967
-882108513
30858276
-958734751
130012440
681892222
-185286730
619640790
-931894632
-363124712
-812659595
-826553882
225767474
760149295
35671959
-319818616
933075367
754898831
-474288412
-759310074
-762121853
-597108232
968071915
513772264
-58039042
-771209476
-158462343
-893652343
35586041
118225806
45630966
405159348
-414909546
-749154364
-641158662
801453986
-411761966
-520488591
78760472
-469445291
80428736
344036522
106486667
222726346
917615121
-313892342
-603547462
-353528573
953414333
600716597
334774781
-283673931
158374293
-562162023
981128075
408844515
-14791576
-370042964
455559913
-315364871
467554499
-544130141
945514044
926772692
-7606723
-615003025
-57176938
135237445
700425495
746708487
-90255092
6215347
-191284650
72279048
672046045
-396910814
-243487181
-280048492
477939804
903894044
-54179568
-383262016
-470011840
435896433
557668490
295837065
954576801
-832533975
179025274
359140643
194465229
587374877
392160424
-288720154
984320210
9349337
-511381165
416788224
560832963
286757112
-272531773
925414087
867549938
-892701355
-734124163
902443036
-492995103
-369078868
1104649
-847370747
-759951702
-260049035
860056605
-552858609
590795440
424031532
-669340945
-375194508
-89277233
-790883513
-782438231
901718436
316789421
-395977576
-19650631
-547214849
74599715
-227295465
340352354
107805907
559863438
393751175
-786167656
768050916
-929225789
-426955182
-131812831
553322937
658129914
-607830872
-274172094
640736439
-412229693
-240469907
454421102
123320493
-871001434
-546754033
828152070
-186229092
-843639842
-747814080
-600189456
501605966
-207217801
500232283
125923239
160902293
167013748
-480644150
776295164
500619426
-415048191
-775062066
-901371163
-256274856
-911387614
514163394
141798301
4992503
-172107310
-446364378
472962114
254616354
-831352932
336356395
954669313
201789331
-298841156
-61957416
684350308
-481022253
-89978429
608432927
-600477907
858985124
687754305
985964777
758537203
404393565
991653396
-386880322
866810394
576473175
432190476
-271292015
-536675400
-950582373
-335938869
131018312
137405447
-999048983
795245643
-978988599
-901497233
-52996946
909771513
251453969
98036707
-648938898
-197949941
-319091479
-800485637
-804371029
509196544
559148122
820414042
663190722
651604033
-924505680
-374185088
-487043008
-110281427
-845820624
-769976562
-564416178
-220883376
-102406356
403021239
-84475911
-323769795
-898520279
719622520
-543152503
-84366212
704503662
570448846
130573664
-548463989
524900770
-263514359
-180233013
-311583311
-326106964
-574542500
654355316
621992040
-877127743
-948889719
-840031953
-745515084
947275450
212136885
-726094094
37259107
704751933
226164058
12072473
-819205062
-870810698
844804165
-696883435
-697356266
878744837
598862907
756419088
-990346015
-960075260
-93691160
35829411
526856011
-714959278
-441413514
734741699
-689520349
957157646
70135225
942510856
254114588
898501191
-432707693
81634470
274238695
-21114407
-473471891
-85625135
545276637
-237212254
-825970796
464521191
-98720633
609397975
-303350354
-850901841
789659203
-164550956
-490172851
-570299133
827350960
-709166789
-82109669
-351886081
585570868
-479554756
-270626975
614397920
-595325422
548942687
-416954584
404877333
-906091391
-675577204
735682068
314564416
452390160
877765256
-754709046
-206825945
-748393337
383834936
-710994611
-602123961
59803874
-660048107
967962741
-255199448
787414945
-306461767
-624332321
887423037
-121108409
-603655217
162478476
954329747
612287155
-396910814
673398995
836225137
-702938251
-501100329
-725038516
949158201
749461943
-520593710
721645920
-718209883
662940451
853282017
209528245
-841046531
678360215
-399588918
-382956468
-679892181
-736387979
294553212
-164474076
-893652343
-891322893
386991773
-826095393
-455185440
-549366619
419277667
-491723317
981660130
-875845854
-681261600
-987249340
215354850
518115563
441394651
434937965
-434710869
591516450
877049690
50255610
877579939
984077791
-43154130
656343401
721267458
924468956
-158193497
801418607
235343130
989541744
-223939551
-825827257
19860983
604547251
-596037917
664458092
-29381165
890712788
-548226401
-589359793
24736392
404298931
723901797
998965568
-481718566
-355218661
-118150173
5949530
855997580
-177919324
-150260567
830738035
50799447
114520584
-631794420
18935977
-996892415
300262326
-640443353
-967571363
-683127861
263776722
-128656202
704408783
-596422801
6693557
72694340
-318648100
738474164
565191115
-707923996
-700561191
-627010243
440854726
241892839
180199356
-594389265
580441362
-111180413
579513622
-710793593
404820813
302781211
-748090428
606006388
-214864079
577169155
952551370
-101788893
-877607605
-751410192
-442629473
-716790154
-219690903
-818026792
533367999
67721677
950473388
955228245
907818771
598862907
327914758
889854033
55752602
377842235
32048877
-590412112
156261579
-981200412
688688756
644732367
807487630
-571328641
-606703360
-893915262
-710994611
-533522420
702967831
-747144150
-38511904
-933798444
-265896071
-562891164
-205752610
-366247498
-801496072
-918601427
-91702883
5949530
-760925080
977677910
-911182713
-761556362
757840514
567715404
-83007307
-589244725
462874172
163649982
-37163339
-176014310
-25673078
115664542
-369078868
-762676819
-720875953
96297291
900860279
-141856762
-87757346
-289142364
830875377
738936591
-49135537
473969063
120531728
574100387
110440442
342667683
-860225629
-621357867
277682964
-624713784
-494645561
-7772772
-685019656
-806160042
-301384829
742707277
555760396
499585283
68284169
-105526591
672583243
607290975
-492195185
336613450
332368832
441492912
116817222
280497101
760930381
-53428576
-654977840
800971666
953676868
618962737
860563705
-311440272
-673467090
424988003
344138179
-533983122
-321567790
978118457
997928946
177507589
-918601427
716585487
-468740691
578634662
511122622
761391424
677677280
952324038
-458996770
-39221294
-599376280
-201193639
528331933
142767962
572268827
-746110476
362960146
-45183570
-725264922
-453907961
575907945
344563488
-780243416
-567585773
-734213943
441965832
217939971
161694414
297527806
-414652183
-481834368
-580889901
911017066
-958955859
710898662
-956777133
541347133
-31884036
-923036259
-972653019
-533106213
-40254338
-202496256
-237598343
948954174
300813010
202087662
656725701
986182312
-71275907
-390093887
139344817
286183131
-714959278
910289958
662013728
-368827498
-429947476
405262974
430520530
639016956
-625075544
712123326
459779368
-906399508
624593561
-984198836
-359416392
-743909180
998211737
-446481702
895861876
-308275356
667252792
633873816
687271612
55421086
733259421
238797573
711102980
-279736084
940446746
240718008
291116118
-197185118
511044867
100341910
-594210512
802331905
-753551843
-627545375
-744274022
-525251163
301449574
801882411
-432636063
-992602596
177746957
861525970
-239542232
135815467
570090487
-427857128
-702141326
904823582
-828044356
-364498556
664510266
555189115
310870929
-698660347
-806407824
-765655755
-185286730
701163269
876450765
-457984744
-858030050
84484653
-975379887
655059968
-692357124
777930823
334064978
-208001802
-666677770
-406087856
-897078421
226679836
-18380723
924422659
-880703463
802331905
130309763
-726773923
-764858745
297006056
341167603
526063935
-771492286
883959273
431361051
-460622754
-937212861
948884059
483073315
273970269
-53710696
-827263473
598291845
215568653
812696664
746524586
-718016307
-653292082
-177807078
88445552
632063207
755876448
-58710511
-612554890
83690193
54073292
-964813121
60696855
-270332265
158374293
-17613068
-101788893
247880354
-401454008
-591547242
615442630
223978409
445997064
128908903
-57369627
-12548688
344469434
396155788
-443254661
637661254
-619649104
863037382
130810144
491790117
457431681
64437699
759565124
-282201099
415705754
-355836601
-893805772
325214063
100217363
381645728
583943207
-798848583
671701514
-40254338
-342760868
932770631
718315223
666407976
602570009
-94402183
-676120640
-223939551
-256961413
252806121
-38055522
-783114218
-773328455
-283761959
-483405881
-985187862
-341829903
-688036284
-791385107
-852970395
805830991
535222622
831070001
652831645
-706671734
692564935
230113390
61363960
-965549498
-800065489
-395205430
119513678
-851311905
225803529
-738719678
-709532958
-543928901
-315548499
482583957
-982027879
-733510149
-678563099
-714127143
-3153337
326532116
-230588774
-235434501
-99538857
-429758982
-121285898
-509506138
946412425
325350689
531097276
793483459
595896814
-175173552
828674341
-233728278
966329857
-431962829
-844445759
-649308735
-634602379
311808194
188674531
-855564516
-391900292
-800557054
666886846
-787670601
971156480
-738103830
103074860
564865175
980235390
108876939
-659756737
63357356
-441700277
-7087998
-142661006
-184179742
-473747260
-272208697
473646161
-660848141
176257953
323851315
175389403
266735071
-942225684
-827301385
556358850
429492220
-643920267
-197355101
-485648865
374462781
-183394867
606189832
338554167
212237843
-224734925
-899878591
-584797845
-696792816
555555914
812815628
-796488552
-183767859
954594783
405159348
-32045569
-551385341
496731075
882290984
-494802656
-36338292
-778454975
551363234
759432760
-484940903
295922299
-456169419
-888470796
345322799
-894228662
821697373
421594472
-809955788
-985431488
-48916844
-922235709
-72399845
-356088673
104002244
-316472516
-440782007
99901247
-959656298
364939633
-225906407
-52027489
-272886273
-636591912
878256569
-954219908
-568923304
655460837
-115550644
974290104
22425814
-737711408
-142661006
313721865
-506629676
-539755893
360115538
308385651
-636706566
725154984
234285873
-596087159
-359946676
-755412110
25197749
359809673
239144839
245211557
974481378
-112261005
-578499410
-544761385
-543095543
-194340959
-426478243
-687952525
-567694866
-580176875
-195360340
508879102
-342837971
-316446855
348246251
426185870
-428459428
-489460067
-77882495
-773765790
788262475
432134885
63357356
268834613
-523087281
-778788671
694319557
332047224
287422879
767848727
356987285
-760709733
-40900512
978686055
-561663328
-292197788
476886171
146897148
-569808983
-660302605
-521740550
788433653
377238187
250309047
747688404
-918487386
249506283
-752158685
649715267
-612335313
474773562
149626315
571194504
-330160137
-616290798
354058799
484421124
121342184
177849662
-940274773
-232366742
713887537
377549942
502091419
-188868015
-510345785
748077044
-583325940
105020243
-322467326
467575860
-681076557
-498086696
-257097855
-308113168
361345249
-613806999
563165820
230241433
768183331
940901567
526856011
845438748
816743068
-205424311
-301253647
668700749
-63857360
-597390787
-373128837
808571488
772995852
698360265
-754178286
-509506138
264648636
824133981
-469575633
946835693
-728707061
215354850
-136854517
934937543
264648636
986702485
325818857
578781024
110440442
-335170622
451455943
-202029543
-75773598
-75349570
-765805677
-528326984
-96516985
-682820152
358154247
669747272
-595062673
-132452247
53544049
-157393801
984320210
-23572849
-698613242
126478327
13678064
913091511
192184473
493926480
-290116187
204194930
48069965
-684903260
845034455
-59043773
-34693520
-380608270
402205601
319629513
-512862830
-632237689
738748005
-361370358
820630541
-403682173
157863411
-458766754
232239921
337663017
-359544109
-661436517
295416618
-858969350
-1421801
295497248
-722065834
223978409
527840441
-245536948
297910803
687495724
-26320095
349150041
504485410
868889471
-621676303
455977105
-695693837
414020413
-892423566
586818183
290014095
702373850
539778825
418557905
-331621444
732113226
-971192660
87878795
942732670
-749276830
-386567500
-853788029
334927973
885481636
-678127583
-27797106
233983439
542670752
-162837091
-494237282
-711269265
-769886604
375488603
-413266844
527356566
692521080
-50778852
176106157
-115891961
-961323262
-903342929
-827533122
835352442
-961678706
-405636278
-477755042
-51874415
-23673344
775471153
-254550125
-88683307
746067736
-711644361
185102654
-800617570
725566770
-76342741
-344647942
812750417
245434712
847088833
-422107072
747688404
-848776815
754201800
-492195185
775471153
307260358
-748191133
-766416051
-476836858
-599904702
-302456438
666548398
-106164130
-148113571
-66927725
326221234
-172669427
-794241417
-276070785
867167579
-739889325
-907057833
-600687311
574276306
-120703416
-921955142
-906149494
960283872
-934133287
138918643
-444921879
-54366719
721267458
-495484673
380582252
-692638561
60777226
-851019543
-345331364
7461764
-255199448
-128573199
587847973
-917120654
-706971318
205397544
-186697394
122831684
-659506772
-904949246
-707852175
-754928533
124726601
-253227603
568014834
161474455
229382900
183887183
921746716
-382425939
-102856849
53071638
109806668
499184640
784842043
416156883
116258628
-765011403
-826172090
594172539
-273413510
881329499
-725029926
-148354097
-382425939
333516490
-223848854
504744996
605966992
-92099846
975622140
-804549571
-890253636
338955425
442099254
370792885
-819963846
-391766752
274671687
-322912853
-814755241
-293182206
568763833
-337954119
-499630911
-923844980
-777092186
-154737052
746384283
-982555842
-179920701
-266786497
-344165084
-181014449
570179441
11523120
-76272583
-791017707
794595814
-178774771
-46034649
559962378
-681557557
-776945131
154795903
-680925790
-611514007
498940742
120283170
-247258295
722308979
726322627
50465602
-730199578
-824230958
-328163009
325280470
872160931
-583702680
84048303
-977163403
606217638
-420076116
-469300087
-131760686
-417182088
-809238696
-413004065
-616257397
952551370
-817745900
-11781810
-584118337
446176199
-766572420
-634147135
-756753904
105774802
-483104377
-127753828
-31884036
-780872219
-399429751
-790809808
-596658573
-602039879
225340953
-543762080
-495608298
-506585540
-272134795
350243472
561623089
-145073065
-163062397
385220974
276417192
46655235
598181082
981521941
329607748
-427633980
671278681
-842342809
-851445244
-795693746
-272421419
200377262
-929944411
-230080102
-290426502
691499635
-85625135
-256961413
623154698
-475418035
703805368
-324573668
485942687
198736453
-223615972
-688236471
116879099
476207923
-65347729
139225047
-56939057
846108968
-614324532
-579201006
-261408415
-934621175
-661153183
817748647
-929783740
877049690
862343206
223342525
636015210
-956777133
906706084
853142515
57053862
-848674682
476972903
430520530
-519709767
845313952
91744680
97833204
-260574771
-90128345
874646934
-82192257
-609701980
183139991
108032328
-399658647
-657585481
137571843
-405459722
-814599900
544054705
130954875
-744227908
538949882
877275143
171425454
-754769232
-874021573
-862186036
238358658
-649953458
-890856098
-907811711
31004645
-881167571
-357840533
600383047
-698012225
577985911
151782367
358725934
-67077591
424854599
-198655253
-606768102
-39333387
237521217
888253452
282690872
-832785722
87155884
-283166677
-47927257
-286265101
697448417
883693006
77811090
195481663
896952732
-29420724
-123161961
229141911
428093492
-247693659
731507069
137571843
-246990480
-342212429
37760749
466943232
-600817356
-201617148
-268310891
200658026
260949250
-614009811
804383179
517972018
923516246
-487673679
-299219295
605830959
647783214
470574609
658412282
-502610053
536061829
952298057
890102433
-306818259
-532622102
-986842294
-139450832
-629083176
-66590580
-199887457
677590522
-403271499
872975798
-438234542
113561229
234669512
-968129497
-686842591
110202784
-333335686
665525158
-157181809
-349670317
-626977340
411189631
-127154220
577678967
-906757276
870162681
614417783
-614688964
-365745270
-245095927
50573474
-593516618
836094767
-392642989
373607260
686699106
778449960
-786654170
623817111
-882346432
-806583065
-612782741
476716568
446655320
484086697
57053862
828877364
-832274165
-362482419
771710275
606384159
-544607663
840047724
482369443
468213292
-867221082
897900439
414538950
720902296
909814666
160316752
858299987
-553108862
982647895
342065230
-961459101
333612019
525858259
958889705
-452763744
-983320564
-203644566
288953446
-167812426
934785730
942732670
862122665
-243897284
812750417
-728707061
-737494867
322267807
817308467
-662323620
1697418
-123451825
-446179172
997205089
860940688
-85792703
426936109
875478492
-757225226
914120566
355769428
413632212
-811371432
842066111
157072953
-928787105
-514398327
747183799
811389767
-827382215
-538188642
833339999
690925001
240022205
238228586
302248635
707106154
-262500267
621992040
-842940338
891158020
479943299
460007173
723168824
699650353
321403323
709959155
-41847173
-265642205
-195045245
-750736683
492236327
706477306
-94402183
-197518799
-328990412
-62572796
974435153
911772942
-311046573
157195046
-394335536
-179027776
-209324921
-147953782
-154307286
-789870680
428507153
609808632
-558838177
-616851238
337391014
700425495
-763294440
796673078
558306602
-904470706
-742613830
101634972
-978192408
-978522671
57441063
541499314
722993319
437826692
70268240
-195582847
-129899779
-961323262
110927016
-703931605
-317161723
-285730121
-39333387
-493028668
-225554787
-217565605
570695894
-900810001
757233453
-767057686
-205619621
-719096024
-657050734
-575280854
562204392
343121241
-703447295
373252890
556486654
-588732443
-966320694
-398668682
47882819
531771065
-897426085
-473072332
64437699
142623940
508922413
490324796
-1525446
-99299823
959500400
538044629
-343021416
423384787
-835564540
907713698
653653849
-193446487
983369966
-696221207
69100373
-807038826
166798593
-349169980
-80470218
57358695
-760209070
544366852
-747144150
426858845
76079905
42098726
758550941
-817090382
-158021567
-600983103
836620445
628337796
-656428960
683063534
439761366
-173169338
-950107275
202876109
967612168
-564122093
706244707
616570516
-54850605
-178629852
-106342368
-553346954
-814884213
741841630
167636725
778369623
-329999344
972417888
170153735
357670791
788086667
-805913920
764396933
48945832
-458791300
876200348
-762676819
408149393
-854947698
577022681
545847270
-11638682
447880865
-668072874
-50827753
718213848
-522873106
660626856
779531248
-5042706
825431183
51097069
901067229
182784614
397103143
-459852894
694810794
-196771279
922332687
153793513
610382390
-500053392
859944626
146121531
-336707027
865043280
-511259522
-919287399
803333546
-510345785
-40565705
388061235
411454247
870906513
857191475
-240824507
-493906710
261102023
-658698084
-659117053
582759914
-206620336
995358889
-618981370
797608925
952927775
828933785
-722815755
-598807346
-632909588
-325844545
-181366295
237906939
-817272491
82298452
858853602
-225131487
488653915
554411596
719864500
-622247185
-278935820
-843167360
-552566509
38001087
-699226656
19445729
-518330383
-493390799
471861585
839819699
-995565930
-675283729
101986386
-869598405
-791918625
697892075
703845399
-549366619
-705974867
-704405624
210606027
822345649
378241243
-602039879
-285946183
-72477747
-734787497
945645453
-326903980
-140020116
38769735
682413606
-66126773
847088833
935120051
596431980
-891470899
309797368
785287565
707620504
-885352212
-301253647
-339798359
857615047
-27105196
314876598
-890337414
314525649
-996682705
542095948
-617459641
258969803
-797951449
-645837155
-754769232
55258340
-171229144
353898661
-372522620
506189031
780380688
-565322644
300516701
-609641490
-868096113
-977685258
-588732443
-478995668
-83140387
807149949
676239766
-300112955
-529727423
-973668814
-338798886
-715551368
815481340
912345054
188570272
-205314224
89375610
260031550
-629052466
-976063870
-433561332
-296938948
944510079
-9338832
392377477
-50933377
-825307908
763704190
163087427
514944539
815906217
555831562
-34530069
79134031
951929661
-30208872
218748135
716296069
-416814874
787746536
-806965370
956231993
-405459722
-262563995
785495339
-144539026
233622619
21271593
717797052
748139144
-643605885
279446346
279578009
-492195185
933300018
-629949659
-374607158
122149742
-471748411
-597227089
967750095
-423068564
605830959
-470460344
-822073791
-510299680
-741420942
-477667536
-585149754
544627717
-722553839
995498937
397820945
756853069
60344585
667923342
199458755
608467618
-863535603
22038639
-161861020
513965329
578499585
247880354
-657556336
38286898
334774781
454529005
-326379664
686535180
332316894
498115922
402816199
992430798
-468704902
-266891618
-455407146
-389816669
-243600805
-309365481
-218206841
-254594651
-50574309
177746957
-336444921
-478344847
450741376
658080746
-954093971
559668452
307147938
241113774
203204872
-778788671
289343365
-209823849
295050109
-423902654
-207009286
656725701
-872410251
-729107413
379185692
287472311
-491791020
-436895983
635835335
343594419
-847261603
586067045
-435560963
-497640924
-755995305
-386886584
-560344891
940901567
579830811
585102996
810744750
-115550644
-719953344
407113041
-723101412
937681252
-835812446
-438234542
176600193
-530806084
-694177200
-714917409
814494370
-216455848
428507153
-725158350
915382024
-295754001
897593331
990314960
-720130023
-274650412
457042788
179963815
-737385969
602221039
133504227
799045447
795323441
292098865
-526840968
-184390197
-513080798
422146053
325350689
-119990219
-800557054
735403070
-293600722
-271292015
-721671764
-362179276
-438234542
-750368647
360115538
999860899
-802553748
968151104
39257145
-302116977
257004142
-273550135
160981068
-979198314
60271334
-952824844
-573689011
309535388
313331359
-644467197
-77405304
-762049917
245616437
-186153799
-36044068
137405447
-572564653
218004631
-305713396
455069121
-37163339
-754630269
-176412533
-112191262
-60369571
-619705375
126449908
681174039
968353598
-381292475
847560967
-594031009
747476533
-984424568
458591203
-933350753
-602718174
390897824
-990745831
487939451
358365774
-919237551
-72627292
418396680
835869550
-501602265
951213206
-124656015
92951794
689643045
-604832724
-778892371
546293114
93971119
166188079
279253547
124726601
696148895
-734113987
-395440943
183734742
-46541693
-263710511
432119895
698795272
834774199
-511198013
9706296
952866164
-693792945
-488582528
-364691068
456549139
439944692
-951472304
601671552
-487242614
-316629500
257079041
735118726
162167218
-548463989
-192306605
-640061461
27843704
11961492
856728941
608467618
-738103830
295050109
665049053
840251346
305724493
-183648973
-698091472
7421861
693978700
-882108513
606384159
662006929
645210469
772206874
-638212627
-190882458
-934314640
-403734909
-584736318
-453610847
395521582
440736504
74698074
564515882
-209990997
-200757207
569734853
257885326
498261581
462080896
-295935100
-903520345
-156162707
-668945588
-243600805
376128437
140182344
997764671
-228946733
-424979870
-864619070
-527710829
-534216362
-377652325
-942995428
-955102586
-763153546
587824224
181858656
-6208160
562204392
-320613379
-8559731
356180774
227334086
-690396262
885092097
-788107932
129752437
794325853
-712744314
-21506445
-977101009
-401664997
-627545375
-419800047
-137354183
415806211
680756047
965496807
-566305775
878256569
454847790
938370250
426281584
569549687
457741053
797914440
-235652369
452549753
-734908269
257641187
809308986
145549109
150086823
-118604480
-903911414
320388726
428003291
30418039
193830881
-669561161
86332577
-824533373
-867221082
940312106
-996003562
489085360
529009179
-843503251
-218099265
825961187
-723049425
43194043
-736621614
556183286
876659113
131933884
-601569181
-795991420
-558276742
-306159588
-754928533
-651527153
-490449356
340317668
310223503
-760925080
-896242561
744498983
986617375
796449535
-341781899
581565210
538949882
510784229
-868737937
-665105063
222177851
47162378
174736087
-237386456
-994416804
-184997022
34657607
352298278
-996221594
485318443
378383393
-765285221
-37329044
1304103
-487411437
-342421543
-144633214
903873054
-733280172
-666994969
-555839484
625597535
517415777
-695976041
724454791
-202480843
342065230
-843410748
-398394311
-431162254
359250722
477637332
773348165
-410083487
304171414
-710793593
252421068
-796432506
66154425
3738843
369417528
8449929
-488885629
546842374
-114334384
970164852
-274728496
-78857628
-986591850
-483698594
-998643339
628832684
-167431124
3469127
-640766727
-246378892
873958885
-694645408
-205619621
-902640927
-800557054
-721383114
-184997022
-769253139
-969176360
-516183109
-847909807
924056832
889090653
627568042
-707757833
-354759444
-657286959
-336678995
-782438231
952136297
-202571520
-70662889
-501349112
-321745605
-547346012
-181366295
933186518
-643877648
43933071
674937544
807860870
612615088
-875255050
-342689849
-68778986
-956777133
427223018
718928073
658264646
966092861
834094423
128211092
-884039925
390415324
657858386
-61463270
-850735490
299840426
263863592
-721671764
562426278
497560826
-863901349
935066081
-206581215
-323769795
238671174
-19822218
587459149
-82263673
-262218517
658824380
-405345856
-894598639
-772635612
-159698623
469939312
-917359222
939399678
416788224
-837672635
-162588729
621319980
835184266
-110500823
-791511315
948728387
242282458
-666012295
680756047
-298043573
-641113243
-269062653
933908379
438877060
905515885
569341677
289203011
-620163406
-654118214
-384502396
29169034
155491953
-808410930
764699832
-423616466
-714665462
-587644591
776772763
-859865575
165172401
-562095927
166232369
551759376
774173275
-941141558
-714665462
-27975501
20104100
226923710
-328298106
-359571571
545113444
-630460513
-571328641
-830736781
-68125006
776224598
-402671423
-963398181
-725833571
420494261
-930391028
-209041077
-443117371
797511794
580546723
-856769421
-623208525
123228362
400242558
-633419304
-917260448
635480334
-961323262
800673766
-772355745
430018515
597883010
725599281
-990003033
-113688159
336076450
462312225
-847966479
-703828519
227221741
-648653154
426936109
-788341285
-988417405
779312282
-714460966
-919287399
-941667547
-985695706
-993121207
828224485
-476549156
-133349652
741174450
-569576504
-498667408
-698164633
746524586
-5851005
987427141
-336369087
426604170
943758436
-3153337
-458427053
-394050499
-893507965
-561268168
73676435
-929147520
95634161
239201729
-317747672
-86498706
184788504
121171034
-820029303
324743123
952192371
701499450
305232534
-833870695
344563488
15460366
655848339
-734124163
-943760659
-92463120
655641314
-11068192
51847042
-266981168
-718343050
291347801
708223588
224027700
-992365483
-776889644
-385575749
909708250
533555240
-701983261
-326903980
-472532989
-189623521
-828682314
214644173
-567384614
103141505
-442541854
425213926
364939633
551511505
671387179
731247396
-299330014
-17881096
496544738
812502803
-521414027
656969286
91148411
932470529
377773201
-110629024
44294569
-849257991
-802701376
-333515680
-107419084
-796488552
365801351
-995485777
193111607
569319811
913466920
-157692199
-632909588
653667194
200994497
-706105215
-458108486
-746668070
-595910825
15310534
508646704
629776038
351062185
-643678461
680491776
-496980550
112345222
-819753199
-597927667
763401835
-717893679
-938844547
-272707145
588271564
757190509
321709055
67238289
-740146670
495532600
251859549
948004698
-497074750
-491993411
664594669
-353654935
-322590126
-836176337
-669280295
-36415928
234866831
-493028668
75375778
-784318079
555555914
700655124
-696639239
854526381
357762062
869357785
-302456438
-716484459
-484826106
598181082
-581484984
201575820
733430607
-683548770
-956474768
423312791
445997064
185335822
886583928
-525251163
-659044271
-968711062
-503389960
660149136
816393746
-796852511
-887899120
11493042
-878818620
-214166274
339689543
541473738
745876051
677042762
-535312592
417184821
-565636493
-292468842
187386748
462080896
751607780
394434202
-552025894
-758415438
660485048
913976950
-491920233
662006929
609152187
914592080
133782699
-643678461
372535956
106164313
727470799
107556506
84710468
-475965586
-341142383
917100484
-344165084
839530533
425466371
226624906
-95331877
123679928
183853506
744314765
-525105719
550241652
-653045604
-467518421
379703708
229678105
807132692
730896789
524759637
949673672
-175391599
669747272
838444015
-974445995
-727196434
480736437
818998569
-919450728
-690520909
-251243022
841810880
825749710
523074447
665425697
-440328760
287021184
502127938
489234742
701058133
420253292
-512384169
-463430743
228143560
737987263
921938830
-110784
273906724
-581916853
941758849
-914756229
998211737
-75349570
863810224
-371198653
798349935
-81206791
-716982443
-998300670
-422241087
-493844095
921886884
250861118
992504964
-978374532
762975617
-412038210
-132246607
-991475378
-575112706
355821165
190126753
99019350
467068979
-535150141
282941508
-783202358
-750922789
447189771
-804762365
-227757543
832621609
-692887882
-861894760
690399182
-550857875
512281011
-123451825
-903520345
986950776
-69347927
212732128
770977963
-596064161
280612756
298731793
-32385552
-631890855
436928093
907883946
335676391
-228247375
-670913897
-305713396
-429271872
-905399944
-4000016
-911860259
532882150
-476199866
-551047661
428370202
-685132196
725468451
-819556592
542936291
65268045
180242206
363194133
449724090
-245189629
339144595
262894275
581895514
632310364
-115088955
460203910
-54009605
676115238
725331348
-613253328
-540367918
-196745242
171479304
298263191
-265041336
-724318266
169198163
169075466
-543972411
-255556089
456205106
128017403
386863618
306534749
103166830
-606484267
750108996
86434427
275640340
-612836793
338579191
-139450832
-575280854
-501227557
499355423
-262727447
-755875023
-735865570
-784108335
164478750
563993359
900007857
-155012820
-841574692
364735129
887348038
-917359222
-466114714
-262070837
-751096593
-748315267
-840902745
823067079
343594419
-718209883
-887142201
-670375306
-885954729
437635651
-626161810
130012440
351010909
-75317403
-965014645
-259388137
864143222
-551279170
665648918
-738051392
376204288
968629695
654914727
826229210
746733591
173662029
-729976158
-66910420
-815116918
925784184
-91858086
-136935774
-469869510
10623136
-990346015
43521405
-475434259
348788856
290808384
-579283475
272715140
-786251033
448759133
350075302
811163552
888598179
558813580
593180981
996789974
242282458
-300768937
-538947616
965001868
542018482
873224233
-771734318
214833848
913626016
186091288
897421912
-701772440
-947079073
-820164535
-852078143
570179441
-635474159
-435407951
-181553576
-504192357
-498667408
-859493178
855202397
-867891891
429350635
-780872219
-182573765
952266884
917792289
813482398
-840702235
-659464744
677113575
-467369740
-634504417
295095073
298083636
-204019633
-953145832
319525444
21439666
95380327
-938811733
872072031
-679055140
-269169450
670694979
297597641
596391942
-888947688
-410225483
-465436349
-880763012
832371884
550093712
-269062653
413509786
-808288193
391873186
752173033
-213809941
-228468741
-252765197
-990512177
-488885629
794595814
-766815557
-870491324
917249788
-383249569
351710858
-145702243
-696041653
579538477
-282714897
-536577363
-546828588
353268737
-378562321
-523512787
-549366619
666548398
-4785488
971390700
-924679442
254786360
805011430
-484840907
-270748120
189301774
-810576051
963409391
894574885
442570637
-761452316
-219489785
-617283993
-533348561
852174864
811543272
232239921
-533696794
-393719228
-283745443
-129798007
408633838
-631275484
-566440209
-685788446
-108266539
-848855679
877127809
-298043573
8089706
968387370
611773644
-92882162
-417895590
782969743
288451277
-524288508
-308672438
-990102816
822116170
-186153799
848685176
333227457
863067607
335464584
-867606323
-35485055
-799221851
-830694214
114136317
-907057833
491396870
-312272640
957856657
-142092309
653943098
-345640219
573042027
71338818
-708007960
207453228
-8070132
666967963
639819613
-909069899
-126941559
877765256
904157542
-167652486
-693015204
-441551852
406094748
-44802058
251503540
142898384
-228738445
-671523406
-984198836
-795162722
322489145
-616851238
324943736
-394199243
161938522
-513800170
197192899
-413398998
-532214038
207453228
-858645615
905107148
761934199
-359111052
277025291
459657987
-857117301
440086413
5414001
-760829566
593038178
-831622306
802800202
750963717
272879916
-627792950
-23351750
540269281
-410959176
-341175609
983711840
-909678207
-248239611
274134326
816626929
465586024
-778506069
-458985957
-519033632
603542120
243867452
-260049035
-266609393
860091618
-824950530
-89726785
754745352
-865549776
407977430
846683199
-647302092
140389449
-964813121
374941333
-244526675
977564234
722979022
-976152293
201215478
-419012423
-973026976
-270209109
16188764
-739163907
465177285
-23169309
264603824
-95755762
-172107310
67635113
-2718589
-162588729
128596284
356072979
166051742
-882457358
-736621614
-563448775
-980242173
-19431774
909422215
259615793
658080746
267144037
-265967797
-542107786
588054873
640927645
-7213985
-201739738
190725943
-968622728
-869101704
988140358
-178029067
-879328208
-5329218
451235834
-358768050
-181014449
-900089609
227100460
-197949941
-135861431
339438781
213557174
-955344641
-70505164
-355299345
183093271
164991641
-504945237
-537831094
538296305
647967020
-648441268
-767468646
-568269124
-140485638
-103390114
308199685
-319818616
136868476
-847767912
-114594441
-581655774
122149742
-948632028
-2062798
327351109
-786490094
409027017
-565322644
605865022
162641763
532076870
-365143034
815481340
-839253687
-74051229
-733760570
-983187017
65823223
884836072
-263931062
993074534
-551047661
-566340109
910779948
-986340158
-949090174
-947666089
725218105
-74738208
-408898418
898943561
-21745464
-762083430
-331340181
-770635709
201366096
27260938
122911105
-76156357
-911648558
-364605465
856319657
620462721
-667879352
-81021469
-905865790
-727134187
-929783740
-933683028
226341498
148683852
-974709350
-160719559
-446113939
-989505878
-601407129
954900432
931538688
859141189
-64072275
301882422
768401865
359140643
-751958465
170182051
-216748465
799607095
-758658634
-595696023
870643799
-719085354
-877164240
452745227
-116245226
616496214
-716282632
-675167047
-80750994
875396734
957647986
-252733490
13505127
-738484106
-5779120
638085069
986755669
-953360484
658264646
-780303918
-745320545
74314161
975005156
710420898
-589017916
-584736318
489085360
-512226476
421520882
135113137
-938245082
-869921515
-967862246
-999453330
2234964
-978447868
-988653274
-651784453
-847659958
-469026434
676918339
-414044822
554835871
-706175618
-459267253
-104807551
-203069430
849308752
28507622
794215626
-118150173
437635651
322666297
959747006
-710994611
559744150
-192082811
141758608
424141376
-338561667
757840514
-585745762
-698484377
237103920
315863867
685526541
-3386571
913007819
-823619369
-63495652
178226862
117202187
940060178
234048567
765331181
-199560554
998050113
-171120506
-490394642
-46121664
84710468
657994767
659047828
959747006
468213292
561864357
-948933543
756894375
-54117649
971737765
-675577204
196922015
-588816512
429777683
-203069430
-154836284
-839579745
-856739625
368678045
7983050
-694999732
-825220541
-626839280
-371567441
711416035
387609713
-129955618
-453610847
-227463636
-293127284
479436495
653442401
34946762
-319637994
722200398
83792982
-153949560
585216378
403480112
421351430
-325280713
-610432381
-368480320
-328755019
300516701
86752051
974435153
428197573
324357157
-919041939
-414127042
202644334
331089801
89176580
101288081
-179005095
626242699
-432260195
299556532
7300983
554968021
-906337306
275410929
27023863
-675244061
-390981712
610725061
559281520
-780381328
447880865
332843402
224528143
956090160
-743393499
-817090382
-609088481
-699476488
656776806
837486060
-253020501
835482398
505177901
946721782
935734010
959993154
33241370
-393916700
-440622056
-79772887
204370219
-486073064
608815207
-995361973
-830872327
-438377695
65748989
389191582
-754178286
-938724474
-639304202
418933847
-306613075
340227889
-714090756
-624692940
-413684184
889090653
-823695943
-145876564
-648045591
60451276
988902042
674841514
574357359
-855105893
-688527169
440854726
822412404
-543082031
936499351
-973916514
430228334
-774249445
-677873278
-394756882
-58039042
793483459
-711987030
858696350
-83421990
703421006
-431162254
-878560477
50726557
-190733701
-248422791
-314149865
868390584
-935392083
626464496
436064288
182713906
439812561
-156281241
-166532471
894709486
-610662434
772538449
599205617
318710465
338300049
-257097855
-822378862
-495066851
-132830569
-670219831
116911855
-580052570
-486594579
-731637105
-695443296
-820822662
-810901702
912895070
-187205105
-841574692
-487411437
103141505
875370825
-477755042
901008763
791192591
-787849694
-587233141
-876310973
281502877
-632909588
-702863552
-19208395
356394995
-30406318
-851165149
-936946149
-855545373
94941119
459779368
306557350
222097775
-749540885
589411873
-847370747
-745515084
-143675747
-134840405
851193606
-23775978
368342931
600910595
351710858
547187700
678018020
675144639
256001965
-748090428
882842973
997041924
73518684
-742025715
847682349
377042635
-478240867
-847407940
-460531565
681706346
433426099
136389806
891649325
551959612
-836519325
646670641
302293673
462953944
64090445
-368521521
534112432
-370540402
-96666855
-702076790
394734972
397506244
321963270
407977430
471339981
-84228916
319785266
287839750
-925007914
546542795
-997058912
739824527
-811037568
782232602
-107926071
-362002097
-789707412
753730588
248479003
595974892
267938108
-643678461
-840149517
-337460151
914382936
168111247
-563164222
710628852
336895234
529639821
-347839235
-448643251
-8997003
-695693837
-447281891
-628363241
-692887882
669747272
775318886
372008733
-444454316
-537061353
274724516
-848843034
-257566785
-784855289
-249743798
262350082
518497086
406978088
-501417610
-127662939
729048829
40565235
932739538
-914756229
-544711356
587292868
-159252491
-848315168
179659238
430381409
-210794589
-968825528
-398294373
-550539519
449941476
-138820486
779345626
-43563257
-293022746
348745399
578781024
-155642168
-337379685
-618040308
65619038
-559953275
-87375226
-313611594
612930287
787414945
239931816
-760345499
-665667123
177893918
412181362
758307907
437635651
-138362731
-912256977
-738941588
-170976937
-644744720
-911744639
253145760
164376101
525146337
-265532680
202406779
-204407136
897272375
978544029
62451339
126030686
74314161
961338219
360115538
594942118
160981068
-149895551
93971119
-91421010
33885316
119700480
782232602
247022392
103639661
595680601
-238473907
256677372
827410846
26979954
-111458211
714779999
-846591917
-337916983
-510813378
-666101552
-209990997
495402324
79681842
871480765
786164467
147866358
619022695
605281509
-589706775
-631371410
203389674
736315116
-131798747
-577820840
232562233
641182463
-147452084
46008967
-98672428
-566361889
189994701
601527930
-866757846
447026410
-763940058
-279954346
170182051
-864204331
-99168043
791192591
-537831094
172200919
-631115214
-282775245
533463433
-869812751
520521817
-489487612
172386471
-54333756
211275022
-156488135
-191057268
-383764154
999218525
-134874444
443721183
13355297
881329499
-957211076
-118120970
804067192
-702141326
-989086629
188897969
-109100182
-705194546
-184179742
-417652366
928390887
938262037
543493773
-691468138
-891147795
-852434917
353507285
276498787
-268989485
431086965
31146890
-952282231
-92952513
-103973269
-565888399
-748191133
-781560843
-899797410
91655838
-813507313
476716568
-367647843
-125171420
115341562
-105849287
-765285221
352298278
-552782085
-546338810
-530574396
238852745
604076120
608285446
-965507142
28868723
175632043
945645453
-117787296
-198708432
697971831
310664569
-184502951
-717584313
-827382215
177893918
952412702
16222144
-726533974
282248288
678688220
-198206246
-665209968
-677543220
389542589
-468477033
479769131
401902178
771812129
-955871016
-850625884
-930094912
-367334632
-926450894
-180807379
-437171237
-494780478
425525664
-733760570
660189116
-673340866
-875528673
-312622962
223438904
-716185456
829806661
527930010
-153646081
235412647
-627457595
-106403126
-686338093
964897268
-476836858
316789421
304207061
-671898867
-671523406
-138820486
-590429681
414287791
858119885
786353160
325890218
-184166539
822910961
-694491365
74201115
457862540
-576451420
109878016
737000154
454978316
750329707
-606061485
257139182
-516183109
968629695
198869853
-311234815
421843597
801832319
-129798007
326501304
219312170
578781024
614682644
62177737
-81993186
581388389
129208937
998814257
820603371
-126651401
-878057063
553697395
76713973
-750922789
715719936
-380608270
798819585
-183735560
872904232
461844562
615372012
-915894251
614207554
827410846
-204019633
-817632525
171843045
851978448
-315138403
525146337
-200231001
-574618382
69802792
914775337
2718483
-907189029
-763659815
122742004
-518508063
403021239
-614688964
937864883
762975617
318756562
-306279038
568366316
975862502
-592767672
669747272
-617004644
-604474343
97585475
-763153546
-652536012
-366247498
-612836793
-877607605
277579487
817493617
-561023330
132825378
246928928
-289518930
-591399300
545176836
571468730
-534645783
26549197
196780765
158636526
-904788174
231084742
392828655
822116170
-405459722
997041924
-638294064
-974500553
76786600
433426099
2740678
833507002
-261347373
511652295
905884692
223290930
592579213
-366474106
46561591
-545702302
-102755942
162259940
658685906
450326416
383820856
-580252140
537569796
-377639175
-563696822
-676162710
127055446
-174370974
-381292475
-544356425
819500458
-512717669
166662628
642409575
-186104082
-552348031
788086667
69420820
898079764
138699719
887925004
-677543220
-572455762
-478995668
7005783
223011395
90849975
612287155
401269831
-380319135
308779148
-30954396
-293154569
-499499304
635889122
-805510078
-903342929
978686055
-544477914
796552262
-495686631
-616064631
-859493178
842206539
440008875
-1155068
-673250870
-566863619
-370963173
273129698
-953145832
-263021761
-797420709
179998259
-56886616
373868581
-222791423
711256798
-81993186
-292698065
702020367
38547586
337109589
-830482547
-186566773
-312208402
-283078930
602693578
-198708432
-855860711
227368073
-66615445
-534893811
-714090756
-707083758
900886221
626242699
169258533
-965600888
791838264
-359195046
308199685
-613155573
206118656
597467600
130388482
-548463989
745816656
-215238349
-27762740
-491831598
-554881854
488510296
501163360
-506095392
-137985717
-468831869
863608989
-108010092
383570429
796489349
-828866802
-781655566
582934824
-735009667
282941508
139107206
130388482
222177851
-50486865
283141848
-529130651
123065960
457862540
495317882
-400586085
-478145045
-607830872
-943122412
-741000475
-286707965
986074890
-357632627
-26882175
-284757994
-740146670
608120346
511418546
-988195053
960330020
844659336
-615715951
87033297
627890579
513855304
-769797945
-385790559
604850156
-13749738
978340437
-283019229
-30276968
-777532683
801355951
229477402
-126721501
490202084
3179374
-874612879
-371198653
-552782085
-486724645
-322250620
451073883
546988797
-15612083
-786012584
256710197
189912256
-210222312
-846219082
-930171090
442308546
-391619005
-479489536
957031565
592888575
580441362
34504490
643016811
267471650
986074890
308504645
602263251
653742942
-297010119
-671916493
816743068
623223021
-282912722
-55512612
23906943
612208454
409244109
-787368007
-448328635
466457507
270246222
-686308461
-617258186
892414990
213623179
339315221
698333060
-468831869
-757357245
448578945
-699343332
529514690
687564729
967085746
633350851
684697648
643880434
451511292
253145760
145348889
-170565290
677042762
-326848298
-296401856
-936946149
-455355506
863810224
-579400330
-435947774
866701555
-461268425
-323173006
-867823794
466943232
675187019
-622887828
-865549776
597467600
-545782978
-183784169
-502610053
-984981302
-490621962
-189623521
662829064
-743909180
664594669
782017253
42665516
727662068
-557811315
-3153337
561211229
507859710
-560165000
-254848275
553851379
452917373
-76573277
563252271
-218898561
-311274607
907674568
-845102850
-778649873
-912867064
-477467116
600038424
910927790
997928946
-47123204
657915874
-290116187
429100770
598862907
-946485978
308084344
-544607663
303881770
-558126049
-229433912
745891747
-769693499
460469126
293336793
-23826949
-230247518
-651493998
-926269179
953870105
-304679711
135672884
93095700
526106676
724235113
-496151875
976065915
334039911
56081279
541219273
-85625135
987427141
212274375
-379440590
-911540618
-779643341
-798432750
306939614
545931214
-664003380
649051061
-642124776
282085106
476832416
774755894
-100854900
988728092
907475898
430381409
-92971715
24181566
-233431572
765397885
479769131
289875055
162912751
44880743
478992997
555416693
132695789
-396727717
742530608
-514286593
892366533
-210465726
813853534
-953360484
500548562
-893915262
406978088
345389804
363378418
-853877958
-507790747
965246177
-43454254
-448495489
755261131
-372420395
164547369
-589193860
-275688559
-44049954
-566998849
371283773
632168342
107410190
-513345553
476832416
286352284
-768514841
718492336
-88334306
-116426197
175234889
-780063793
-716550096
-687397631
-719301629
683292511
650238253
30418039
-876310973
796269276
-355544228
-645082598
876450765
-527309178
-823167488
547187700
-149895551
-349651401
-825667416
601337106
-208709578
-875951756
739706700
-132423611
764377523
438864475
-21471579
-223217533
343719779
-23270552
-529016094
680421760
675972419
677994234
177211840
-782570821
555252482
514477569
-446243203
580047618
-489944232
-362482419
711256798
-739889325
713500059
-431451550
577263184
874412517
-826922279
-54737229
249239972
-890048607
-499919113
807373776
-786251033
-489608230
-230784300
81432022
495957619
-496292899
343456383
-317590294
23412420
389239220
-854781424
-294392809
24903907
158374293
557438597
191214648
-443254661
452987506
-52758426
-424391898
-160919248
-32758558
-919730947
836392912
-9767673
-864619070
69512087
368474421
-260084120
-23775978
-290478269
-707235580
-447350718
-455478225
12758765
91655838
944063308
569494514
152398544
-907280863
882091733
258108869
-204693495
936690152
40428607
-100610839
634746283
856563916
361013561
823521787
-504783977
87033297
-354805058
-176412533
-810848738
-972653019
27303405
-148647441
-943188612
-364697915
-391619005
632168342
-678127583
-658628557
-410225483
-25524856
558692037
485318443
526856011
744498983
180279164
-231350931
281109553
320388726
-225730666
296045327
801992923
888371687
121171034
9436789
-572455762
-818846194
536153345
911306323
482369443
451235834
-716614963
346222465
-437951522
-192779808
423152710
-661648520
211495875
199996221
-244079484
241113774
147798799
-775327964
-947171202
619909751
-80750994
619582794
-221196825
-773765790
257854117
-111039094
937160266
-592535397
-494272739
855740140
270109024
-277655567
276198931
117380092
-209159059
-745034277
-194941308
-826701653
-46460476
-394525768
-250129950
597467600
121676145
-111578816
-362405850
-414181906
-73059983
-517333050
-129149922
296856872
710131035
388061235
423096166
-168736358
-187958549
-697494189
865806338
911772942
589613448
875185469
539065152
920544353
-639737960
-190733701
-206070248
-555087926
-822142583
-324874061
371486083
291116118
-239199959
-970573036
-267153927
526856011
-1610472
-515922993
624854559
244501455
467554499
242924142
-255361538
165595564
-915682195
17796202
12934829
-823695943
682279327
-791810789
-459477551
-944012129
893746892
-523321474
47328846
628045654
-308144064
524608694
-179113281
224865460
922754867
-372991519
-743028211
919099147
-43841034
253694778
753511985
-143913121
499796667
-83007307
755308808
-135285589
827244573
-959223200
-296938948
661534833
538163696
494357652
-958955859
461322585
-318075830
-555839484
-799504254
-771707120
927123119
360440645
-509929184
-291022949
-642516373
-631991917
-543348998
430520530
-191057268
543909768
629734191
206280242
-507542809
9460429
542936291
11474324
-734478657
-692765753
-511960110
699100460
-412359949
-642636816
-541468616
549323603
-699476488
28178374
186311428
833883460
-71275907
950889910
527700140
-972571192
-599318317
209698101
885988707
630446235
-643005503
-178029067
849320532
608654391
-315251701
-589017916
824335777
-986762565
-885352212
-159635388
-936151293
-661365403
-491791020
-841503847
586950611
998428061
-566440209
658824380
797757127
809104126
-601820737
-600630514
-183220505
231476709
937782461
363100408
-391297939
-332246271
814238354
673714345
248436090
-601361912
637442458
24986845
-11260438
247197978
-474510540
662829064
283141848
49845006
-324073783
-95755762
-903452008
791754077
-70150208
-333378501
-323315131
-5679408
220467800
-377313225
428003291
169616823
-183943101
296235759
-197588508
-992086648
-503585178
-803917257
-126317590
291809114
433426099
581675063
-343446062
629013985
599430356
124141764
325846775
261494389
-287396173
441560949
-696501324
976263856
574678069
153939348
-459477551
-497971063
-151351701
882454015
-182573765
201877060
627824269
979886370
800550283
670229010
455921804
-132246607
-862747373
229210264
-414453885
-791462987
-768625062
-320723547
-46135685
-539313931
-358558400
-387111514
169075466
214870192
-746562400
740706500
577263184
-505439595
-701088716
-485783617
151427241
-938956907
-800367504
548376136
615192303
726322627
-814599900
-921297074
-68181626
54073292
-110413561
795969688
34342582
-926553311
195713521
42290762
-803740139
-490905575
346232133
-119625409
464607624
316578451
299546110
-598173494
-303913172
712499555
225960311
-61176778
-853638211
478529751
-974709350
664803258
-472457286
342919639
-976373629
972732908
492916193
254259822
-771209476
324668114
-381292475
-142571283
-986478739
-77789141
157745882
257680008
300262326
-305576173
584502514
-192746840
-402474396
-82406138
151594749
693288148
-496577823
-23351750
975278592
696148895
-561434315
-380745358
-592344281
710192817
-292257367
67869508
-174605934
15172606
606217638
5773649
-250383771
735740648
-74777450
-230784300
-662629241
-701772440
-856466258
-55309300
-378788776
271048695
-423913403
-962333607
43933071
-577598438
729587986
751503286
991576193
-756035481
112905465
411763779
-587069706
579212363
483589982
-347556931
929464384
804827678
328425432
-632893810
116011184
389798111
491943500
-338423543
653742942
-776945131
-83198556
-150777731
457671603
33378397
792011946
309013957
-767685616
-118756433
-726773923
146194439
-341501269
-173392849
-614009811
995648423
902099124
353898661
463610041
317680986
-346978313
277996070
502091419
520710531
-300521917
610725061
793734304
637687955
866001247
478992997
582497137
-230392137
-74738208
-281013755
617598333
-356474783
348246251
290172352
643982858
196636014
106486667
898654066
-567239131
42566213
-499499304
622092116
-184997022
-468477033
504855972
-305540035
-835676127
-240228139
-903048145
-763101156
-407613381
331632178
171332029
675651511
-9432090
254786360
-261129195
140918967
685693160
-499151918
881981536
716296069
423312791
-587285886
-932493732
345013539
101288081
724892816
929803242
-903826683
397506244
-437070018
583862468
-420725682
-210538053
133577584
-78516829
929365311
-908826816
651897585
924215305
-31027148
-972653019
-424124732
-576742189
32186016
325818857
-587571982
850307015
188055
935767631
-955921634
367243222
213996665
308528097
921872057
-742613830
-778248819
-804984181
-356706734
-524610031
552328223
137082912
158374293
636154360
670932912
-386502144
-327366469
-973729609
-73406290
-999911981
-118081049
-241682312
-959945346
-631618878
85703041
-996329064
-652142395
-13791900
841068334
-54366719
-627287810
-560130577
-490959974
186311428
-464838517
494480713
194642096
432797990
961411642
-677624892
-871613835
-723270260
276498787
-545905384
-166034530
-990552732
953648724
672943648
-991298765
-68989784
-391297939
969018349
413270557
-591044923
-102274790
968071915
-685538010
-640295670
-533348561
839819699
666407976
-136770900
740706500
-618040308
395372744
-861608601
24927198
-809324244
669384593
-8608232
231476709
-929025457
-359600898
941610751
927027590
-47087410
270594138
-229014275
92308094
501870442
189030828
-813524535
87748176
260031550
402872690
-906149494
63397662
-223384005
-38893706
-566440209
-719749467
-902533757
101248097
449326785
-420234001
108855663
291726985
32570212
-612944157
-210046782
-745567525
-331696760
163804799
-364350005
22812420
155742143
-693792945
-649090275
-971068049
-719324366
-130269976
357670791
230556779
35829411
-433407831
-174931745
-690319113
-604292421
-716790154
-694662094
551923655
861410977
924056832
-282086103
-743420284
-795013007
183583723
786916309
449075010
-569728148
-229795411
139506712
-390830944
-414790476
-574618382
690269529
-894292746
-514243941
142767962
-43563257
-362095444
660972629
944942248
-797505798
-758735058
-792465444
63962147
-238812233
339764392
-418406853
803464181
150112825
548492257
460021581
-487969418
-437920421
951734893
966092861
-351574434
-975790054
-787670601
606950711
346865223
124377120
731846806
-954378170
-221363231
-776265656
-369415223
290871593
513238897
943971751
541253047
-126317590
785495339
843692819
433148481
676860638
-130431370
508881884
205659550
577634920
-295077516
-85397307
-881645154
-828682314
303849049
-764942408
-160719559
273936706
-757020759
-433013437
-892295078
912252901
418173244
508054255
-363025725
-587511222
625292068
108837480
-646518510
794899457
663900943
-424979870
-590964170
944632598
766346669
-754587030
65858677
919109160
16800029
86179056
423479361
965427938
-848513291
-958365539
848250495
803772964
815512825
405485693
387816536
-958087282
655641314
-449849453
125171587
550292932
-403836264
32307534
441164497
766562198
-656192502
-336603155
-161861020
-637841036
-141361867
377329259
261249258
-738751652
-599198926
130954875
-553647527
464466578
405761811
-106798572
450941056
969291323
-268849331
106899823
-705497014
-10660137
-364444488
747901822
206118656
-112412552
-448200167
-81267477
-639220614
325698325
-279148837
-511304146
-102645353
-26212619
206659101
-987065686
757718930
46212168
365801351
496224545
-31715523
-428305240
192596225
973364509
340175730
-434450656
313982050
-358558400
-356088673
-456263552
398687138
649238411
891744601
976916272
936217492
634456567
-890210059
216092261
990177260
782892996
229508547
51527908
-302962461
-191232077
-68614784
281958568
-224331241
-756414782
473369360
-87124691
57999573
-249400961
-105178983
-257977092
-148797974
-773498644
540184151
-700182184
925343233
-533725762
871690525
954372316
-587846336
18696031
-904470706
-958546625
-797125136
-885954729
681892222
-555516099
-826057558
681652613
262350082
-788541502
683008829
-483405881
533213358
-177654849
224829131
646281366
156942262
-729257761
990804983
-98872771
991088597
731809388
89728693
-429686557
311916175
-90733672
-844472761
396958368
-472349869
-963398181
-625903486
-750355360
-98720633
576678628
537015899
513238897
-960614876
64337396
-81219725
-520519776
526371381
-223540679
-216190185
-21046225
-576889091
343456383
-273993636
119318115
-921814794
807645079
152914476
-749723813
628757574
-307046376
103330859
829872762
269661965
-284650440
-669430876
55472281
201893983
-752536748
538973742
643111124
686912269
288028507
-814544686
-531021433
-385019314
961522599
-22012761
975622140
-268775654
-110281427
-658067875
772413405
-790089099
812186923
-161912270
-2505577
620004390
-452178618
-561966632
-289695702
-6208160
-800184366
501052931
-637630138
360870112
-881349721
-28544510
893349328
205613501
-573338970
-584326108
-106961051
-486051614
-13267657
-854853495
-381660189
-465921847
937160266
-251243022
-888080048
-364648433
-472555063
-951472304
-764942408
-694724550
-538305947
507521205
-820679820
60159368
-960430719
555029613
417819411
-49970330
-229098022
-335938869
93148205
772267487
880275913
726441150
-899656933
-310463468
-289180261
-409285152
73518684
930506262
-455478225
380085750
133782699
504855972
155383189
140233677
276047624
-643358251
560832963
594238133
843067188
-924505680
-81131888
848470962
679646639
-214911568
498940742
910779948
-226690205
656379358
375335741
-219690903
309576410
-806123956
-760209070
181438366
-409016204
-660725616
-861608601
-430934660
-842681648
786508147
-626688424
152692185
276379643
-355396992
-451180400
630974682
892366533
-580454050
826284369
-303006939
186354258
664852515
-637046542
-168281152
-947275696
696282869
-368827498
-293945796
-540963849
285771992
-504382317
110385644
-354499017
-386424245
-809756000
-115115770
-719373799
-768096920
-697542069
229210264
-130735539
-419382560
244411355
-463025381
321003459
-963973296
-742613830
430433087
-349829263
837807730
814972283
-768431901
996275974
-316277299
775441509
743936197
982003971
-25831420
371601038
-725264922
720441700
-399171990
-653607484
-469370305
-303612458
386090234
-135994505
-279219922
-84614586
863217785
-593306161
329917361
286702242
351254285
-244603139
709375444
-56177656
392252439
-684096428
423442221
-964813121
-188673698
-568700251
158130768
431067552
119513678
746733591
-383318389
-776232550
59535261
-407205491
794354314
-672883020
-370115979
152398544
-93128104
773511005
766515207
-215028566
601527930
-225730666
670586035
-722925925
288790765
-529933626
-417057998
-446746567
338767747
-364697915
-829989476
-694026227
508326397
171936571
-98688793
-832881029
92524640
614451532
-750986416
-206070248
216071786
-964147148
-312622962
454847790
-970688943
-973785041
-335239292
-386011873
-614636209
-291540516
-796277705
628832684
-656428960
-28959305
-78466441
-625212670
-716982443
610464867
-727839274
916884934
-529727423
-57750015
55515863
690399182
-981200412
-740417055
-221099857
76340400
937160266
582759914
-827632993
-940749038
517537543
-34624608
777169463
758474359
756779784
-253789623
-508002242
827652076
-729107413
-319091479
-860798936
551459786
-856547323
-4785488
299699906
-837191016
544808582
-336775808
742794313
518177581
681892222
488532562
138055706
-105640023
-831775144
-893390359
734945724
402073224
155383189
361345249
58160928
-615326518
845034455
243647517
6510161
-110423322
-639501078
-179113281
-947079073
741996685
112345222
-780872219
-271015219
-342421543
79758991
782495223
-404746093
-385523691
541219273
737000154
204806682
254315549
-153949560
338438264
-799804843
-807686753
-870728485
216071786
1975066
594942118
-186553893
619129147
-649308735
-9912959
-225554787
828317579
-86498706
-270442524
-811571887
83197140
-716584330
-879395210
-997979872
384276197
209867534
823373025
989206316
103074860
-44460790
476207923
-839103646
823207332
-664294049
404048396
815111969
-808635755
-325862388
20132894
217744468
-340468772
-322809427
890312181
-376187610
733661849
821828902
6583599
219630696
339080977
201516043
178099303
35207929
-886823687
-479267043
-166034530
843008258
-622508489
802495858
-58776681
686371314
983114829
870538948
-80454821
-964147148
-530517944
260168645
-64072275
685546939
-751096593
-807767831
743730015
-714127143
238852745
884423025
-115891961
-613348244
-664192552
998838389
658887902
-809706332
928728030
-620058917
149564422
855655367
-285419348
340450560
308677871
-459995179
-753414736
165346646
800550283
558044113
-347619492
851543571
354979422
360115538
106718925
206511591
-518765870
-965600888
-964261554
-592249409
778699637
-161107162
-293534621
-180359561
521382873
205490620
632168342
-801357447
-738196913
461844562
107250857
-358375802
201516043
620661783
-486224614
-470823235
-687532573
-585149754
-223217533
506493734
-296836572
995648423
-970959305
719250986
69165406
-307623339
23195225
-745106749
432035387
-818044522
913413583
-216455848
-855156622
-774358701
125087846
-782560653
-931437063
-334460248
378383393
-484619434
-441200844
132605404
-791619411
-630187266
-681076557
-468916186
-257327431
292098865
399908775
791448916
-201831092
239144839
680058219
644328552
-853125887
-816671677
-966448511
-640493885
294168599
957886411
728600097
782969743
-334156142
-540367918
-719571071
672276499
-562864545
683292511
-388135723
158374293
629966846
276498787
183583723
878735778
-498307277
413612159
525549877
738383145
932542258
936881427
164211327
-526840968
583354119
240079213
444133266
437573156
377745903
182874017
708838818
593435327
-553871546
-693080202
-619551240
732721121
701450895
994577010
268429971
861151083
582552163
-603437451
-807162787
853282017
84484653
-20410629
-997058912
-630794727
-477888168
-465250037
513681502
-852051151
-214864079
-346300763
-543852017
649200259
192026016
537683674
280759143
52068591
881329499
599307359
-680669174
-451697176
-553346954
165172401
513618467
631288936
-702543658
618578192
321403323
304056335
731122767
539512807
-172107310
578736966
907628147
460962286
-322721017
-102808843
229220351
-155162535
472342327
424854599
392074367
590957166
750850774
575423284
763548461
-24594919
688296696
-997058912
256260032
-679892181
-760829566
42600475
-728293642
-290042405
-253154614
-641884491
-517055549
-847072793
-417457116
788984400
569734853
424970800
-273224004
805889149
116140449
-870728485
789705780
575453405
-778892371
-344834947
40428607
-870879603
-497971063
-522345013
-793325952
636619538
80221086
179312132
709959155
281208561
213891472
263134000
-521740550
-878709555
-245706308
-116878016
830394520
499641568
809150536
416981579
-803955277
-326487985
-824283669
163512192
109292961
-582779425
241892839
721897906
996214037
80722439
99344163
207668618
773784469
-242403435
714138748
68336783
-283520107
-425986906
665815712
685459842
490138165
13250418
749348292
582170731
925544802
284737976
-83165349
377042635
340751277
-184179742
-937825014
-316100276
782969743
676582094
711408815
-30607525
-19300968
-145606255
-367647843
227895041
736015345
-760519294
183792742
179659238
8749538
-646518510
-924221653
592293958
-267795825
355863822
238531912
835184266
757911507
-26588007
-476738078
80580012
-479141026
774755894
467790961
424521073
-893316561
-959503993
-308144064
966482904
-436895983
-217992341
-90570677
-993830382
160195763
957604603
286702242
890600770
630098301
3967729
343137757
683830243
-892894554
-926762689
733661849
-734787497
-977523447
632969704
-955782580
-783856153
-886420551
-33961998
-552858609
-170976937
-452237812
-223939551
78860136
-685188302
-33282559
-440123001
430433087
-93075980
-952996333
-694999732
378549506
984906917
-606441366
925932884
-176984124
-815255693
-294516342
-533348561
-767333492
875417856
-891523149
-202972342
277996070
765192757
341905229
99999516
916704405
202406779
908152394
642409575
254975125
173862051
-415788108
797914440
123819883
763346858
-568193051
889228386
959614407
-711551443
46466675
498494949
-795575577
657344063
992504964
-90274413
-765367769
-688575700
824494934
-855050641
324668114
487702030
433148481
865265012
242282458
968508905
-306159588
-864330570
-860505995
851978448
-459908410
278746133
-657963210
-595490015
583611481
774583206
48696152
-147403396
-652880599
-218669333
-147366548
405626259
60159368
-640050611
634148004
-810746229
-41975224
297910803
411770390
-526225150
-261294226
785308944
-262301491
-664352086
919109160
726008000
-460185743
-562891164
595239289
-49645627
-567168114
798819585
-600630514
806991002
-24123160
486835116
-98591186
326398412
-400781399
256566903
597654457
67077728
32186016
284041227
293602076
-454587360
202174312
680119761
876659113
1342949
-106961051
132846007
-229262960
-279591736
606950711
597467600
442643028
-933543510
-741900814
-206825945
602461546
972603124
206884290
173998222
184973163
586256319
482583957
234122322
-751689555
687735988
-570903477
740706500
-144079190
-619340121
-839973044
-665323169
-745106749
992504964
163872079
190304375
675899262
376167580
783881764
-432392224
-319587566
939026967
-388186962
-844705926
555760396
27928129
-451976128
-666493897
-968516653
181297706
-102531482
-182573765
857027304
-198252155
-934219274
-79772887
-256697047
769794487
-982296361
747982070
446374937
950791869
725849967
-416148139
-189540238
-917722222
-449386395
-121191778
-52193941
-940143134
-407547515
-544607663
-695693837
-541114723
193627461
733661849
-719458648
-612836793
-628754054
-591238404
-245765165
-837435907
-230588774
-920707747
289647831
62859081
-418282356
210600064
410682492
953414333
917792289
952412702
992721866
-403670625
980080620
330557793
-938028693
-365319945
-956474768
377980216
-199983293
-698613242
129208937
-659506772
-673037587
-611955229
99061727
-382862524
-958087282
441394651
532383442
242899365
-223293785
-998784392
731247396
361345249
-645539301
254007565
-483681550
104760237
-691483442
-796911806
989501637
-46344389
-377131922
-115849221
-806407824
-95312327
-62608049
-71496860
-557347756
-848315168
652326773
623235137
130012440
643288389
-783034093
-11781810
785358345
182057732
794092674
-780063793
980189113
-338770954
-565126786
-61463270
-669831444
268429971
255522666
594382070
914879641
991576193
246895852
-493390799
719028393
-591676883
358615070
-615715951
38887204
943338965
-841574692
-970815828
-29778887
677056703
-510686489
788323618
-347669625
472055898
293151932
294582410
145047567
-892623701
451043579
-753589509
886072529
-842223085
-661477920
-980512002
-117495540
-513567585
108120395
-790695280
-44460790
-214140286
241892839
540784669
-744227908
392828655
902308961
825287285
331812574
-793190287
752910159
956149115
-387836590
-951982436
-343329527
837241885
-159574692
780380688
-366931918
598581521
982255357
-728346633
-40759567
-47123204
374335450
148683852
94615701
-517982030
309979658
-150603616
-20000637
756198683
-287185176
-772819393
427570834
-300664210
-795262371
-153949560
-120703416
721645920
-145218402
537173772
-390762411
-373688231
-697720099
-891990741
-939435877
-271576203
859358769
-90051202
-294436024
655460837
765250782
940446746
939399678
-958482652
-262301491
394358669
-779568176
94841059
-855135768
-192121128
887264189
182961154
180431889
629734191
627742685
574635396
-987879941
5900322
744498983
-74379153
849407137
-489225922
681107792
142827886
-168420176
860095713
-752348137
847400452
359812880
-219489785
484421124
873958885
907067286
163727119
-628304824
-199560554
-389074787
-467391978
495485125
818286899
-537336489
276047624
-853611266
448196844
979788070
263155060
-599376280
-609279447
798629683
666689362
300806722
395126592
742349557
456432399
261270616
-538706143
-18648437
711755786
-102440707
-300197775
-951840009
-418564426
-648766433
-245800501
272246477
963518467
81847038
823373025
139676276
872335810
236329483
-993661243
331680495
-605087770
12062695
282941508
997393821
-610702507
-28868889
223221934
618586674
-96424069
-791810789
580720402
-120150265
-85006758
96328091
655672783
622120305
-812290849
662311459
-661648520
-404746093
-490114476
545747679
-16264970
202644334
-600983103
244166571
-463694460
497008774
61776602
-523871342
-790635375
482861759
-193423861
379514009
241892839
-238172266
410941132
655186043
-610432381
639514860
138268714
225803529
126225022
130388482
-855244019
376746647
-11919661
-974152157
-642779453
-385378225
270350005
-248746379
-244260208
-440447951
-660302605
-634147135
922680540
-987696100
523156039
716148782
93598256
-571595252
570780097
353089964
-657752809
526243793
716787865
-262267953
829936090
632168342
-336957468
-866520215
562037025
-68872732
84184788
-852818007
751173666
-578588446
693696521
579538477
-52981298
387474990
-150260567
-949090174
979595550
800673766
-819753199
820805311
-252765197
-530696250
192037012
-990782085
-486948872
850426926
-516104385
-160847944
143136496
-211208669
96769653
771971581
412916008
-508735142
-751826382
-648393450
-259913240
967659859
-817558830
-282652495
-191341787
-862186036
-130054894
-478647795
-951318677
-424228540
-903637338
-664332639
314525649
-94402183
-201051041
-859493178
663845902
-473177445
-833704803
525549877
904897340
374571108
-443519764
85813067
-203069430
782017253
976585524
-392309114
-833169407
-43028305
-337460151
65619038
369961723
205010043
-402825759
422873105
-604292421
-185240415
893489923
-720875953
-699622226
-395591216
963765945
-373168121
-822945577
284542435
-631371410
599307359
699500860
-979643387
-290900906
831231967
56174857
49095665
-980816083
479575005
808769668
-509366766
751320550
-132737963
-604292421
101047531
348946980
-597855647
-288492479
7461764
589255125
624025136
-684391604
-972162701
823719920
182961154
856064427
-868096113
-97699612
-670822290
207838365
551511505
475922706
735791223
-738662426
-777239578
-495948264
875636446
-925732147
-915105832
230533277
-67699747
-161107162
383362575
-558183287
-444059221
352087554
-634328747
-875138390
508041719
825415582
263540287
744143318
465468251
-94738443
474773562
630812154
-569645660
670694979
742530608
706197924
989732345
-469300087
-407349732
138170078
-670049926
-530347470
861828376
-1421801
-238415386
462592151
183042961
730802491
943148427
546002781
-149434186
566312242
-737775960
-370181594
594713698
675972419
35733773
14478508
35193288
-236139117
506402712
-600477907
740218650
526176059
-233959102
235118634
-928031542
-352727972
903696118
35055052
140771275
-613155573
-175856035
332316894
-825667416
664765604
701499450
-119426000
-199774062
51828976
-398576586
96297291
53437007
633058011
485942687
421175940
557601534
768792242
87748176
527496440
-567585773
641378250
985257254
-384499663
-118216667
-595227991
-799504254
-728017749
-637253685
-470011840
-835427189
-183220505
262675822
370140718
273995288
589613448
-164691291
-261702672
-606125723
-965459750
903714309
-193475488
376569547
-455716695
-28683861
333834804
-603374301
-743848688
-449159325
-156281241
-325196666
-958313138
-834170697
792992723
213891472
646522404
599003540
-822378862
-30567477
742293459
-743261977
-797553235
-793405237
182537847
-33588938
224673108
178226862
-371632666
189609745
140288398
-77510124
-334519095
991244731
504112258
480925221
-337604794
472055898
-232158238
444470921
-629949659
-444113470
-163017412
-986227086
473064573
-219830420
66566183
-38229938
392107211
955342037
-317618633
-296938948
-92971715
384134002
406012778
32807062
-520966089
316846851
760149295
-113815511
113561229
-498183500
90664217
-808063310
24834623
-774684433
-691759466
-874994864
-12807108
-742690562
-469810768
189576792
279253547
204363253
556682039
-279219922
768792242
637383704
181579567
515284360
951278555
-583511285
-494802656
-999299716
-969130096
114456289
-667684322
953321741
-80876300
161718931
-322864146
999957098
-60369571
770965752
439260734
41677761
-868038285
344919042
-480644150
216454742
-982144133
-497761753
-27955687
575054386
-51562712
-994656369
157195046
-992773607
298345145
-809324244
647455039
-599198926
-240430711
504855972
-155214514
505656947
296731917
-710523473
-434710869
-537555203
-372020031
430228334
898561883
-543744558
313606858
245867761
553933900
517415777
555416693
901520671
-391064628
-796634993
-439092545
241035112
-434265248
-5042706
-30068061
-333137334
-232384819
533213358
404122374
-509232845
605026023
112345222
416413924
597654457
-839486734
-931614409
-917495088
465794931
-589134025
-164112116
-86343661
652326773
-573188978
-469445291
789705780
-947079073
-958482652
-802958474
-821402254
687984444
-603279073
-839324547
-84614586
-840400929
-605507599
-81021469
75162124
-763153546
381036216
921585074
254975125
115125381
878486836
-421334953
-668288790
457741053
866611968
-881832339
282417629
-535510678
891649325
716296069
-310419147
-136059840
284041227
-799844807
673532340
912723867
-563970524
-636041360
767848727
-766124287
643587256
774203283
-849080495
602912715
185102654
317340802
-385575749
-669508955
523228178
-525722306
156635504
-839857295
87033297
943972602
-753224898
-745106749
852121464
963560153
120469131
-987401262
-365383641
-55085511
397975912
304991430
918101324
-232577200
-893390359
-828845202
-423791275
506388053
623891399
-792956343
162098801
-349169980
-134666284
631352423
729232319
-979678115
990045507
-55859459
7682555
-447350718
547187700
648775796
731428442
130309763
-964147148
447189771
530427768
-900716743
678246441
-355836601
-906399508
139225047
-146743686
557059598
264260189
588152964
-421232226
470907540
-443717024
-498789534
-788035019
46212168
-414127042
119387293
675956167
-795513573
-263235688
477152454
886315742
-790527247
-495183428
893901014
201575820
-25524856
6215347
-247595715
-400781399
977564234
-215238349
-855811598
277395827
-736387979
-531752447
-231252419
331859631
-800865143
-343700874
-539178456
-649170064
-181259104
-967883971
-131324220
-411271171
490753948
-978730291
383303068
401488278
734494901
-693202779
-514037530
-745212404
818928352
158198984
437826692
377441154
400192570
-303104271
-423913403
740493950
-902266620
519518993
889643316
671608607
171678165
-720752605
600534867
-481618094
308084344
-766124287
-718445993
-936424045
993205114
826229210
582934824
151594749
844861449
852012187
-922499828
952266884
-255361538
142334348
418933847
-421623971
-953991749
-866046163
-142400125
-688236471
-595635501
-623949939
427812389
-970350851
797102205
-164691291
-275217132
7749682
-523413873
-668156532
-706322874
-198495766
155303300
-403640192
-345432213
808728244
-163643185
213363681
570330575
640150091
412916008
-727614684
945514044
-781747040
895874320
626562467
-418898442
-645477266
203457816
697117527
-465921847
703030956
-961932723
-401817157
-292643960
-135256049
704193917
-767385396
-683017985
-190461815
255522666
-944356217
-789215595
-45320380
868780917
468472364
474637724
561051850
655572625
-143675747
894494277
569591487
-140912770
-811856638
234048567
953939105
-710444045
641378250
-799698624
103878770
-777399876
597517479
-789531193
438864475
-748191133
-707235580
256644807
-494891713
627976401
-623762277
938590062
-514037530
-66615445
225256032
-163349409
-320854553
-683791548
788086667
657585035
716638176
-834305358
-749350556
-626271118
652579463
980373574
292098865
-560641863
705730820
-875570877
-126715868
735208222
171292680
803953027
174957397
-434184098
355153427
-521198100
118745424
313331359
215585248
573275328
153285639
343594419
-682423293
432544151
-278935820
349489187
-859654022
-427699490
-416285608
563252271
478258186
-415498135
-293066263
69760424
500670741
-571850724
552502873
-332564715
783215898
11281897
-721429831
55025086
-445167864
48425398
-956555979
-730800442
-737874956
323524252
350752468
-576034303
-921378756
-898224790
418589654
-493906710
-449641090
43790546
-22936719
-930768515
-84228916
-66736384
947303293
-784266992
-207795468
358062984
-179279922
731696865
585570868
-390830944
-478735302
-267536156
-579861566
-234579632
480438036
768050916
-805645972
-924885181
-181994199
-565636493
360115538
775318886
354265657
-627952134
732646221
-428611961
-677543220
301317757
913530332
-539112411
451108545
-640722962
-761359944
883009839
-245706308
-6208160
491559391
-725760071
444530205
-538103590
-757383953
-388698413
-4354257
-494757649
-985734618
610382390
-871480047
76393753
-847767912
882562401
257854117
-622737504
-640443353
-589584466
-148797974
-738196913
880819505
-934990644
-704312765
-635905219
-781223363
817308467
-764723771
-906557062
-623691381
272879916
721645920
-558838177
346222465
721078093
-813076641
598543012
355037665
518497086
-217170667
721404393
829806661
428507153
-943441907
545312699
707012961
219795612
-665021457
-405305363
840027482
437058372
-692166914
-574824397
-633627154
637902592
116688575
609929633
-874104379
-60548461
299450530
968071915
850313896
-444352612
-702543658
-713163207
-429855588
257854117
-216455848
867535097
-189540238
-140265507
170182051
-189394227
840877684
-522297122
421351430
-501848535
-150632817
-78708972
736756905
-334167874
-446113939
-608648928
333307931
-120215660
-347948478
-867066278
185476195
615988825
476800719
395654654
-843005480
941042492
-800051223
245165745
-391064628
-413871081
-336075399
-1421801
296624150
-332033122
959355452
508879102
-994215771
-540870687
203601971
645101252
-702994568
-707181694
586801657
-252291906
553496175
338732591
160433445
455662525
-500959184
854018100
-935248680
-201786531
961820588
820506262
-463066843
296731917
696877635
-236338961
317524095
206529110
353600786
652902454
735682068
-895910580
-526389385
165808502
826331855
447689995
176777414
-626717776
-249895091
-601404678
293461172
622195089
663393270
4420029
-58616352
-533097761
226245995
-23209939
931691540
-188291884
351503938
-33912122
-104360048
210134199
-687261595
-607220751
-974013385
825415582
859660493
740843127
-627111441
541564260
163274736
-70186715
703109726
816554197
-482643820
-583325940
269347617
-528194375
177746957
-797208133
-622628345
-269604367
-926953584
-954378170
657442291
-593306161
513024967
-277655567
45482985
89656233
-482463006
38677053
-997979872
736278727
951476951
131997084
-10621854
205960680
-295471695
312611945
-405777355
-173988797
-35113871
-180166327
591677424
704193917
871497643
10481216
326398412
786715118
-226227197
432035387
-70049285
-186229092
72147432
-519587916
130954875
-331793685
-279219922
-462603371
2488111
-974854384
-519675180
579649414
-665795973
784232462
-6893039
414823929
-712414976
-316986416
-627111441
-346888103
-402943154
645171631
975721280
-741900814
551216392
474020899
206752587
465683977
748743574
598698716
-567585773
965722616
-457072873
-962855171
333749557
-622508489
-282912722
-389101630
-188799795
523690087
111108051
27355335
807904895
764141698
709959155
872811926
347971681
-45320380
-624332321
240318807
900275880
-80876300
-551220207
879154093
-730113531
-561268168
-200539726
-567585773
509457159
563369044
-56451480
573707307
127286059
-713782102
587292868
-846642666
205754909
-769450130
767735924
-899528457
-758943302
-98136217
269249909
-312862751
-286237275
76674567
-639522880
-850290828
175578612
-926199168
677399831
522668131
999819033
725281341
481561281
-420234001
391644472
374335450
-415391932
103639661
953756470
-58862097
126478327
407296531
10801349
373048997
959355452
627568042
587025578
-422643634
-658716636
412072486
-656562725
-936578815
-137961213
493812817
-531941102
-172477515
56859246
777075598
327743300
504855972
379403500
-187538145
21116548
814924992
909875098
493700382
431046932
-782678258
-62848437
70110990
-559069605
-963473974
-79641765
753040515
-945036981
386685511
985141565
-654118214
-735936556
668575733
-684729080
444133266
-219312716
746743224
-253448064
-606556571
23497625
562259176
-502474918
-19466621
341296196
920463916
-992627388
-403183255
21574117
55783543
51049891
-454669279
-253980049
868477131
-516612540
-137030078
-762156850
-512384169
-719164063
-912994648
-992374923
349976449
-779936607
-642124776
-251015236
-103390114
405572791
-394942096
-974854384
185837238
-352269440
-954699530
724235113
-376187610
-192306605
-212381385
233317130
230143470
-275618662
417563089
37551026
-842005687
585645945
-953229697
913330472
554122514
-936297366
687371422
329684838
850426926
417563089
835616945
-526163500
-395753438
742224931
525415596
-561814769
-65810790
-865821046
684697648
-649606928
-971068049
-177097744
70645344
-746641976
250261543
-740010475
213996665
-971408395
24903907
-653557065
-929025457
773677918
-716982443
-371692119
-544930579
-732069617
66288831
29043366
-967137930
-684805864
-96198112
452088243
105534906
-356566277
-931894632
455485585
-79577789
852174864
-520091694
-331856743
738985981
455977105
899646361
-323011907
786508147
-158353208
-247749822
432414872
-817057014
641182463
335228710
-798981333
707320067
884025954
730651887
833692388
-84228916
280759143
707725816
-672715841
576285011
212136885
-355970564
779531248
815037190
285591098
252301642
-552930222
309797368
900349396
-863366745
-1
828819734
-398294373
531771065
-672132093
929690176
-91858086
94594970
44294569
201575820
-470154324
-583973095
455852664
595998304
292471080
-259306051
-884849594
-337665040
194247488
-812551427
-643836013
938792469
472342327
751260158
-467391978
333227457
-509051054
-861676888
-13369032
-759310074
-778454975
885481636
-153280458
-237499749
611063255
-846292683
-942121906
-511015034
-303006939
-996726563
513319221
-33961998
691849347
986702485
619129147
-827842528
596391942
-159252491
-117016463
-300064608
-469300087
-500053392
-120877379
952136297
475885874
-412359949
851543571
243283934
832480773
49732764
116192046
-563750993
512490325
671158510
-105335305
-329468809
-437070018
848145920
730395405
835258512
-627738064
545969324
-748173441
-787213640
551701068
-223401040
457431681
-91858086
-209159059
893673724
-890718149
189500636
649621992
435011892
639081266
-617925051
-860033446
-145294423
35671959
-386886584
80948625
-77029713
-983754953
859274291
355981325
-197949941
-310097749
690471962
-300197775
-889650838
-538639692
-732128064
-122327222
-866835118
931921725
-845019031
-992348988
-334097618
-22471987
484859811
153939348
-411979838
-48451257
915211057
923143446
907257194
332592127
875913569
-749469686
538163696
378549506
750207299
181760021
-86357711
782892996
489179390
526856011
-909397326
-242827326
652364457
-815938095
347551591
91655838
-206292052
-938424437
100738088
791593342
-370181594
264726413
-860516334
627568042
-930030758
263813056
543117543
803953027
221647174
315814900
361097690
384633866
-556018673
816033259
-895518263
112707986
-976063870
-996329064
-814367681
300116786
904157542
-914604337
-996003562
90664217
497079878
-945036981
-487290246
-547048087
-571089959
-229389879
-859387136
267853699
16545351
765162758
-156696332
-140265507
94703408
-266745336
271844485
-710994611
466291330
-370115979
77811090
-827915286
-700473341
-106961051
294168599
-2138493
506749794
955701053
691849347
871703173
-25319311
724235113
789211552
-129865287
705951532
-437255486
-34228209
955424186
-593145635
810316295
950692816
-627287810
-809103557
-302456438
794035665
-275434801
307069723
-935753768
-630844479
-460826321
367101477
133782699
-598807346
-197754240
931075350
-947275696
-220883376
-705762618
-417457116
-203069430
296250475
-777131795
732965481
-384138636
-77789141
183583723
734763964
-212301901
509878335
-49500734
-245599757
575453405
11040949
-10087701
-256565762
-309503689
-570148672
124912939
-651493998
-28436149
71160470
-861639788
-834597672
926563573
152914476
-553629693
-165173026
949592534
-579128017
-671075299
-812350808
543038284
646399998
-718067410
-638743307
-653539662
929584571
-869428359
85832690
429292251
-905209444
247543111
110167986
848238304
703904582
-23110570
-551765964
-447983014
-402148661
-404746093
791551195
-428715877
830738035
-150150905
-741420942
-332564715
467465006
546349703
879604838
486835116
-639522880
-700473341
26198301
-884670116
-740876995
-311274607
486066241
-686008631
199250190
10745237
-891855428
-342913015
-662102579
-200574934
-78298319
-269763610
-841243385
-367055017
-271576203
937472730
710131035
-902400162
282582585
-838886469
-688701880
991480849
732646221
-601913623
895398218
-492124500
-646207369
7195689
662829064
-852295595
376901246
-279591736
794676534
-178629852
-121108409
997205089
679962265
931586844
-780591159
-65347729
-926568618
-46906988
380199719
-2975830
857503303
218813625
14249911
446773461
472607346
-912762993
161718931
367901987
-84430135
-315988380
-290611206
-421334953
33819769
-427589458
611374313
317312689
-929225789
-218669333
215872731
428956891
472712878
16545351
665815712
-294282327
656944700
716621312
612615088
861828376
410154696
774145895
162389344
537265336
-783395968
-942008724
-636294326
345013539
-591171089
782969743
532971185
-442458192
-706322874
-178356626
-33783308
-945751525
-626688424
545586882
113137363
791192591
406336907
689415869
236996476
572820476
359726042
-544607663
216610735
556871400
355037665
21645037
828224485
654355316
-911648558
645751923
-236778480
-997058912
452351888
-393055576
655707104
265486734
834470034
320419965
992365677
938498032
891970756
834670478
47230611
521423533
-640675527
-318505521
-79757448
-444745864
516415973
-128140105
711408815
-263514359
-610878283
-968270401
-338175576
182106776
243443501
206118656
278347728
-168444714
43933071
-943122412
-767468646
569549687
-575453179
618886482
507996214
607290975
291975446
580218576
-750564251
371852641
-854148646
866437585
-375080681
935821129
148301829
399205405
-289518930
727524888
-6580610
-273072280
416339582
998814257
858381408
-654977840
23906943
-987535141
549415864
-886712500
777448689
-142182151
-243141680
-358977398
499962924
-367243276
729587986
-23481924
-657806098
362751769
-600806260
631002730
-617695049
-998212739
-779097520
230421353
-655145179
-625735634
912093153
773511005
78005668
-612167698
-661579809
-919157686
-547896544
-587285886
441628035
492475002
555760396
-198895748
639734511
-220042632
678963185
-77882495
121342184
-986762565
-323769795
-307522562
131641495
-36338292
98518434
-263021761
604380785
41130578
-71906707
881474777
764910050
736546769
322768208
33819769
-206242520
146588204
586722983
509753929
-447470195
84184788
651133502
-529243000
-926337178
-444640281
966092861
68055504
554167987
515763597
905495838
846108968
-674111080
89983092
213604623
618886482
-818026792
-132801302
-651932146
-606125723
885653582
-137868914
-510813378
378651718
591115277
448012539
158130768
-312622962
-788341285
-933350753
35671959
793503305
553131305
748878181
-37955413
-835003557
123406703
608800972
615306110
942096562
206280242
-579099411
440332489
-293589692
396768173
-156488135
-390676128
288616542
763068054
487646614
481050359
834094423
-790093080
684179064
-566410473
285899414
-747962861
-363970809
336451598
-632435798
-792779968
823292546
548329394
-961323262
403994583
-332607095
832515505
682695363
-965507142
244166571
-20655042
-592718187
-220750783
518177581
-56305649
555760396
554764420
867710733
809641965
782892996
269925619
346394184
-464325389
114218859
-369480966
-945751525
310305332
-936314198
584181590
-321790390
-563448775
-432721376
725164012
-709020733
-40668911
737941706
-203644566
388061235
-239332384
-912175101
110742380
-466661784
17461015
525877783
359584508
-535986175
105500663
249440283
811757105
95786124
-296150919
679687207
24605438
976300078
519150742
-962925680
-681650055
-16399517
11572775
965831768
-364697915
950274559
57543225
-838753560
-762959823
-371198653
118338421
-850503627
964431525
657344063
981559768
-670969537
788086667
-824283669
-314739186
-201247018
-835003557
632330693
938085364
754423842
37104870
-362688222
-674246746
282417629
781579167
-187877869
675327626
-348462313
-446671833
177211840
221932147
-791017707
227457451
917526034
-662842306
-562720182
116434811
-439199555
-965600888
550060200
55592909
-3386571
-25078849
-185774444
-564416178
489422565
46212168
-121108409
114824766
309576410
-942054231
-963663281
-923844980
759205666
633966362
226767852
-387595836
-266569145
-263514359
871821687
-467834657
-749703159
673348942
-672715841
-522985252
-289912845
343456383
270109024
504855972
740927540
319851458
-519882448
316615485
391716896
-715895601
353594621
167238519
782726515
268274512
-902266620
-193123748
162204232
-494272739
-918452545
-177097744
213996665
-214994046
661534833
-894292746
-928732335
419796582
-335662555
-761697662
236790027
-81481655
-540124912
-772967784
-439092545
998050113
783503880
109734423
775874317
-484359656
728237363
307978492
-233866618
-826922279
70804453
-10488626
340227889
584181590
772413405
66067548
501008680
-798063012
-604594899
-361134739
-574618382
396247040
168476214
-306818259
-415788108
947374897
-99752288
10127106
919608967
364869198
498115922
-753060098
-455109288
-323543584
-905328666
-655400112
-587069706
-241369084
364856703
399908775
305519464
972773
-83319932
818470558
-896303634
-374773879
275586524
-671704333
-673801974
-128573199
-60575468
-318876597
-935069628
-481834368
1549026
898695458
603253057
-859448721
282791112
-524964225
335032393
678323760
-706322874
20206295
-676784016
-324454714
825431183
-803273951
-87125870
220244020
-416619551
797326869
-935169792
-49199136
673901779
-602123961
-609997761
519183521
387916423
237046120
449578697
-964583861
234278703
-455407146
912723867
603146182
999528243
-291008335
105568240
-269835098
-540870687
290481006
-808965618
-604517394
661191532
-722389259
-389757848
-320217321
-636706566
496649464
119700480
-282428485
-709515430
-37163339
-399658647
286972170
-260017036
-41212623
966663276
765720292
-385777424
307336151
-705253973
838591952
-774684433
-638628825
-675044007
676720341
961889193
-466661784
-625811638
963303997
914274579
-358809575
227368073
-666493897
-291777391
373132595
513340533
-798684445
914879641
411716266
-155514158
-214033803
97966111
739427720
-200517693
698247487
345286978
-699226656
81312173
-210981749
-15833342
-197815054
691708112
479769131
-894910797
660149136
371738350
33510123
-886455855
652214159
-940730663
678472739
-112481513
922195694
-897820654
32111865
-243400584
287021184
280815741
131107411
656383115
-849871169
603852518
738245066
877127809
-981149279
996517796
-687952525
145047567
278347728
-327932883
74850653
518407987
974936415
438756671
111516370
781536461
439147674
-249589958
-8814467
645101252
-989086629
-713016573
277639654
163433373
806627917
271573027
-518602903
-847072793
488510296
-790574441
-514487102
-300586267
-537164415
-794837250
929803242
834951628
36477740
-268728401
-146500452
-470299231
587032066
-275817612
-493974272
-140546414
-902769483
-173143680
-747066730
-904086751
645210469
606425717
-87716747
-405305363
-817457015
-600724356
820777747
-40322891
-713262015
559863438
145825567
593737154
283818728
290962533
724922484
-127366607
811389767
-927827718
560832963
170733222
-274699481
767735924
-50503838
479171738
-825614507
890329060
114288467
670932912
-627287810
-135133681
-360627866
-96115711
475574056
528243749
177315140
-174626343
777415966
-533902909
205501492
-271716573
727470799
247086
-71906707
561802872
-934133287
954110362
-157887144
-222513831
259675250
919881074
212166673
-602763197
481207415
-845019031
329607748
760783990
658824380
858641156
-401009321
-822531140
411716266
185476195
-432359456
-638677240
-403059901
-701567628
-915712135
-897820654
-792408403
-401988547
747028927
46008967
27355335
913944054
-767766371
-557514285
-816107371
987302478
139287103
-385019314
89176580
-217861947
-586097393
38769735
715354906
-197035724
-39732609
-969408320
-215403985
792492658
847209882
350243472
767848727
305992934
140771275
283317630
6888360
-355218661
-434265248
-469445291
913800436
-803740139
264260189
838983570
-495066851
40938359
318231873
-649308735
816329174
-374773879
-75157756
-392972821
-507421158
-137318725
-971247550
198068076
457081749
821771952
87155884
981202188
-463824960
883278156
372252942
89808503
405485693
486134977
869665839
468985616
-245599757
33241370
971028906
383983411
481828641
770893980
684697648
214584626
506352298
562671985
-382138339
-752440284
113339751
-577314389
914382936
-681261600
614651578
655572625
11961492
-122647568
-331856743
351666733
-374536869
640100393
304125899
-778328537
125627375
-674493320
-822254797
-283344509
-198895748
371238117
369961723
567067816
-800485637
290331840
91744680
424303201
-787670601
58160928
786916309
755717864
-947275696
-390175855
108032328
-162980827
-690699606
-193923311
-472916061
505887707
-489890684
393032685
-289788984
934937543
248436090
779652821
991244731
-534299562
-236325413
477939804
115865200
-397094033
-478461218
-340115686
164211327
251668131
-50445482
87532890
134148681
414890836
-278750413
-746854653
966006143
-228999242
-575985077
266592317
653603402
614651578
-156162707
-64484031
290039021
369866480
172739053
-578665004
-807750504
-433188080
68284169
-816107371
919165489
-933998279
720543132
-27737713
57527605
784412815
-484507789
-458062005
-43422214
538296305
648400103
54901079
-669875462
-25921715
-92099846
950959146
547187700
341025879
-532160861
-259388137
-289393993
-272975615
-675080497
194592192
588152964
793368142
313005486
-471100252
-357028908
768933444
757284148
564515882
-711269265
-937313409
579380733
-175599512
-428180689
-34930380
-26143723
823667479
479701691
129356216
72865238
411716266
-389282809
-888345345
388066764
667667886
122269370
-667137534
-937731505
612615088
-881767421
-229702055
-849871169
409962650
-390046877
-655592600
-218282786
185476195
-971247550
-801764195
-656192502
-565745714
913106330
-86274143
774491754
504333626
778832064
-600724356
-580101966
618488574
-543744558
-144188150
741652327
443721183
92243033
364735129
426121074
637661254
-925779039
179485343
684510506
-967194670
479490007
-944012129
299450530
-965014645
584332123
94986834
-791810789
-385216602
753339548
-452101202
-66239215
-873190553
607591266
-216145975
-890651219
-530046349
871230916
257079041
683615456
-770810331
441013505
756987829
-982850743
-970573036
-676023950
-504192357
821771952
-539477772
390786200
864218790
-128140105
667323275
-641282171
352980908
-373267930
747028927
-134840405
-425576254
-841065386
-168256048
-918300879
623683768
40754402
-485035465
552679744
-486825158
645644542
743481146
-312862751
779163812
455069121
849407137
885481636
-35400356
340356109
-589895457
783704779
-916073688
372192468
-54412354
-932791576
679962265
487508397
523483979
-341829903
-736217009
581192295
249008484
-488443580
593921836
-679027617
524717474
616799026
-417902193
427752292
284751693
-904838476
452745227
433426099
206239154
207838365
668700749
106214609
-295322746
-830077001
-487729722
-933070406
40428607
-604429404
-586705804
718426857
-551726867
840320721
-157848462
778759618
322950802
437709290
-120215660
142783097
-585809428
-613309987
-3742181
-113625358
-875255050
-795910651
55943643
968415158
215449734
-847832301
546471916
44993749
-947171202
-321947862
-399974508
97249784
59952725
277150008
414680297
-687261595
-699226656
-208001802
400156980
807132692
387084072
769773024
-566998849
-413821803
-352809803
-612132743
976045069
937472730
92243033
-387157425
910927790
-912674509
-150310757
719864500
193295511
186472792
463054348
97624780
-568269124
89656233
166188079
-268989485
200892873
831037587
-169845397
365590680
-788541502
932591665
240619191
664349674
-323070617
92154175
140959019
314073283
-199140163
853282017
121964991
477501199
660666603
115486740
-345114710
380471629
165018258
-688742225
-88101118
-772746585
215354850
-420234001
-663725855
820568562
-799909214
770000967
-60201081
-153949560
533213358
423096166
-755043491
661512694
-73533281
303896222
975005156
-353878301
-952452105
-609071309
-415213903
-393526286
-357208922
-849653935
925834466
-915582739
196306328
511652295
-389151930
-334101452
244459343
-892647661
-697079444
959141772
-269401555
897746375
-433349500
-690956698
28022453
461541860
146643547
-877845398
385606719
-142571283
500670741
-835197114
941316327
520211948
517640674
-229433912
727946627
990251499
299502915
-414652183
-29267266
-225265792
-809103557
754423842
-434710869
-373553156
963878405
-302589952
871268488
-591612349
738716507
844983346
23195225
102011527
-661090484
-403271499
5826640
891744601
146233222
-833112962
872456882
776917399
-629644069
-483895565
852938860
-212381385
303289811
-987928152
-825307908
21439666
701659399
-529949907
970164852
-549434193
982963599
-514037530
-469445291
-127914251
-592738718
105224784
-391937883
826495648
-87571124
-539070435
-289883350
562204392
234548973
376569547
933462042
-622247185
942356663
-605201629
608877485
582170731
-452007903
359726042
620661783
-702906323
564160947
-983657809
479746139
-661226395
-885668251
602521931
203389674
147164138
613644715
50465602
-416538840
532383442
-340115686
446176199
-809694376
608800972
-714285453
923664362
-367977903
664131671
-660521798
-15284445
263273713
90934710
-474836280
450204914
-314489690
34504490
756061970
-57750015
-589435345
-679892181
-602763197
-823226302
-911319368
-768047182
-558646673
-677896803
-390981712
301317757
793483459
-153949560
-211680542
-963973296
558572810
-551047661
87073714
-965865962
-406221513
221127989
436004859
233599398
-973326590
-437255486
-394942096
5495327
-848038099
-614636209
-336957468
-423616466
-216597553
-829762222
-845132661
-73487001
253657082
-457816496
411672085
-718633178
-389074787
-933148604
-91702883
579843165
928189047
-834805868
-466755682
-472068237
-589757918
92243033
-665369814
56081279
775441509
287674070
349150041
959722416
-176412533
-194849350
-275491639
-513514604
-208001802
349150041
867386681
225369879
-612335313
-712956177
719735178
118925658
-69860209
497305387
406868084
-387064218
-344496294
-227606836
963765945
400744431
-800787799
-879519406
165852631
-380525061
47691264
91655838
847489556
334927973
221950618
-710631809
659660814
-762203234
543170483
707202772
-377594255
-460377155
-469300087
-285419348
679445596
-628363241
864433996
-470210814
-301412930
-423616466
58845725
-62700975
528295694
-478240867
-547896544
-950817369
-429529502
-301412930
386509711
877959227
64844680
-113388551
-970573036
-562935552
268429971
-440847991
-412359949
-473040597
246059239
-67836527
480608186
9728796
71396396
-130020152
-754178286
464466578
633966362
727693437
-695298212
-291964523
19484877
-377859109
-705779438
-556229153
-113650790
359140643
-476411995
-830347627
-322721017
-952996333
252301642
798286271
-47997426
970771975
624361708
555771181
-132572875
25702310
-799909214
283781512
294012414
89258238
-621373929
-204934752
742413432
-395652258
-67535212
153939348
-273449942
-578258664
-740534743
-374857083
-603547462
986755669
-688323062
607290975
569775983
372008733
-863055769
-788742283
-179113281
376901246
905684392
-277288650
260090164
384692407
-924831322
568014834
726237335
840269053
720054059
328964622
-968302816
647808525
614018845
-241917413
-748785317
-681261600
-572391617
329222761
-273550135
-971247550
361025871
-774889009
-477219046
-3566383
302190445
-369217105
-274079903
836874945
344563488
-314149865
886810525
-240824507
-416278236
787603200
-160540671
653827612
-449335077
-164673548
-314584033
564160947
689804643
198529052
229343550
-777642827
367412073
380378743
780979276
-79641765
-459371123
28091862
413985581
-436690986
206752587
840027482
-899480227
-51716369
713382450
-716140862
601691991
453034325
737256690
-877580920
-762980685
222475788
-423913403
-559152589
-701427561
-279691372
276868439
376204288
-185679396
-623949939
595239289
-360049
818844156
-880641271
68122988
-965014645
-33084783
-319864190
909038975
-891990741
-342652095
515080669
-428899978
-915204829
331450564
192481914
750108996
-593786220
31310701
199881970
401753881
-524143612
-947079073
-387888633
760561117
-825874843
999633944
-720810497
368036538
-390981712
267631190
-706322874
520739760
-283761959
949001653
-42643891
-557634153
428285446
118225806
-646507542
60085863
177292029
295142829
-120436797
-368666885
57652748
-386739038
-668698013
10283533
-150556305
-955816672
689052079
50726557
-526494651
920463916
750512304
556486654
-694757483
362074213
-28061590
-71906707
-256137762
699225450
614716468
-708704397
-344849891
-713493696
512036433
158130768
-706671734
-674881087
824211814
-757534149
-378927093
213891472
-297177349
-703986448
-698446651
-208693932
965831768
938746238
121775751
-76969350
-403059901
-581032786
319246181
575054386
377700510
484859811
320388726
-91575612
-708441099
-308701927
-928225213
-823955758
-302709687
-454783663
937782461
746708487
9036759
-151498961
625482849
-240228139
-499257654
872335810
18304535
-775598176
544106227
-345995355
633679189
104760237
-784983578
-279219922
948099096
444887979
-569992093
-181187788
-342747520
675525299
170919809
-328922803
833246607
484312664
863938080
686998996
-881261133
259181762
550168719
-372917552
-684565785
-487845059
147708143
677519731
561962422
-646596068
-139901201
410682492
-487456808
-483393702
-900324315
-751410192
-260214223
589900052
223077853
358461308
717935970
-552478047
391093741
456761214
941552536
342906475
608432927
752265528
715559234
209998916
923428036
631799880
-669535887
138334160
966538325
-62741392
-171499210
724512186
-602443362
-261896235
-685132196
737831653
-540471812
-73860992
553637527
156242496
-720012526
731247396
-297754726
929191413
-38229938
-18050432
-941349309
512804458
169332786
481371818
355424781
-59962122
149031177
940172201
358062984
-675407848
821524093
-843836686
216071786
339427566
619243821
-91383823
-926663165
-159698623
-485783617
62177737
842595435
856466047
-488885629
-587644591
15460366
234548973
589731865
966625428
789705780
-412399725
655059968
475623594
-723965147
117341999
166555088
-992773607
-745983214
708077985
-957757369
-615715951
-266609393
-29546676
549637060
-319692042
-703399302
-294282327
-953360484
-383453336
134824186
-360770621
-566826716
-989766425
-350224375
278498346
734838233
-584485706
-930394723
-835197114
-780872219
-872430235
874412517
-499421202
840877684
440587412
79325433
254867310
381036216
869862066
88780473
-227920362
602354851
-673294597
502380523
340598925
-347556931
167935412
-445822780
18696031
-775732112
153368004
945876850
-352809803
810213047
825570980
156242496
358009090
848223803
352298278
-691669208
222788381
150615996
-599198926
-661344877
-908345076
-77696483
183427737
-538790259
-773693217
290074190
-433618201
-484222012
-169537683
-462270501
986485873
272879916
-87235867
-507007820
-588512814
962404368
-844664730
-765408398
-462422580
639407694
-480187431
-916472335
591236266
-831648895
782726515
-193517492
738815317
-771508768
314525649
524271627
-758735058
-140140595
258506385
882614482
-433561332
-40808907
-318140317
-679439969
-708498162
-84614586
919921145
-860449862
-148487367
320876107
-668740123
-594545098
906406604
-30406318
-885142791
-611301964
967104831
801080277
120154893
-820994407
-595311054
-713493696
991966789
462874172
-43154130
-840274456
914631620
-112191262
386509711
410458943
438597612
-185613036
460594537
-747814080
-119961650
-910615976
-416619551
-89785716
-768451133
-841330219
160556652
-156162707
-93789636
16368518
-491160868
748342230
157496288
-902266620
118745424
-836700318
253238238
-681160883
-212137929
744785393
675065300
-467391978
-954167739
-411093354
-725760071
-426169253
725118429
123599643
788148476
56837170
418718907
142767962
921585074
982737226
-388186962
582497137
660919696
-26143723
12220646
-466661784
869105728
-968302816
907002949
452088243
277794460
-356402507
-943534636
-131026098
703520948
-361010477
130388482
778369623
-299864846
-385575749
-950309088
135575341
199552516
-850155917
511010177
-858718254
579163164
-776265656
-749703159
273006005
929584571
543493773
318475032
-395753438
140233677
-936435616
772335709
-831699901
-731612997
-653242153
-800065489
-409869399
676723573
903253487
-829090853
-317547556
-131203340
-693080202
-158279623
-392562028
720628221
643982858
-984370974
-930994323
326787281
-931071843
-247749822
-107526220
-861676888
-193837297
-418461323
-664003380
-573904338
477587371
805777941
946535253
708671367
516140408
947275450
571282916
-872410251
391930888
-22491208
696877635
475574056
150199063
-957034866
-948091875
-442853229
152787786
-563638309
-522873106
625043907
-842005687
601076480
-10767608
-33897998
464123154
768418500
870960258
-923683830
368867582
-648766433
557630193
-276723484
-562528923
201215478
441938343
-355396992
114640542
-394388889
-399742551
682239122
205613501
43978773
-704405624
240304961
485188777
-830245140
-614513063
-383374442
-652361797
-208396652
-63394185
67077728
625489332
676863118
739946068
-54264857
-49645627
99830334
603330408
-878709555
-173272584
437976679
-547387525
894668952
948252667
-247693659
537036826
74450424
-189394227
-237531524
428956891
939399678
388989493
901373162
-450627301
953648724
735791223
-340468772
-304598929
-256137762
-606441366
-395127641
-20342864
326501304
-23100922
-907952429
-530574396
-287185176
64844680
-48336982
64133896
64984960
817600180
-402474396
156316086
541219273
705110226
69574538
-332535903
-772895565
-596087159
-839324547
-154409233
280276874
134053436
860091618
-773149326
-52193941
-17560389
138918643
468213292
558334089
517621618
-813603625
-861302910
-451868701
-197813134
-496619252
-210616662
-977163403
164392094
-518147922
-404992840
254259822
114931402
544337186
-315548499
-673250870
756048323
229954718
-551385341
-141589949
-69610549
-18648437
-226786885
-286961650
76079905
206884290
-983277253
192870695
-557311372
-797125136
413270557
147876467
349735175
128260369
863377359
-970092642
-820994407
-945912924
-413173979
525598839
-127753828
313504030
714138748
-841281529
501645155
-189882388
-571158630
322768208
-983844631
875746182
-707757833
-45686152
33819769
954635494
-288188863
-312949305
806158707
-636294326
787901667
-456900899
-31508492
-891749783
-285340310
31640178
-882395794
-67374809
-301583335
-305183413
75827280
-992773607
-271162084
-690872357
616836049
896142325
-539313931
455069121
265555573
362358110
-302709687
-463025381
-36415928
-607141930
832621609
-918601427
-420577572
-398597306
970887125
-961016289
-381212542
856609848
417755397
648115
586067045
657209127
-307522562
501855089
616652223
-436622748
-345114710
606643005
-337535537
-332246271
611773644
685902396
-634147135
27474663
-313939235
334774781
411042459
-453610847
-892894554
-440588387
-176851827
144114173
259476068
906684138
401136475
904466944
-402474396
-703511494
857304560
-610089383
901163739
-944253821
-205424311
947275450
799319677
509653878
53953936
584181590
459779368
156703538
769918597
535747115
-537079777
637477290
-119181479
-176203534
105895217
512712977
-654362795
796269276
632694122
-28184889
-257930386
730268592
-220278980
-219690903
-258858098
914775337
145549109
750963717
-390762411
643016811
-698164633
661708563
254715293
-823860177
860091618
-90051202
896376260
-113200263
-404628696
-654603514
136293889
-657206383
-816040969
407801104
-487673679
538649088
78609692
792492658
-618605584
-362593592
193759243
-73860992
293509436
632168342
-605471098
-831394147
-859301291
588398871
-104120796
420006152
-935248680
307470855
995166581
-536263068
-241917413
-197159715
-217243617
813763948
-272847090
825961187
226177954
60299303
-773909542
-474288412
-708884913
-84614586
422090371
-67741007
467683729
-659506772
56890483
644344464
-28261509
494709767
-867985712
-798502582
236155758
212366385
-689984078
-588042714
930592222
750963717
-228597438
210368858
911380389
-70998886
972217297
-624363622
163872079
128961041
-68257527
-568923304
-331362268
793588869
-852373852
-838580219
-657286959
-958734751
536297892
542183913
487442099
223011395
320768763
-464911990
871821687
288451277
435164763
674851233
675043229
730650047
822345649
845710855
-204066661
-360375553
-103628758
291726985
-775438666
-968711062
428507153
-679850471
-745782924
-555419509
344083028
765452943
-421978714
94302444
-952377575
-486825158
688688756
363156394
-126436947
935408839
586801657
484859811
316846851
187386748
379375882
-821931173
-325280713
-227812181
30983261
-189310503
872072031
766169536
21292711
-314947552
-670720978
566557394
-318140317
987302478
-985643993
971737765
-469445291
790057169
36987922
696717525
-322590126
-425986906
-497620541
356611793
-71540534
810405233
-992773607
664914268
375335741
-567550038
577459199
-291313497
-338156954
635659524
146144714
-123625159
673774979
586329399
-351162517
404797976
-317747672
-168736358
-752720298
-392386855
-224681860
-617856107
562544156
-40011641
-163939303
-924505680
372321980
-313412539
695550868
277150008
-31508492
-869209087
946835693
9798215
-808159675
-840902745
580546723
376746647
-934219274
213604623
-348800218
-775598176
-235481289
374771363
-550157167
-419023613
-184068937
408806107
472502557
650238253
448570270
-526952595
-645758817
965635774
-543068123
-676572350
896952732
466569711
-33309630
-706322874
-854391055
624200283
-300357200
417222508
859384304
-698700383
851282548
-74206174
973138447
833402727
188739805
-478461218
-731367797
181332036
614809304
-615827036
-547733489
-905917138
48760631
-731367797
798286271
-561679465
-498667408
411490469
501531204
-401601439
405159348
-978192408
-548288800
-100749367
124866610
-972868903
54580524
-430347128
951605198
-101089196
236906052
364998225
-320906883
445997064
625892400
279382401
-408026878
453975027
724758683
-787605670
-785869208
-134666284
864669348
-33309630
-534589978
879498964
-310808663
-859190755
-954943351
34761959
71444128
383206882
448428343
-826262403
-541797734
208557000
-908345076
480413666
-213565704
-204483010
646622505
-227295465
-721863223
435272932
621721971
-986762565
-289425463
-563696822
10303876
-961226130
-337981819
-848747861
649445241
799444408
336671602
-968302816
171843045
507945061
-488885629
96118804
-368521521
-476061337
392252439
-245050143
943971751
81847038
-293534621
-56402488
-980512002
-858718254
-220450318
507364610
-163217060
-188868015
-998459489
248703182
374157095
-331304668
916513948
-866740595
802949119
750763274
463760597
190444578
283769933
361097690
-95755762
935821129
708334797
-749872436
-318470498
-614513063
62537282
-18854983
-483405881
-486628509
-935548327
691499635
916162178
-536675400
-398294373
-440328760
-111242570
809222891
-323769795
310870929
-480401508
-557172448
570090487
473575719
-2668701
-101788893
-505801689
572192023
886315742
748273381
481784177
-617060114
-930955156
207668618
46379486
538014126
-37163339
-104269147
-459852894
-910164719
-714832054
407977430
-553346954
789760603
-407349732
912606676
231476709
402611743
-475965586
72547145
368096496
-150310757
501706504
-561569190
-728661111
978788762
-644635026
-878385704
487712069
-759475166
-608518490
-869921515
810914526
-988273443
779071909
-384205717
-9212287
542649767
-832533975
662166477
-485974983
-467017854
-103489633
973364509
128017403
-248131084
412769286
-836176337
-854391055
303625195
138572926
-797125136
152224644
-400879415
-139080327
-684951134
-769158502
-896342416
653392028
651897585
565863836
928823049
583079713
835056732
618578192
-567694866
-903035405
-833355854
631055599
782232602
-122174192
-635705248
-218042512
-584736318
697533921
-820679820
-713016573
643880434
-661042973
-616851238
-316033107
-848583011
-385898617
-772541839
-486128422
858773832
-825874843
432119895
422045084
211495875
359809673
-15959715
-85511464
374371765
-605488459
740178630
216071786
-606266400
874463110
395732570
-841394970
-958233351
990177260
-117495540
489846022
290826053
652990734
-416240860
244466081
698529462
6618312
-348658234
-440388205
-32944939
-333694587
770227035
62537282
315774264
175875917
830282928
7135447
482761076
-457072873
793503305
885653582
102676522
10404448
-553324575
-236139117
-136091925
-113650790
-609513112
398277530
175578612
414823929
-839412452
457587741
282187460
954998065
-766664432
-180438674
162855169
947275450
389438751
165172401
-887292373
976678458
-630040507
737273562
-45902620
-440051385
428175034
174337441
440482376
-345004831
-535817618
301882422
99019350
939697034
2991818
-794929672
-687121056
588152964
83383437
833246607
-723554003
34342582
463974954
-938664475
829806661
-905399944
32962755
269249909
832515505
-948710237
472770142
-389537733
90849975
-878818620
-220450318
994455331
484630169
-314835259
-227128008
-488097737
826687040
386937252
366417505
-107244308
362751769
456615605
827638388
-72906845
-23351750
125439952
-362593592
299556532
-667461119
772267487
-306818259
789659203
-967194670
-737911771
-155162535
630011952
-665795973
192462563
113043142
-442646114
528514795
571491562
-476549156
111904784
-291366792
-84088822
-401988547
582759914
-403059901
503184668
696148895
-599198926
-878477799
-968270401
-791918625
140288398
-847072793
911772942
-910518278
322822974
-800184366
-912343683
279677323
127597816
664594669
241892839
173206918
684089638
-721924578
401902178
321455495
828263014
214833848
-327932883
-562528923
942570325
-558473710
-383318389
-709166789
142767962
-36007871
637661254
741585094
-544559074
-632486305
879824403
24903907
-509672438
882290984
-649676746
576285011
392828655
-545905384
610795585
423152710
-162456246
964431525
-848583011
904897340
661781947
-320344779
-15959715
-802303949
-534752988
463336676
802483745
-199447039
-624293781
-489608230
-870491324
-653799151
-530209277
-733947506
-888623490
-803404247
-473600451
-897820654
674952248
-584647398
-763294440
814262715
-314739186
-726873074
261441833
489818535
-712455237
-593471357
-181686444
250237849
-772484617
995861561
975086092
-862297282
-144439853
-148247370
-830943807
-946589915
-254187503
-736953925
947656852
54229214
171088975
582759914
-89148325
-480933769
460108484
220083209
-302151564
118969011
-338175576
707434893
-554837348
-22225463
-533106213
-749469686
-399639284
-490081723
-235301911
787810221
207838365
-914857663
-120978071
47946799
226923710
-490449356
-926450894
-578189370
67869508
353898661
674541532
-642359996
213996665
-44802058
-644186707
937943070
-888947688
-139450832
-549443897
232362858
-537885075
-318776507
-52687682
356669896
-972747857
-310743318
-873565580
-241883472
-370540402
358709059
963044925
-241815024
-407349732
-235207270
-625671952
40242542
558722724
739759281
415387296
-989086629
521548638
987073621
377745903
728678126
-716631301
777930823
-129865287
-558040220
228392708
-780063793
64437699
-45154253
231281306
-640766727
843439476
42648689
-406149167
100838617
-400531933
69445338
-262247846
-500053392
598862907
-85733390
162098801
681743954
-732390302
30216694
-588340528
275537321
694063367
-124697465
-893390359
-890466299
586843418
-773412172
-733473483
-879474640
823667479
-795388946
677042762
-625960917
-663915730
291347801
-166612793
-21407708
463641106
-677099055
-900430312
312666394
-613468805
350348340
22425814
914195133
824544570
492245357
-282428485
-618444741
-407400795
491430739
671738865
360147752
497261324
-188453386
466631301
343456383
107341738
-982048467
903096024
-608311587
868029270
-803028896
782462878
-397062445
250692050
-497856486
-583852256
-91383823
-665252949
-823695943
455662525
-968842608
-281120115
113951775
595037908
-399922532
660557618
-371494960
-441846527
392096486
480096962
324413336
270961202
-393102921
-806815388
519432285
-444286003
-797724004
642215461
-611851446
-701864486
-186697394
-770462309
425937343
-804885611
-669831444
322267807
-671370258
666851409
-375829380
-52371376
844414092
-890792291
654984592
-237906671
-39100141
-55183354
-175022984
-882644555
-722259042
492500342
878385195
-223939551
146804033
702158952
189301774
344109343
-758489485
-370181594
363566948
-860505995
968707313
99830334
-288868869
-634058028
-99641644
91208572
558722724
215449734
-845747921
-269763610
-9694343
22642198
-473967257
-696445724
710898662
-43154130
-894598639
-885954729
-284974467
118839238
-418282356
-636706566
-865514068
-953360484
-326557710
-67836527
-497112647
325280470
66351986
-365143034
-797948244
-943188612
338353579
-201150867
242032717
-725264922
962375545
-405704067
755445935
-562528923
-859448721
-588401825
826229210
53876671
381516252
436375448
-441160741
305041994
-663578471
-792598078
902331658
-953301506
265640311
278438041
-509174105
187634516
785537828
-83308486
172592871
-166731134
17461015
-396169331
-394525768
639276221
-453754975
794899457
-311887719
-21558973
-211447647
-136587812
-809993563
670694979
408598591
-987554923
727256936
131444131
294451459
101248097
-807767831
-661306853
-785399211
275537321
906521087
-356566277
-851519449
222065259
44651960
241297833
-370181594
-164233156
531574308
779078982
390525595
-725264922
-766398668
76240231
-605201629
-29108220
-262301491
-521466913
-53253087
-588146001
-173276418
-22491208
542936291
-336116920
-75589269
150659058
-477318036
696148895
570651183
-732541482
-620070698
-110662374
-742730098
965496807
183939323
569494514
272715140
-165381795
935734010
59260759
-86729032
22150090
580218576
333182720
-690140476
415534601
-372395881
511185188
808504382
683491055
-615970603
874244326
643439867
-12867598
201056798
231630864
303559716
668797860
11474324
-481618094
817748647
844414092
598465587
661433317
-51716369
288325398
312542700
-89515632
-983805704
545638033
-507469540
-85792703
202423338
-837730627
-891673850
-303566125
-653931132
962509274
254178458
-345004831
806901564
-774684433
-98136217
-959274421
-497826943
-683661860
-475146473
325214063
-749718705
102460524
-770635709
-452493426
-367334632
141120945
55592909
-299941335
-126075421
-217861947
-329722179
-715668288
263592050
996819234
-910683927
-139656231
-547184029
-825783039
-110971333
-271864224
50799447
925058866
336229275
-710148942
142767962
-536158763
347313085
187958186
873487296
-276842321
-383527796
-333768525
-216876480
746384283
-9694343
-492195185
267697925
-906121490
346865223
-65286765
508729855
346151631
-904838476
538296305
561377634
371444709
175736346
502253237
180417976
292811703
-11202611
-484982397
304546788
-289788984
488386152
-182182859
109504865
497776662
644917734
641056305
-28798078
781405262
365801351
142974564
205883980
379514009
418933847
598728288
392377477
-145876564
-947579827
801507560
-805788496
220787836
-202496256
235052136
575054386
134447091
-984421304
399332787
354087762
-781450024
373868581
-361198138
-236607323
181112049
-467146499
496341975
272147319
-530347470
573799629
981559768
-973326590
863406315
-267357538
-780768993
-857977179
-669599552
378115162
-821267137
884423025
421175940
260293856
-468165187
322768208
-245978870
364735129
224528143
-68560527
-744605602
-497501159
-280700882
-242827326
-933148604
-170976937
811774982
-293662115
809821223
158621033
79315385
590879956
474262552
-708064576
-516612540
-386567500
408598591
249926988
621721971
-885954729
-205948178
-338798886
-702543658
-876192391
-359946676
-488392070
-258282255
123065960
887124855
288471366
183792742
-266745336
800576365
-984198836
-206292052
428003291
335308440
585838160
96297291
672124118
669814820
-582061552
99344163
-430224296
-602829210
541792675
-368905778
958106792
690269529
-921173306
-367055017
-733391735
853583457
-553629693
866611968
-330273882
-206070248
175736346
453909666
763449425
-304246730
-630403485
869661381
-856214199
562259176
7421861
-788341285
-895461485
-423567334
930089684
-109204926
17239123
243181698
309820549
391371616
459779368
-568193051
-563696822
-929025457
-520897150
180982125
-687706190
-141589949
864948183
20616772
379296870
415806211
-629704413
107301062
814365128
24675051
-846642666
-197355101
-63181502
488510296
-223939551
881752761
82154897
-732734404
518115563
-704889972
-623949939
126492984
997602971
-149241953
-443396375
691708112
-516763454
656820207
-679763998
-648555733
819445584
351207824
-572169008
879776625
3395919
809125962
-284757994
-797750258
735435960
-537555203
391410817
418718907
-585809428
-299435985
-562462432
187789647
284227896
-246083011
-30208872
11040949
432414872
-685188302
-162417412
-756035481
-791590629
839793135
579762336
271721350
752265528
-405429415
-295077516
666235490
697848233
-465178607
867452601
-387111514
-278977771
337795569
604547251
-842901690
599372312
442879807
-726873074
-221851521
-492627337
377285923
-408329941
540282166
137110190
-249400961
-905946787
982436106
619022695
333807858
585280925
-53695836
-89613646
-134200242
859623495
-928031542
341192778
469865157
-188868015
657949203
-832417061
15310534
-723270260
-212679055
773409579
-934497776
755008614
558393964
597063541
-692765753
905616769
-625960917
902232729
825462051
-478854371
361872650
411733820
-141776378
-622887828
-543600587
426984661
-295228002
-29659847
-719458648
285555919
960024366
941244327
-613348244
-238473907
-545905384
-762580232
-21016189
912411950
-408521455
-439381860
-45852650
-480484826
822345649
-511149383
-106261786
-760062992
-708282589
-134038177
-561434315
337485014
549605611
-45477437
529785753
-460531565
-66484742
501535604
-480254050
-697222469
608432927
645926187
-447983014
-257097855
-360770621
605658362
-360375553
346222465
-63335360
267414222
79392930
-799714314
-266569145
-904266067
-419682655
-150711474
314216790
-239790901
976422990
864988603
-807579338
119877668
751260158
924660388
-868737937
-745741955
103917160
-27228751
400527306
-150150905
904110235
388680767
242683531
999418266
-123945457
270387651
227790866
-776124973
670492498
-836721086
233698862
778369623
928618160
-568829468
-460377155
349006388
-832881029
711882324
498166197
394257592
-473177445
410458943
543982699
-389282809
-793981444
-51331740
736352254
504744996
-910241877
-729633818
613839377
989911580
520710531
513285783
853019070
-273774752
852029308
670229010
907818771
569822705
-274943883
51049891
-71501991
-593786220
30353884
-725158350
-464161230
-780768993
-347047565
-618398026
-58827797
-286319148
268880524
-51716369
-894910797
-809993563
93542265
-39464869
465683977
768050916
496051832
-322552468
268042885
-689984078
990669497
945307930
423496945
808188547
239920176
-751992828
324809006
-971247550
-629949659
439944692
-129899779
-487673679
-159698623
-156907828
375335741
-917581503
-451885085
-659011310
-869625477
899256361
869476371
-892363641
-638348982
-864619070
-486073064
-440847991
81576775
-261208091
216382478
-237212254
-919087735
-588042714
-483583395
-617530924
-632856043
-482451106
263321101
-65613093
-927261973
664419722
582170731
-181686444
-632568376
603884459
-677543220
-396035868
-538422071
347126192
404327558
581192295
591798426
474773562
703202179
110052577
-751777289
112345222
-121191778
-283538074
-151410399
-692502522
-647685696
-405704067
378935296
-222113288
-686338093
-14306394
301098466
209638660
532574319
656367016
967772526
-278602544
-302970116
420307433
-975158838
269506853
-123809787
330445879
224226831
176044408
639504878
-529038298
-719749467
-154261838
-600724356
-195930425
-167518822
332368832
736581533
585000125
966329857
-423379861
-430595793
252964026
57441063
-38190584
-980816083
-718016307
-835676127
-363124712
-18736138
98301816
-388422728
-81285030
-845019031
80081931
-262563995
-682105341
982895594
-848674682
995648423
-198655253
889854033
460813886
401846943
265713296
-366007590
753197843
-138625845
558851396
218004631
-398668682
-210222312
903356294
-904177567
867289007
920750904
991212916
324216228
-438287933
161519081
-136875154
675651511
-922126927
-419350734
-669599552
-635647194
251333119
-729107413
-481618094
-459404813
-394199243
460883536
171843045
-612939583
572820476
-360507152
-521599116
-440328760
-326215493
452884150
428813172
-365319945
542548823
-883080062
968721443
-658234528
-256137762
-203321199
993582484
960140352
483024667
257854117
-515527960
-938245082
-368905778
426784660
-697442198
-656016716
732119879
897080509
221647174
592749468
-121850033
-845267717
689052079
767788058
490985093
527137637
-348800218
993055262
-95926947
716296069
-992056009
524845264
-658234528
-875211427
-875528673
-709532958
-683750004
-214994046
-73129234
-347669625
667252792
860880591
832921955
-196199652
-164331746
-897078421
552597418
871480765
838802953
-596087159
913800436
148600707
274012897
-110570128
-908278643
-431103246
-666779894
221114753
-480806233
404966560
-735936556
29609647
-808035933
28351882
-238415386
-700360659
-165494826
-542802724
871480765
951374356
-306027906
452253813
-981666971
-582860340
890488280
-71219130
-544502252
-557587083
-943822534
485007350
-865054997
-8335464
-725264922
248027097
991443372
945115575
-397787513
-969743902
951476951
187746557
323106138
468796083
-384309454
-491791020
-64627682
-36840312
119026804
863756287
777593480
-922126927
488970038
-589219727
762316057
-286961650
249873834
-802701376
676755061
-129798007
42754602
-478316683
-188291884
-713493696
-424302383
-843306960
537067639
327599993
-940629780
358948638
-988994964
-229389879
121019735
801500852
-213618721
-700966715
-103126163
-32863360
-266498506
280497101
140182344
-783624272
223717453
-386737148
-894814850
980670540
-182573765
-466114714
565800229
-626839280
-186611249
108552428
-442410564
-821490912
578194966
-36771745
-885784179
-873976057
209977649
40428607
-270990084
312241970
229834267
872781779
-973326590
719577140
137405447
-494266585
817646681
-115238784
-380608270
601860354
-984166224
97737696
-235807776
417755397
-730019247
82719627
-638232230
780298586
-568193051
-171400200
-916776778
-923844980
-471675583
2548117
-912015037
-831126446
-353654935
855740140
-545593277
-427183169
-205373478
917826196
858381408
-4354257
388604224
426604170
-450352315
654880253
-447188021
40242542
930131053
-324999656
997048212
303289811
-661477920
709959155
-611896625
318231873
-554231179
97365980
505936798
201215478
-598353392
-71556981
681652613
-583647418
264867580
355775091
-357063750
110927016
-732154126
160360371
226475611
347971681
-672414321
403582810
-452237812
715504670
746994800
-621988959
-111826241
-40447106
-686842591
-96424069
44777025
903356294
-276303291
647967020
238671174
-568647915
904897340
875922179
-441009148
123439388
519943732
-151351701
461654812
-500053392
-254791667
920392988
-687952525
-318505521
-92099846
187634516
349255089
818558005
252421068
396958368
-209990997
-710309264
688057933
113561229
234703041
306186343
-507588921
-114655923
290331840
814546672
-339764731
-805485762
597467600
751926143
-967137930
-864926161
-545743928
-652142395
-558560288
-364210229
-610432381
-348372787
-694491365
-933350753
440086413
103408316
-252631531
-799796874
810077561
674503325
240619191
-302456438
677677280
-835989523
-830736781
700674094
818928352
417563089
215872731
79277383
223978409
160799622
117365013
-818441011
2356264
-401454008
-738941588
-113542686
-343258050
411841673
140959019
762378470
-518765870
229678105
436467960
-671916493
-705657714
774720428
-298571353
757751937
-919993530
369866480
621319980
814404535
177746957
145348889
-337620854
-899797410
725849967
826093628
331310400
792618596
-567873599
-642832575
-974612824
-86274143
-592882267
-214215647
211702421
538476515
700556097
-841891323
-720952310
533555240
848341481
841638755
-739518651
-129333546
-700825769
-889982822
668067894
803953027
854456584
836140390
-745437065
-805680442
869481431
528589430
-521325086
397322093
982737226
253906393
554581705
-227812181
-477755042
-303766593
-626092514
-447101559
744143318
899195605
766266126
381229001
-414044822
-390762411
-495183428
-574423628
-357208922
-648555733
656689171
-821402254
553025140
-105335305
975815610
996652039
455921804
-673294597
-324073783
-147452084
67937370
-559152589
237303480
154481262
905025639
-258744920
-341159579
-291919146
-677028677
845757165
-913238535
-97358121
147876467
840908927
889854033
-326106964
205754909
76134171
133577584
-447199172
-502879385
852845344
276356399
748218170
-918601427
-989766425
-68181626
693195736
434897184
108855663
-6027908
788710420
77616619
879847330
-863055769
192895718
184765363
-919895023
379057370
-215161033
204846718
208149191
-7606723
406127603
113829695
-152339247
860786003
866245064
700150550
493402440
907237883
-68872732
810316295
-328585406
-57726647
-389679441
-950858289
-527883852
-469445291
560557589
-758007751
-247990708
-94300945
-252528826
-738941588
54229214
832515505
383820856
403480112
201487289
-737911771
-277922744
-375194508
269249909
-603547462
891245954
138918643
821697373
-627111441
-94591959
312666394
917792289
450204914
-729339990
307470855
-507843646
-432042449
-348462313
241892839
-761556362
489684190
993752977
947605791
-580718424
-916413234
221423152
339288837
-642910560
246160155
-644281210
594827210
-779685397
-15959715
-6576950
12576722
952866164
-376966116
915922562
-575972244
194592192
458041993
-882967009
-281248954
-179622068
-485783617
217647796
-912783943
790711260
195536715
-804885611
764141698
531056413
12022499
-156696332
-315548499
644597546
-857018049
-669681461
500670741
-472555063
-146718632
747688404
-928164236
561211229
-290478269
670722166
294062384
-892187145
-976373629
-338700712
736418914
247411798
899455904
-797951449
-64688160
-397634783
-792465444
-70186715
467790961
-40092057
-821490912
-905399944
-61011041
704374832
-758415438
-459071374
-178272409
991443372
-856090424
-963663281
-344610514
550635882
472874663
-459199648
111257798
-385019314
127799065
-937590686
779626949
-445149272
-736387979
-209549479
939889349
-565322644
-123451825
626950368
246895852
436973915
-516727136
-262563995
-752630137
-458880509
-201247018
-163062397
145749166
765613237
513177514
822345649
-454127938
411733820
616652223
391873186
-849484684
33819769
-46777075
-955634344
-708282589
218446099
-677774314
-854284959
-649676746
-616439529
545113444
-21780889
-29420724
-91176887
-219690903
-391328463
250987991
-625903486
-977493746
721524769
722737670
-506075466
689293232
-148647441
-310419147
903696118
-8351472
-525105719
576678628
787414945
-199353066
-187418040
245867761
82430396
-965236868
-96424069
-757426570
879689983
-907031470
-317348661
-500692673
-314584033
230581297
-152943455
-289491394
877630382
-377621502
-935169792
-166192769
-906858377
64419388
544179656
-150150905
-899656933
789434353
75162124
-583024922
-434762982
-969926856
-227715993
-451406326
704982157
827087164
304778150
145408400
-899345214
394264056
-277403819
727946627
684591445
979865825
-228077386
-111124776
-145757913
-981554273
-42962559
901999448
259297546
-133981846
169537667
-777239578
431361051
-835283499
72273367
-191471031
-902400162
-871240264
-303579688
-607090923
201745958
-888947688
-787213640
717698437
400603859
421843597
387241290
978118457
621598216
85327982
451249625
-637841036
-441924466
657521878
652902454
916223762
504485410
-824533373
-527071026
-884911931
634685044
-915189174
-320177797
923947039
-45495490
-65442486
-586539351
585195770
99061727
-115665784
-864619070
-509652224
-531941102
541283670
-361553465
-125748364
82430396
324413336
203911535
353419078
566341934
889776576
321589752
470977499
414353179
387816536
-75470315
860513001
583862468
-86729032
-541479581
411274149
470073941
856934656
-560419756
-479974385
-911581014
122946455
664458092
-918487386
32186016
596885312
-63857360
165521152
75391797
997205089
-630324180
872781779
-158234556
-439600755
930898147
-308212
277579487
670694979
-528731100
-939435877
-134771307
-610878283
-267685164
-942071598
46561591
-513335189
550692131
631715900
205613501
-552930222
-976656039
-740010475
901234534
-46940058
-394050499
824062006
-476836858
457293549
157572401
495693643
-47786769
-230784300
-785324688
7682555
457355806
755008614
-325348819
686912269
679033712
-55859459
-577143135
-8128330
334039911
-188291884
456884295
679725489
-2531073
-82109669
247575494
925253826
241686248
65619038
17485407
770965752
-611074197
431867589
-403823315
-164691291
-903611617
473903592
-552220310
-695518106
171194768
702373850
526856011
-421400813
-5249504
-939929391
503184668
869420007
140537401
472421286
674303585
572678475
786916309
-551047661
234278703
312666394
-978988599
639354638
589731865
351125330
647313320
45260452
-635476764
191415445
948030873
788148476
-249743798
-802701376
704408783
290331840
790033101
-732541482
-522168728
663467066
110742380
-908712377
533294244
-712255100
286972170
565505514
-609603947
461883761
-540471812
845346644
-498584848
-702405246
554968021
292811703
-291176772
865527908
-943227526
769353353
949342690
-948710237
-957837415
396247040
175154307
-482717863
289343365
231223095
-942764989
526371381
710628852
-756817425
973098870
-542677400
328027234
453389068
-844130725
-816465623
-315399690
-664352086
23808414
-830694214
305246475
176213532
951929661
987302478
-875802430
-829563956
51913392
-948710237
-826095393
-306325947
-741681889
193627461
785358345
511044867
-982048467
222601462
-975973870
-968302816
910535280
-244603139
816449678
270961202
-161750056
582970572
-15362310
-398149994
-6685136
-425118019
428507153
325549218
-149460153
-163939303
-527200450
-165823497
959785024
-178971146
-569783384
760378644
-818966591
191656383
512490325
905288593
-346763085
-134317405
-235022531
-854726093
-805448085
672425337
23975067
595937736
69996456
-867328838
-387622922
207745573
784117683
90747569
-458108486
46700507
-952751916
-171478075
-708862719
-4251875
676860638
25313989
-280462191
57794540
90664217
709515940
-188291884
457257868
-952691550
783704779
-959042300
922449147
-640493885
-496151875
424031532
293862922
-126293304
518865914
-113077193
-908989527
-684805864
-492485662
-994215771
-417652366
-880332477
-841616736
122543574
-368521521
-333479193
-656870361
699935318
110083369
441608819
-88784372
263427999
796269276
-421475716
-328922803
-494459532
-405459722
-551590354
54073292
979463716
198616111
-716185456
348371839
-847832301
274257595
426784660
-364444488
-925183884
-166034530
377001099
3199469
779002081
195473884
834951628
-739075606
287118247
-517982030
864268912
-969813050
-699519626
780169331
945514044
-52996946
973717145
-370802604
219477252
578530129
170733222
522575205
-564058867
-920049009
-357372467
-819205062
-166034530
-407062784
-929577383
-97619331
319456846
-433829529
-179655261
-966957699
-700636612
-54737229
-62055923
-159327151
264451296
-522168728
-57302154
815111969
250237849
800021870
-842976734
-516097404
598698716
-101492850
307697749
-140208255
430813371
-746050520
-713016573
-75157756
595109607
-635436019
127119420
574635396
-354219919
645903578
-177431120
-982730092
540269281
250447707
398285069
-441142282
216418683
834774199
30858276
461768812
-788107932
-360627866
-398576586
-728081965
-481356887
-134156741
-879369342
-647175261
477787514
-281740901
718757937
392377477
501739289
-89946435
939150261
-976913791
-755161593
91516503
-460289576
-37329044
-772541839
-553560651
283000009
347313085
-432042449
-326487985
-643005503
-98720633
875478492
-245333105
-30762413
481245964
812422215
-59370558
-858891841
-378254193
649938913
-601165310
784800688
-711866319
-608311587
67287812
963079497
144779806
-827301385
-435492616
-621988959
879498964
-706971318
180473628
-875211427
288097360
457521375
-353878301
-215909824
680119761
198335720
337924468
-137030078
-971229506
-574824397
-869812751
694106394
-761556362
333359812
-500959184
312241970
-870090830
-691958727
-41212623
40859601
247708199
758893806
-106282053
372049720
535658562
680241627
535397187
359956659
-404468047
-947171202
337061002
-523555609
67144659
851543571
795699595
74955423
401401598
787526134
-195800739
-833169407
800673766
-731518004
323401770
108287823
-258128829
764613091
-289180261
95786124
169891970
441394651
338329
-417504925
388872255
-602858003
-863901349
-683897900
-530211483
208263599
-243079616
272715140
634267011
-885059222
-968711062
-143975238
-500569545
-778788671
-720619769
-905399944
811939056
801936589
485942687
-4354257
-173102783
107731766
642215461
-32863360
261860593
487810221
-389101630
473969063
-428459428
-906149494
-461070934
-293534621
239201729
141536250
-406579367
282043679
297527806
542826049
228468193
-931527163
-460289576
420382203
261034619
502091419
-768625062
-430934660
-212480033
811939056
-906757276
48069965
-479267043
-399974508
-904086751
-739023060
-256906605
-318007708
-366501772
-119224903
-997905583
-419224391
-370963173
-547367309
855424874
583865735
863287720
-912201614
-894880078
671398592
-768606243
688688756
505826767
-985903524
-790527247
702158952
-13325132
909549672
-199774062
-584118337
-584326108
506493734
-220450318
406835512
-190733701
-975622870
-217512545
-488730563
-878818620
415806211
276868439
831037587
679500630
-489348742
434097456
-578665004
-237787565
714576032
127725045
-421578819
-361511864
-129022492
-833012276
231666508
382069520
-545448536
-989086629
738985981
-827693010
-957757369
-616207031
-38511904
512885260
347126192
723709704
463760597
296566005
-97864924
-804371029
534688516
-834895596
594257019
-824470926
415990183
197192899
595037908
-604919765
-123053818
619129147
-964261554
260210636
-251015236
-416010708
780169331
844023244
244612630
-31715523
-357563379
-132668097
421617564
-308212
-967681773
611288314
717341586
-791462987
133074274
-496328744
-976152293
939150261
179691439
77584527
-768096920
931942826
-814501519
-588266680
-346157571
517204818
-691566818
118156194
-80417526
-319243807
52932674
-85997276
124040659
-846292683
-148417326
-750803660
-430530179
-296507790
-662740259
-747978802
463367154
-788107932
-400359845
-946039782
818561978
506841814
-796958260
-240228139
-314983797
-141481614
-117367503
832515505
35586041
-628363241
-770862794
-718927568
5826640
942291201
-404992840
111653380
879344857
15743285
346957848
-319419269
853077956
431931633
65268045
314876598
-342604640
812422215
-470759904
-426521047
-832533975
677956108
-463474464
892647552
-979483626
29673685
257004142
449724090
-832212968
989093821
151427241
-275261282
-534838361
734538879
-904805303
124959556
-42725786
-616257397
198529052
-679439969
-216860394
-831126446
-143675747
956973377
-692765753
284041227
-5003758
-404165644
492916193
993459330
813297725
-653127926
871480765
948443109
-41307095
540670967
567939468
-593052835
726614384
984778944
-156059361
553131305
-949939151
498353089
894709486
-992971062
472788277
812912665
-694491365
-955054936
695345430
-176990720
-597080556
949230732
-324917591
-234508389
347504109
966230340
807330679
-82584580
835482398
279139401
737602095
-212208359
524717474
932542258
426936109
78945168
129208937
-454183082
-312815248
155742143
-93789636
780979276
22150090
638998830
-452237812
419132678
-592626439
359332305
659374070
-475712134
-185286730
-229262960
351666733
-105178983
-323691335
217706732
-898981948
761934199
703695167
-602923401
-969150544
-927126504
-595350024
-33181847
-95312327
-549818453
870349115
308709946
50883823
-43422214
-267071618
-667224844
-471231038
-445361347
973553826
-595635501
-921483100
-408043134
-499199627
-938844547
278937045
60546059
962689601
515200809
973002341
-546338810
-235985107
297170605
-781336494
-461767972
805316065
147074767
357517508
-464800883
581388389
223011395
977101039
-583217107
87748176
101288081
260768994
-186664018
-587571982
88780473
109561064
460962286
-393162975
264997744
453784115
-429496293
711693101
-24910714
3967729
413562618
-984565941
-636706566
-515922993
195554044
-635286469
304546788
-814179841
-845957519
-391104234
-251243022
372731162
30584668
-436301156
-91702883
-871826576
-257279016
612908583
-426398103
296386540
-366931918
-553108862
959355452
-626045113
-895975348
-798122464
471758466
204673996
719333349
785646952
-215784158
-54545017
-802958474
390197348
752468248
732572437
-273072280
786508147
-88124135
415568253
-746256037
-436622748
3179374
605126501
218947072
-243673237
-230784300
334516360
-429218718
991323981
-273127135
612691141
57543225
-664741093
-137626141
-135536055
-837812641
-544930579
-288492479
620312868
-495183428
220280432
-683131958
274081688
114288467
-853812309
103141505
467972208
-854370869
-51677260
13355297
82529171
777312139
-693015204
525858259
-927827718
-847517300
206659101
-842901690
515626524
-246609753
921741914
778369623
-579651935
112976253
-486948872
-625671952
-871001434
716373605
-455947609
263955701
955112424
125439952
895670339
621171070
508954419
323927453
-674529917
752107216
762743160
-766639005
-990003033
914049228
-814460476
702667904
737417728
976849411
-285619336
-827915286
-490449356
-27618690
-86729032
462953944
-839848988
-545012821
165967598
-732362137
683660349
662829064
549531978
-948632028
408931352
-767333492
-892423566
555252482
-752630137
548060799
-328846344
462128339
450005730
226624906
737723386
905042878
987905667
698247487
-561190075
806158707
-899431732
-511381165
216351457
-880254057
374462781
-704213215
116434811
-331362268
-164331746
587561176
-611612618
570330575
-291074571
370301131
-507066970
-976913791
-103614590
-175333969
-260934069
-492768791
-572746039
-15556756
233282508
-949487494
-873565580
176324832
799045447
253193152
751411503
-690956698
-163668896
53588403
714206668
674513636
-746222056
794899457
-959178446
401488278
387642977
211863436
677994234
-349878189
-712672368
-551385341
693757617
1838484
-678670407
-288463332
-838912140
-447101559
817162026
-324632546
884222754
-55859459
77728107
616271132
-151977232
455737350
418304885
-931673168
262031132
638105769
-156662416
566583139
714854091
975519319
-185388937
143275051
-19927552
606384159
-667224844
-358233347
789501186
10127106
66504617
-900089609
208702496
-950668160
-243419475
-375645281
880927870
-337981819
-842142557
-143165792
-126715868
352298278
941840652
-737042693
257434971
721224578
-948710237
276868439
56919855
585570868
811757105
130260537
184237338
969673576
112962788
332316894
-262125425
-928946378
-849571278
-487673679
-958524024
633966362
-271357202
-448692501
-760925080
-600189456
-770552539
-119778323
993205114
-94300945
-464495452
-531021433
-650721598
-877765962
298942457
34632482
-796634993
432251947
624118881
68660926
880575754
-656428960
797466775
323989738
-775893629
-862186036
-702290867
282582585
288616542
88445552
587292868
-65442486
466291330
-766333660
-669575815
-210280858
-430411660
532517794
149864274
589731865
457114975
-357759243
393303814
728924799
-238050046
64652190
731621262
738716507
-204343543
544537664
-912256977
-215784158
588322177
166555088
929021830
-11919661
-398149994
401961014
-900961489
826229210
55844987
942732670
-419023613
-971712920
98590044
148003132
-785258001
-385961224
-825410587
-181187788
561445856
393303814
-461864241
-401201158
-296218185
406597098
868420760
-421930989
-449849453
109806668
36477740
196306328
-142092309
-669642294
-237931326
-742705101
-77667448
748308504
-369321565
132139299
563165820
106017723
944840471
-148797974
-422643634
941552536
-806233396
388872255
950526719
-160004464
897477259
-87284296
-505801689
-740610383
483323677
-666363586
793443380
-34325103
-997979872
-314783750
380827251
-213044082
-668656796
95500753
165419227
-671245539
179025274
-489798472
-534956121
961966843
-978739476
384863171
-573205031
987367878
187603700
-201468490
421520882
-677479011
-207267958
696593154
417101296
950861524
325214063
-623039554
-441200844
-34845398
926169699
332612366
-322250620
-360375553
358009090
10127106
-30367642
-513784411
-36044068
-552348031
-157393801
-346416656
181370828
-88881659
447902796
53244717
-94591959
-308275356
721100344
685481315
481050359
5567171
143540364
128677546
-113745341
-376003200
524845264
-630215636
-356474783
-672079787
-952282231
-738874785
-47123204
358461308
-727196434
-309503689
-334519095
-586924110
772403593
-54711571
244514291
352298278
-629949659
96297291
540670967
-814249204
654355316
-317860285
698817651
-443285670
688263579
-803740139
986351779
135237445
-637630138
-314401947
-107097786
605486798
-570446284
307470855
488318190
-395278062
-608909401
23614903
-749106594
775666172
-269835098
-633297461
-32818282
179212777
-100966734
927542411
606763912
-98136217
-66374657
505147161
-468309675
100130955
339257182
-86498706
763636697
579111909
-349515920
295463557
-454506988
-137850854
671880464
1935561
425819733
684436250
-629865001
15969613
920249056
-125272140
342082333
-720629017
-440539210
797163781
526176059
186178662
-749350556
697374662
-350060736
439013929
-144976790
-597138947
381353448
267414222
226475611
891792778
-684903260
-263471443
-28683861
607488178
-232741065
773039147
703585774
962915539
-503307961
-648938898
913800436
-823695943
-313081166
91475445
213384615
39380326
-160847944
-258744920
-900961489
969673576
-776821789
-283166677
55752602
-457174682
547232890
970508533
87414364
129630826
744386965
766380647
751108101
746067736
424274904
84048303
-366501772
-728687275
801832319
887695938
917100484
-239431652
-975379887
401269831
824494934
17239123
-737385969
-866465514
371238117
-247595715
627951044
-862766773
70645344
-679155485
-977254935
-744734203
-538131097
-745567525
343121241
-505547854
243181698
168132314
-488749081
-986591850
-253154614
-184540729
-396910814
448269369
560832963
607853595
713382450
-658234528
748020345
145140686
84484653
-362996620
-354519951
-299435985
625353060
294012414
-451570554
373465412
-821670369
-884616754
-121676789
539880580
478333415
-875514347
-798810409
881474777
531097276
-938537479
-482996832
562259176
-322981844
-800617570
-596422801
-998819011
-52443815
-510345785
-169210323
-973148656
607400877
261050784
612287155
-254848275
29506428
-470154324
524338918
205474093
375438498
-139450832
575423284
-32715423
-340063442
81518822
569033252
434147801
-850841731
345448434
-887181111
-616338202
-670106468
687495724
586801657
912141031
-104807551
423682515
-599971187
-120375520
-703828519
-176701452
350369231
397740698
242346298
-456512977
683292511
239920176
919033210
246311505
642064302
473720443
795781198
-961144873
934470116
-964261554
778369623
-934110474
502725864
661708563
-786251033
207453228
358009090
-769450130
283630725
-678127583
-436622748
-781655566
-700157004
-778012789
160669597
-208396652
156242496
15840141
407386359
102500700
934297611
-176701452
686110848
662166477
-93387744
780979276
707565250
-798502582
990601941
950993571
878385195
-259076659
-108086951
-817035206
-574618382
-918909435
-180807379
-66015815
-969984376
-74587737
-618605584
946535253
240456612
997205089
488532562
519432285
448292951
855999048
-948933543
-883072938
9224087
741309957
72778552
-691958727
-599198926
18736366
-821702743
-443507496
-579979517
-458343447
-13125784
-710309264
-62221262
-683170430
616511988
-903082911
335000661
-336369087
-894910797
-302270826
782763040
581675063
638756373
498850003
748743574
462312225
-237931326
675240489
-65991855
512817378
-697096510
-391766752
361218447
-969726373
515378142
345448434
533428332
417382516
-852970395
758021163
947753849
-167652486
878115175
-304910108
264384268
-694177200
669956332
287021184
754458294
-128774905
-406579367
525549877
-106039656
-780768993
-574542500
-742862482
-922765285
-31355427
-680061057
-703763750
157195046
205960680
22358733
-789905702
-272185742
712775225
319151242
823849973
-729289129
386562106
834183786
825328265
-792067454
146588204
-162487523
847400452
-663479140
385100782
-332747318
658824380
368237654
987228798
569591487
-477755042
-194155454
715642922
-82654321
-724470418
-660906063
756261549
468123164
-125348959
132894731
-246400414
324743123
936582223
210778068
-428715877
-672536402
538044629
827978234
936217492
996690522
-89277233
-295642594
-197185118
368096496
-459517405
559863438
844659336
-435387562
-175667029
145047567
-787117633
102222911
718928073
313005486
-534893811
567532365
-25042452
199389777
980866145
861265123
853282017
168282465
-106677829
542649767
-899598631
821271290
402116892
920162772
-644635026
430018515
87155884
386937252
728793648
-442799891
-404012995
967247317
696084014
377745903
334039911
466315952
982980634
-481834368
-899528457
-717808253
417755397
737089244
605830959
702967831
-946617838
-747772827
649051061
24232603
-87999419
-570315143
-925336548
645926187
360942560
-652361797
493700382
837576983
454028272
-861026761
555607357
-765011403
72013827
-533743894
-180286819
916704405
873712587
-409285152
-918452545
615988825
819617061
171601894
-601165310
201955673
974769861
911114844
504112258
-106164130
-953310528
947180010
-8621932
-800184366
553146571
534381023
-927669664
-14306394
496662499
-349273492
428507153
-982795351
-23541186
-55859459
594382070
844279103
618181158
200191011
-940749038
699100460
-666267773
-112935582
922469758
-74924502
-172186534
-160004464
-901562279
796112026
-551743978
932152381
-99188000
201516043
-891627516
-939244067
-382579293
-44460790
-908613884
539939571
-319338632
48869849
150509372
492361019
173206918
-953726746
-751958465
979239209
124866610
-878818620
615789054
679107669
510784229
-539313931
134000802
480030384
791005121
626464496
-780768993
-377519440
-762920688
-465080361
54668088
-661975117
318058077
890488280
-218669333
-438968260
965914507
820364187
464466578
-582779425
-469216364
807330679
916612231
-279736084
156242496
88989605
-802284053
-133015051
416788224
-123328829
-919730947
591482469
-196365837
926508236
823667479
549415864
195473884
-54009605
-69934931
243579342
-42502547
463760597
414287791
734494901
-571328641
321533586
-336957468
-352683805
-439482327
748818651
807191395
-230784300
-119625409
-789870680
-366832548
473575719
648487127
-156088281
-140440931
159307437
-499241760
-108906810
-396466238
525947091
-895700709
-586145642
58160928
-90128345
157572401
719478888
-939539537
-712932016
-535817618
-110971333
-974709350
-984032668
-288259433
490374788
40020615
-251982351
121964991
852762444
-414564134
333530876
780539720
765686748
-344457802
126130393
160556652
-275989676
439629462
-254678982
-460377155
-627545375
-676023950
-628664604
726174026
988041091
-316552739
489085360
74749322
-138932136
-779076656
398277530
259297546
-718209883
-681650055
-179075245
-467245948
-321006836
230690101
18622724
878115175
-752720298
-911126012
743730015
-512295728
-467650110
441753859
751173666
595577994
855202397
-132246607
924250176
179349265
380702487
-333479193
-185498532
664069459
-548621352
-57369627
409962650
683008829
639276221
424970800
833402727
575907945
711829594
-608852232
-426691935
935929595
606163532
156831554
-647745185
317906747
-769253139
-353770628
-343191140
-470596789
621721971
250912546
-598890358
178766572
208951665
-645321112
245234327
-110936490
-607848873
-773909542
-292746342
530811600
-821663903
-906683477
924147778
-269318890
-4354257
383570429
45260452
456884295
146588204
311556280
138572926
-956119852
667331280
712693115
189403434
455950418
-129022492
-914568994
547760228
299254580
461768812
-127055426
973138447
-392113743
-795950220
683292511
711755786
105455140
-232001507
-215028566
116911855
35993805
569734853
967168177
548442254
201955673
-37850052
753730588
146613322
158417353
-342989677
-812350808
48191537
-229702055
338086285
543909768
-72534739
-815664669
119318115
336229275
274257595
969136892
-889650838
466943232
671480330
149160977
-463824960
247880354
282442398
601467563
-472694293
-990322283
-932230525
803323149
191415445
-146219626
728237363
491691285
448623591
-224085796
-397424660
-336957468
347277603
-693441962
364869198
-723049425
-775668635
-124507650
-422187441
-11511459
-255199448
-435357271
-541082431
-286342486
-677964989
759540763
-23021135
408498263
582934824
-570520882
-99495988
4252481
-776723754
-68614784
154560024
-610022433
-101846132
-228597438
-34693520
-436020587
-715347424
469841678
-149071215
-785035034
-640722962
-518739381
119700480
-498086696
-204019633
71874153
-140265507
307663769
831335833
-3153337
43367754
862050682
-160919248
-572118926
933124594
-839624633
-123161961
-978829304
-981284935
-971247550
346394184
-275491639
277427675
-160847944
268527602
-128140105
-192225118
645101252
913397429
197051076
921585074
467472389
874244326
460652540
320108274
971737765
843916994
-570785336
-333189596
-350026649
-859190755
-743663896
-166612793
87763681
-258858098
-88807095
15840141
980920974
350075302
-289518930
-690140476
239920176
-709718210
531011748
-681160883
388989493
238976717
248292373
-670375306
-11460256
613644715
-23889490
-849257991
-816040969
671433943
-939607283
84484653
597716822
710526085
-131923474
696783003
918245934
-371363392
934601942
-758131681
739883661
195880226
-246949587
197426289
-100156796
-396298599
31124319
39257145
-29619283
594163160
163804799
-714785015
640562473
-844756609
483201535
852938860
-848315168
281694644
-209870515
119318115
-404628696
107962980
-576576411
-759096202
415684596
-993661243
401269831
-17219569
-351724759
-558689973
474992975
-47805800
-793601803
501774364
-962998680
-970279907
-56638206
830676126
791370117
917145250
-218998780
246557037
-906557062
-975973870
-315959111
-880628594
746067736
236996476
-380067001
363898839
-626441279
317680986
191632879
507121840
-844756609
959722416
974179806
333182720
-887008050
31275158
382069520
982800621
235193051
20794370
-865155321
-416403715
-260084120
-788878569
452884150
-697222469
-937773122
-388422728
-714460966
-972782908
9349337
-963836839
532638936
-540178294
-361010477
380797027
-263373838
856482713
308677871
-459404813
-306681521
760561117
-697356266
734494901
-380083929
287815962
-207453755
12220
857191475
593096746
184328267
58160928
514163394
63357356
79239401
359726042
769940678
-976063870
894668952
693288148
477322665
971361763
428507153
-996221594
784842043
3738843
81825754
-821490912
-504073478
930597111
706568932
-60575468
333182720
870300129
491699112
-101492850
-47718818
-243573542
581675063
411042459
-40749924
-952206997
-778232562
954998065
346068848
-644009680
-994482976
570330575
936934138
-165071191
834199700
811524954
-902769483
428757783
680269048
520521817
79968810
573275328
173001477
22642198
-323253812
-939435877
-306818259
531727977
-591871551
50134048
-678599697
490661706
-954541150
-543095543
-245785823
927229587
337717000
997602971
-841423505
-448349739
-990102816
886072529
-120610940
-775327964
23379214
-826418821
447519498
286117270
-68970434
574027067
666065656
511118982
379018503
830738035
-154836284
932013122
422304267
249873834
742970156
972217297
-423068564
-309420612
178159903
-706175618
934937543
292858979
-282049291
896008327
-398904711
-698123734
-990512177
-345004831
-818600008
-986661965
93095700
177292029
973636289
-34163443
-285492289
383519964
-899570101
-285040838
709770648
689951905
-457174682
-229262960
-130802191
-292643960
285050114
-219010988
67906763
-540178294
-288751389
969018349
-771261778
73051103
-886954652
605202609
-792598078
119764179
-640413878
261860593
12367878
-497595158
513150544
109605655
-544356425
-196704522
995861561
-512269995
373444632
-211349342
-434450656
381704779
592460788
-694397045
802682406
693288148
968830432
803323149
-285619336
-373597495
63962147
-442278993
302781211
-764942408
-976491453
607858492
21354300
513772264
881329499
372192468
-483104377
-754464580
-921364959
321518721
-307046376
361929374
-487509573
440208041
867289007
-351012464
981638787
-305576173
-224298030
178318550
418718907
-768096920
-17934500
-135351727
977790579
-662629241
353089964
552434011
-44802058
-486342023
130138126
97183838
-284974467
11397950
-201150867
305616774
-678747655
-136770900
-962428751
-623208525
-622684453
-23811507
754458294
-210280858
-100537789
-68125006
272879916
-499185222
-756162266
-474063463
-123985378
-138438954
682890931
-905806530
26549197
-552111365
900214416
-847659958
460578063
-661579809
-326020547
268731506
300899462
-641859985
249916598
966184299
339812037
354332537
564934047
-95176731
-673561532
146588204
-309503689
397565137
921771642
664194168
54580524
-67822429
681269684
474637724
717489171
325280470
-695868089
790033101
751998234
118806445
-41197515
915700247
692180925
48168453
889090653
117673537
188102678
828178509
-319091479
933441111
294012414
-913828791
247947641
465272507
-651932146
172800606
-488885629
128387177
-161279305
860175376
-20911722
-270990084
-706671734
-68257527
594163160
978118457
422357587
413429942
504485410
-925902139
731017061
71778214
89406268
147708143
282309199
179659238
251916957
-364632069
612615088
-52112703
-435074651
837563575
639060219
487323059
369866480
865763631
-730975443
317148575
-199983293
-982730092
682349781
-128548986
329257629
-61271315
-920445864
-293534621
-429109070
473720443
-926042139
-113815511
644917734
-701202475
-148377521
-517894469
-112118556
-905072599
-557347756
-172793457
-445757131
634267011
-610756681
-387960063
645879511
401269831
549605611
-602858003
-560641863
807534837
584393765
74184886
92524640
-243220833
-845820624
53876671
456126252
16886724
-863055769
196306328
287322153
-202534757
-15322296
665838920
-61879836
-973858886
-868096113
-315841384
-783395968
-727614684
213681399
731621262
661174945
-465472691
-268716035
-283602337
-781803877
818240119
-206242520
-768589432
-368116775
-986340158
84184788
-889481984
929938028
-678467470
97230340
677362712
79645627
424686664
-971538440
218256906
648635522
983369966
-916073688
356822912
551701068
382069520
202258634
-480286466
450326416
487419060
625231535
-885257430
-150372166
696001364
617546335
-190344484
360602965
-802303949
-327153092
366209015
-252139948
-578904283
16800029
-544073830
860406255
-894880078
-319338632
-320261583
160669597
-338175576
370972529
-721429831
976525294
-67184027
29609647
76190176
845162469
268635859
325549218
915974397
275537321
-183375834
-500468312
-170826572
-718761963
-268455317
156015250
604380785
544268917
-480621936
589659642
-488392070
-701983261
-279219922
-963081705
-647968767
646266000
-599376280
-385790559
-118279215
454847790
-149757642
-407349732
2089848
856680674
-359571571
875220180
39335378
-360127539
917207990
292382842
-892327182
585570868
694241638
939188354
-897426085
-429271872
943001563
-605971883
497776662
356611793
648832176
-811152367
-323919648
301629454
522995525
-838377896
-893316561
-115238784
578452632
594459810
-141967527
-833756823
-537164415
420814764
69698584
410867811
297792109
647094154
992136933
852873172
436771512
346394184
-413398998
920670703
197544337
-594481512
-470596789
394145318
-852192066
-350092304
653546991
415387296
93874730
-975158838
-686090015
618759441
132036105
633121541
-628363241
810003785
-724815591
62259731
-177249108
766242204
735682068
-292105151
412769286
-280283337
73953549
600383047
-725038516
27666470
161373766
480925221
-977586978
82279544
-927632723
-320177797
-302456438
740706500
-957246154
-639304202
-455109288
-282514744
-429592779
-859387136
628429677
419041198
-806902413
920162772
97833204
-702994568
11644290
927368800
459629738
-467017854
697533921
289802078
943592607
766346669
-708804234
322006541
-144539026
-933148604
616865404
527194181
-408898418
-88807095
-749540885
170333274
991480849
990465943
-153280458
-684951134
-464838517
152914476
23614903
-987249340
816329174
-542650420
-43154130
121793528
-235887961
-23658305
680404868
-42076248
714206668
-419458050
-915294726
-740092786
143118761
-146397896
-212910092
-914529582
-519346813
108371912
207976831
-975790054
-639501078
-425402833
285848297
-83798958
-109480454
-628664604
649200259
-141423174
-316100276
49175924
190940837
-916818323
305440301
-168444714
-606294718
-920049009
983564295
859833085
726974789
-282281415
41284459
-157294113
238228586
-91071908
-991298765
215032780
586005384
-195828695
-621433342
340751277
382352639
-314067291
-736217009
-782888256
-965014645
-220420278
-96862123
-535150141
277231936
401401598
-643678461
95957248
287422879
694165470
-642832575
812912665
586801657
-571268953
-362996620
353268737
-533035494
-876060340
191013507
403186998
-418890532
577864011
-138560738
11845053
-420415136
-324800550
927886508
-515037675
447880865
-218282786
443954866
131641495
687495724
-488749081
-673457689
960454048
-213565704
-259388137
-772541839
-389062881
-152395868
763704190
247543111
-152593997
197349076
-961037138
899592956
182784614
-292105151
259805238
-85792703
-311808986
626738988
103917160
672202770
-369701246
364856703
-523871342
-361493299
714206668
408073835
-997640929
945876850
125771943
724412655
-365745270
-820994407
294012414
147708143
-82886487
-270209109
524717474
-589960844
602990257
625597535
-387436965
-496636318
304456769
66267333
983314887
-357208922
-159220957
35310750
66267333
6058513
710628852
-519089404
672466169
513855304
-909177706
-235740215
813853534
382779596
-889360544
595913364
-163244299
-23489579
911306323
830282928
944212186
-20392998
891943734
889949577
345483080
886542734
-16399517
-602569261
-644009680
762323136
593796540
92673649
-211208669
-289425463
-799221851
-657050734
-459517405
-185613036
-43028305
580720402
-87571124
506388053
-180359561
-735571489
564934047
-847643760
-954541150
378549506
-394050499
287118247
-520262033
-765805677
-717893679
-968169702
500020788
731355067
987953563
-573129885
477587371
-512295728
30525081
-343282113
-470154324
817101182
500548562
700519538
-100429692
339288837
442784686
-476361853
91655838
-280663712
487702030
928618160
972402339
-89876802
890788468
992604312
161694414
-978447868
594964079
118156194
-537158398
702600832
-637841036
130388482
836253472
-106039656
976598093
478373816
296768678
146897148
302638250
-455185440
-322517314
831947532
333749557
-297355460
536297892
-901814139
-854672166
320388726
648425990
-67184027
-740681167
-656917724
911569394
-545448536
660418439
-359679411
-31996928
-365646071
-903995146
161842190
136955392
759167315
-868574006
-417182088
921746716
278662521
87155884
642727364
535747115
-618605584
670882965
-837910585
-51716369
721156625
191822126
3395919
-180807379
151594749
979962080
-312154401
-787887854
12576722
-483405881
-794711604
62177737
405485693
303198188
514905679
94486115
-707235580
-401009321
583514401
639639287
170498337
402324527
109158589
541792675
-533106213
-593669986
699810507
-919174737
878115175
-210333221
244770299
-280663712
-573993920
-620522118
-977163403
-416834956
584687888
124959556
-523996780
568763833
539939571
-322809427
-488582528
-778439824
760036601
-448832401
91713329
-264747332
-38229938
896313907
817162026
-653607484
23195225
-546754033
-570900505
-503178325
-94402183
621160297
-824628765
-671148682
106486667
-205086361
-145702243
713382450
-732046426
271302112
151716365
193111607
696930394
996214037
-628014556
856787757
432287998
255719338
-266891618
-138932136
257611016
-629644069
-159562114
-375343273
-457609364
694424193
769918597
-909177706
-110132494
888725345
711693101
385220974
-211208669
179659238
-921568482
714854091
745523806
429416717
596592147
752265528
-15423412
811852538
66450720
-733510149
-447828586
-885891056
319456846
947940773
219477252
51279568
-615318425
183316834
305616774
947940773
502746854
-665021457
-805680442
428285446
208557000
449578697
755717864
-931746871
-285730121
-68257527
275152557
65619038
-682030759
492094763
823667479
28579110
-994482976
881546717
-79641765
-409016204
-471893687
-766059333
-79772887
96645862
851282548
-685538010
-660244789
457933605
-450188767
-276942445
-23932582
-233728278
814494370
675453129
-309271396
225767474
584687888
-241545954
-908989527
625172279
-168444714
-841065386
-578848318
22425814
-730636346
219477252
873175681
108704220
557828343
107216258
-643358251
-704900871
129208937
182444788
-987462626
557707684
-185866685
394020293
393659186
119700480
-848674682
-566998849
-654511354
-350180309
160388452
400527306
-392642989
-222412690
-35331545
-229262960
895203068
-585760760
-585149754
-512759314
-361886464
-53253087
377914142
-607141930
689686793
73953549
300899462
51238194
-614636209
54695194
-885954729
-759240753
595054937
208831138
-784959708
-898935223
830782295
-409869399
90465230
-96732140
516451769
-484840907
599848082
271602553
496863656
146112173
716296069
-197669937
-760650480
183316834
1935561
602495203
-727614684
957399248
-500292492
826799772
-758605629
330776526
-839787931
958379059
-9313661
-24809875
427451176
944510079
169441525
-866679440
103301250
-247347797
-322864146
-920322430
-670720978
-247426412
-322590126
685975979
310656849
104577483
-262018139
663011246
-977793368
374688065
-856714179
937160266
171547906
584442574
896313907
-907437673
-732453428
-187054870
539419360
249873834
-970497364
-903082911
-6208160
-319864190
943758436
-631086276
253774356
467222405
-538706143
218879118
897746375
-759951702
-897939978
-202413765
70345247
-420937856
718315223
326408208
-814501519
-326106964
591899686
928390887
-135401094
-430829008
516300719
-548916815
817600180
-986842294
51648270
-758489485
737077932
895715063
-653961922
-507089930
-503043890
15525731
-755441247
425063685
950985593
-904470706
-62453219
-801729516
258569000
-891990741
-319474030
590851998
-388422728
-393738094
-869921515
533721769
626282472
-532865835
84484653
899500725
87878795
-316100276
-627010243
635153575
-487114699
446176199
-73406290
-36901256
-237444079
829638430
935471146
-595838723
-376501856
847400452
-42962559
-425302740
234548973
-886897054
-988804868
-243079616
449232379
-920707747
-484566046
718067962
10316455
70296314
280815741
-865054997
-358006087
-39859577
713674912
-306681521
819709956
21439666
-866954131
468213292
-612554890
-718067410
890419267
820870897
-876562085
159673825
-695821358
-528537814
-598353392
817906799
-64627682
-505801689
-396995772
-272604151
-782277427
827550797
300899462
553539991
-893223760
342176519
7451071
409244109
-274711188
785732941
-759310074
914775337
805385743
778626596
-234805626
-142422121
589900052
57652748
-302902605
652036599
-599129477
-348372787
899500725
-608909401
927886508
-354395487
33669663
-154616175
-559557380
-398294373
887423037
-846642666
577275828
-128308014
57205321
347126192
266795360
92707332
464308634
584911195
-719938200
308755514
86101516
-427660740
-65810790
-288018048
757037708
991923575
-825053968
181937338
-240506286
958889705
273869862
129485892
-270825109
492301176
87991489
-378927093
-461962278
509212351
517949266
454847790
-293182206
134000802
-197253933
250065133
415124109
-761109103
541473738
-836957236
268429971
-225442282
-375829380
919033210
209262264
835184266
-968031572
219084723
-853248563
635145730
-53125482
-355970564
272190102
-651475431
-915105832
502798822
657521878
372008733
-253252679
120769450
-256537845
-882720976
-696501324
-727336835
662829064
-147452084
-795513573
190556305
44400777
-934314640
-238050046
355388015
-467146499
591482469
329201171
-476549156
-894047376
499852851
325214063
737941706
-765805677
901234534
-694177200
490655510
-340846502
538071629
187634516
456287532
-367055017
-795162722
760250216
-472268426
443012599
-353287241
240007939
-655772188
978839260
499261092
-227128008
305440301
81997138
-988645992
-626636135
284861529
263863592
603330408
-776642291
975278592
-448179494
-580504625
715989988
784117683
-448565714
-625373141
-593306161
383983411
-132135405
-256906605
-990961351
765331181
953776000
-900089609
-522540610
-91858086
682413606
39027181
-683515528
807268962
25447773
-127713509
-912201614
-240599998
415124109
790532689
-405305363
-431500432
887423037
206699780
337663017
776119993
571391441
-957515069
-988527078
280497101
518865914
-972040433
-869625477
653145992
175766005
587374877
212732128
321725568
-473699596
396590842
883837990
878638415
-349621751
500670741
-439092545
703805368
343316571
-702938251
-316552739
-509929184
117567114
-830128658
542127501
-289641873
546375890
754979711
527496440
-265175520
995617601
-541479581
-812952219
-121660576
-992348988
-458963544
-54737229
-54573796
-941349309
-938188415
892746186
199048057
-986151200
-823860177
-737089098
-728017749
-455978767
761934199
-577232654
-175599512
-820356067
-735936556
-809706332
207668618
-526123776
-178877207
-150685537
259805238
-21407708
-820994407
257245153
180868758
-505350092
933300018
-114197790
556052371
915700247
226739030
-455478225
80331597
-20192004
-840582161
575816431
996369064
-725534121
628045654
-686842591
472663604
535284280
114456289
622720898
-768950310
-159082341
798479690
-539258646
945514044
-840582161
-900810001
-71572995
990177260
-342012755
688742790
-844404272
-479554756
977824539
-443507496
284227896
623653383
-671370258
-220060259
810841954
169335
876095459
-42076248
-955921634
-618223287
-921297074
-246886377
103074860
-613598081
-519089404
-515049701
409244109
-146743686
-65077812
998428061
87033297
-807579338
910143634
548060799
-938844547
-482177963
-648045591
-283078930
697607802
-856956594
-224485397
-189394227
328124338
322006541
412435272
-396035868
-995034867
484242593
-274066611
745445111
807201844
328964622
364869198
325003038
-275090276
-927222125
626605874
-563863650
-216860394
318902027
736116056
-509366766
810983388
-178272409
516639020
482140500
197544337
152398544
809985794
10127106
191924465
-108796144
49366052
681465469
761366444
-765892586
-610432381
388623708
859274291
670447706
-917640003
-893316561
687161176
629734191
20616772
-619705375
126842163
405744373
16188764
176363551
263015799
770167394
-738484106
144081932
-850841731
-932555454
917615121
670492498
789865908
-153280458
-174093096
284462052
-986762565
551701068
734838233
763896329
-864613513
-243079616
487508397
-407910206
-17702511
-532777481
314259854
-205874677
-164331746
221363020
-495294588
352456216
-828571056
-867221082
129627280
760952619
34002149
-845957519
-930768515
1197757
-94942183
73113718
-313892342
-397634783
-250026140
484242593
163602930
644511305
310949630
400527306
175632043
57205321
-116645318
-751410192
-910518278
-567502869
955049320
602221039
553749894
-101108325
-892894554
463499446
-732069617
781393361
635145730
936380273
-319587566
502763651
363601022
-962039245
-4512815
213623179
542826049
457587741
267497814
222827761
332520060
-335170622
572628946
-165298401
457671603
182281399
903356294
-255361538
994182852
985445155
671433943
-680061057
663235785
960947191
236441294
736418914
627568042
148463428
-52933311
114661821
-824007918
871690525
-860781231
-286444272
720244723
-427425555
673360950
-803218097
269041055
-616174684
-949973652
-288492479
922332687
-134874444
138488440
82921029
320075382
910879153
-847517300
939150261
-385575749
-642359996
236039726
127271166
780064633
-736227586
-608974548
-830482547
-309832745
-561023330
-179655261
-843471021
800214595
-504338050
520635508
952759874
207956555
-598639137
-459726126
-362678069
164376101
-400076175
-93548490
-753449247
151782367
60881783
88239425
-110784
-994773721
-639028709
971737765
788433653
573707307
-962039245
837737854
-963958230
-814837589
196090378
-175417928
-129747836
521548638
-20655042
-173392849
-830586440
215449734
-589134025
-879720104
618886482
955329115
-113650790
122742004
822975493
653105430
-473072332
148003132
-617204133
-969957959
158374293
-653401059
-245095927
-104659355
837958897
-243501154
-886664531
-263657210
890102433
-990102816
777312139
353268737
81031627
-803404247
568096078
769211343
-941990417
-540870687
-552348031
-401540164
-991680351
827215550
-207009286
-682686510
823248711
-74433941
-537831094
-616810983
322666297
-261090800
510214951
-269230747
-615003025
84338500
-296421951
-178687300
810213047
-579400330
401715337
-217599000
164295853
699607412
-825827257
138918643
86708548
936838641
-45086411
14893904
620058659
-514174819
-977854076
497415071
-80876300
-72825943
-658211109
701499450
-487509573
-591195367
-118885157
813289136
-91071908
287322153
-267422198
-702141326
150294140
139151671
569955844
-566559829
664025703
365801351
-221377284
73051103
270762882
196406714
622579035
257854117
78286668
-666267773
-333694587
-204759990
-335234527
778449960
322317780
-538004892
-808410930
-426630890
-640984020
125087846
836312394
-396511048
397506244
-328922803
-640984020
-611568247
57053862
-955721910
993613588
321709055
-960817002
-888080048
123320493
361799138
-69756133
-228946733
-695317261
558102638
505083403
-370450018
-246983706
252584538
582759914
954569843
-173276418
457871745
533993025
812696664
-769416378
-546923014
-346084876
851978448
210778068
-78908950
891041776
532233635
-163297028
-691958727
90136903
-158974709
-103794226
-494125188
507258209
-214376818
957031565
365442701
-740610383
319982474
-642202498
-997058912
-818233852
840528402
-717310290
183853506
-820994407
607619783
-958592541
-11032234
651421719
406597098
89656233
-24191196
201575820
67329520
473969063
936467093
47043754
-102690430
725109382
424875752
-992971062
-728707061
367901987
711256798
936499351
490434513
-680966637
-830128658
532638936
606777354
204601686
-405739539
177118833
-985583883
-684191765
-546091274
801380543
-254908100
833992342
-155354987
-356853775
450677254
-546091274
4252481
-876995477
193194315
-175786844
160981068
284462052
-268018038
-774812593
231739332
329257629
-849063926
170077353
-745406906
67351947
462384727
712499555
-552858609
265060237
749434827
-432238743
-283673931
142116760
244166571
786537458
-601745237
698933705
554581705
729897658
-255994099
293697833
741841630
489454786
-102044784
514591205
373868581
6772100
-663046235
-797902030
777593480
-806282589
502904830
-129899779
522995525
-652335799
998683402
-707757833
326185121
-788671523
645609608
-971192660
-337736788
-576159615
-663872310
76654839
-360891485
875249179
-876060340
314876598
-678869267
15103597
276198931
927068197
48544497
459286282
-610821829
-417936404
314259854
-255556089
73051103
836094767
864380630
-475965586
-606556571
-280179452
786591707
-981995576
-227260204
492301176
480642793
883720272
51097069
-620831738
119824129
-455407146
315489566
569196718
418494484
395594477
-56886616
-338985635
986502499
-369078868
694810794
-472223798
146664385
-700517472
-75936711
-239727819
319785266
668827480
363317323
239920176
664594669
-573308412
-644805770
-595080864
696783003
738097505
721267458
764255994
-824600964
-33181847
244816184
570546907
-809620434
-379962232
101329481
72167615
870224344
-762321785
-279691372
-540146705
928390887
614417783
293336793
196406714
132448812
-659162701
81347641
595778878
-960835180
12367878
649598896
169616823
-403059901
-693906653
526412597
-306740547
-407622345
654355316
768183331
-491831598
-384309454
263015799
-51331740
-803273951
-942143524
-390981712
-884824229
-118827606
-265061853
-943985892
-733510149
519518993
726008000
73767143
-37280255
-793653919
-785603746
-237212254
743221961
658205394
-845335989
-814847227
639586673
823667479
-516501425
-104766828
246059239
-989086629
800429677
-736387979
592016161
978898254
-355587499
941791223
-124415263
374335450
-173169338
602538259
-733443188
772926071
-383764154
976992311
875521613
-994576683
510163775
-749723813
-586823619
-112836396
-930094912
-461268425
-561881921
223011395
711882324
-177683941
265168352
462107967
-571914360
242741730
-942355944
986502499
-994133168
4070585
709270098
397270812
592838749
133782699
163836881
474637724
412435272
-268078538
29152920
-118007560
109878016
311482746
307260358
-420937856
-581032786
196880290
744886307
183697519
-642202498
-105448808
445458407
-756414782
526856011
-537061353
-837100152
909615150
-774963849
-895760726
-277612504
256566903
31640178
385702278
154007116
227294923
57488625
-644337049
767621518
546002781
-73638117
598025021
729376926
401401598
542317014
-936694154
-844130725
142827886
648635522
-334519095
298210733
-263081336
-371722397
-467959410
924763442
-645300128
-834219584
243007335
-972975111
450482974
47888864
-40900512
569775983
674523182
-440244648
-672883020
705951532
966933089
838591952
-227128008
-187694149
440208041
-70662889
892647552
143427590
214833848
348577291
27023863
-269062653
569401435
-635263101
-800865143
809308986
9349337
-801752612
-306325947
811259439
430813371
712123326
885161943
145921204
-210871088
-283367619
-115401752
120769450
389405353
-264025096
919268278
376012013
-290611206
693865211
837563575
-107377076
940901567
961338219
-842518307
-132722961
-405876674
-960164638
714386562
-66126773
-66171605
446374937
893994218
608545863
20132894
863938080
299055033
-410583214
727053348
-77029713
-870810698
512561959
618397625
99830334
831829161
-53710696
603430645
127799065
-924653257
-110898577
753197843
-914070562
-248471446
779487271
984960365
-779076656
726698391
405159348
-226975768
-200098398
-831468705
-32944939
-571595252
269661965
-865155321
-416010708
852121464
474020899
-24653051
898911221
-22936719
860241016
-933953485
184788504
30141721
363820883
-851445244
999255963
-318470498
240869203
-287702382
674841514
-467959410
655460837
-776124973
639182150
-489093735
-162168015
-666994969
-75095575
-783562921
-125748364
913466920
-683299264
-694999732
966872704
854813826
517640674
-85792703
-24728174
-123625159
-773693217
360942560
-846642666
-37329044
-857660156
-46174936
-794343490
-682347227
401650245
873175681
859548212
-154616175
126842163
946767195
542317014
109679874
767788058
346957848
553933900
22201275
-127090331
-441792117
-6685136
-860033446
152506665
645503612
660149136
301970990
-137216950
756563851
-185711245
538949882
-54179568
838733906
518720934
855825056
-965236868
930979431
-764798202
581083857
646743050
383036608
-983277253
-815078614
-342566101
38468689
-417936404
917708179
-360957614
-526494651
-240506286
-901140950
944772150
909615150
-241051325
668700749
243339651
-434265248
70915442
-527174033
734941542
779842357
413028272
-445663179
531849455
-868096113
33846401
-839486734
-795991420
-711269265
327029033
359809673
305440301
-680925790
803197340
553216900
526856011
-464161230
-376629576
826284369
-876192391
75895709
-657126334
900311730
840599728
596283362
368257369
179150540
239761263
847140013
-373803292
607945826
873175681
404249135
975278592
128211092
132717803
-789707412
-530423467
952150945
-359946676
25104561
-715551368
-731518004
-551177593
-722387993
-667567272
-153927691
779312282
117341999
627196178
121019735
828777110
-498264262
968151104
-209429123
327088999
-743539595
-426806650
609192102
-948710237
-270825109
-573755299
621721971
-150556305
814365128
-907189029
161109312
-311220706
491691285
223221934
-569261770
-123686794
-369896914
-760925080
-26143723
700655124
-112321526
-644805770
-454385372
-644635026
-903116481
-17219569
751807403
-97088438
561962422
118156194
757949362
-694340784
574395732
534193358
-77622878
377395389
-994224575
-565322644
-722164184
-199140163
853378884
-532283894
149564422
-201578094
750850774
-77472212
120910784
-678747655
468889972
-645263959
775260192
-284011943
372735995
-685538010
-497971063
497984706
46008967
-424312917
375953293
945032527
136737755
541011703
-1821675
859548212
-129333546
518865914
19954139
-920742659
132951291
654769693
-305044123
38887204
892185166
-505547854
872335810
528331933
-110281427
985365509
579212363
-477837438
489633413
-959178446
173253016
-898135690
-371692119
754745352
-864314309
323560843
-546160202
-114594441
-761697662
-93290412
543749331
-497074750
72498952
847918496
-959223200
541011703
340175730
211591940
279578009
-212480033
233416313
-218282786
866245064
-198360533
-127914251
324216228
464985822
-791017707
-297376154
728538146
-286342486
739706700
-829634610
-755809371
390786200
973744562
-975890210
755642166
878975907
734327852
-17078308
-670106468
189785491
776772763
-726679520
-275618662
-435035323
-458279762
-832533975
414449290
-493974272
955442040
-825142480
148683852
403567256
749641793
-169780846
55783543
-79381094
-726773923
486835116
50178927
-683791548
-814044268
619836871
-871832663
588398871
585102996
488318190
174796855
142437557
147813607
472421286
-673037587
-738941588
-80876300
-935445796
165282174
-749031392
418933847
-733102343
-2668701
-258559260
734567479
-529243000
-930562951
-436895983
-389151930
-516403239
-492044863
-120436797
92685319
-741420942
-619834396
112085570
-825874843
437165672
999633944
741174450
28868723
-478915151
194306468
390786200
469841678
-592915833
-125531962
395372744
-895975348
-425576254
-998476654
108704220
965854484
-572029499
263155060
-937590686
-174861343
-990552732
-53814317
-661090484
104381948
-707496679
841284374
714176240
796160833
860406255
399908775
-502879385
-814501519
-170093448
21354300
765960922
788086667
-723270260
830282928
-818600008
795140254
-360812612
665586726
-178971146
-795828251
669856770
-741681889
-951102709
113592327
957289590
818928352
702254842
475403161
415483889
701599023
2740678
915922562
862792142
592191250
-181187788
-105178983
-192575046
-94853123
-748342111
-815664669
441143555
694586951
76121144
435896433
-582098852
-479267043
-474889623
20282200
567478425
494260601
-156148160
-634147135
606217638
292858979
-233866618
648115
-261208091
-93202727
-778892371
-734578248
-235740215
-105222293
453784115
280581082
-888021237
-976913791
-740935623
-81700494
579513622
88938849
-528165786
460203910
-41099082
-621373929
353898661
-693257448
875370825
226624906
-284723388
-250944759
-159962441
-482846883
553572863
-380937383
-221024941
182874017
491943500
646313005
329827228
-121676789
-773206120
731247396
-886897054
671558110
923912772
236155758
422873105
894792818
-852757764
75615489
449840019
980999089
91331764
-913684434
458793241
528107065
-858499960
-919309115
536925676
-540870687
120699211
997764671
780843305
320075382
972417888
98865960
436004859
138918643
-843570717
-562891164
-150103777
199881970
-809993563
191166522
100875675
-816465623
-62306303
-507588921
752107216
-592352199
-479267043
-429271872
-599074379
-277163292
527120739
-334460248
-459517405
-61879836
721645920
172157708
387609713
181738850
427312044
-689626508
562975527
-458880509
-757357245
-886638240
-383720160
-667684322
-51494883
675575957
-316033107
294935423
456549139
324103498
-983277253
-81849141
30699052
872335810
-492538245
-534197891
-743848688
-18457213
-903520345
-643532900
-157103011
12863319
-689048958
-77622878
531962721
681465469
-191797134
-895910580
-786251033
-158299262
995861561
828714848
-42698085
772473491
-237531524
329063692
497984706
-646705478
-598688138
-108210301
-849257991
-383764154
-26882175
-650346711
-697222469
685526541
-149502684
450796214
141748483
429076803
-112045615
857304560
-805788496
-927450112
570931685
26198301
361376511
877049690
-492868813
-210538053
-391448809
-575879370
876231848
-896607380
635272455
-182403456
832021428
984456546
431834062
650984795
105395291
-684191765
-641442312
661708563
555896972
806486160
21447522
-410831132
264694386
-235434501
752890755
-464325389
476207923
732721121
773677918
-102083390
476070023
-739787054
274173750
227124136
-792130169
-903678445
951476951
908042818
833692388
-703763750
572068205
15310534
550635882
-286420050
-482717863
-956905244
-915853952
878541360
905571937
-468477033
-345549210
750587975
806868856
-106539923
-460377155
535284280
-256906605
407178042
-327771177
-734843286
753992598
478580651
-974900065
-140485638
-549255021
488265581
-892894554
523415662
836874945
-584515113
-320406777
-426622400
-333837187
83740537
-179655261
-182158733
894668952
-874284963
597467600
117618557
-778342271
471037124
824167738
-57196468
-218757927
-34955729
41968913
-126317590
210134199
-580612238
1370672
390329886
-574037853
-489093735
853897004
442784686
800870052
807487630
286817575
-728293642
929464384
917249788
-148113571
28351882
-753449247
221154155
-868574006
-856214199
-239431652
-657286959
660617181
-419682655
-707543910
195577554
-78298319
546259911
-514232433
918470898
385500131
896032573
22298744
-686535205
51325925
26933100
-814128310
359809673
-268241946
151744748
-828957187
-799751888
494953218
-76635366
819269137
413981422
-165117513
-212208359
237989430
89656233
-726273793
-715157110
930631873
-934674262
-301129070
747765621
-469993524
-730019247
501855089
592016161
-901030886
287021184
-621874916
-783427275
96436746
-145606255
-834334236
-528793987
-397543699
636954564
-332747318
-219068359
735581778
-692765753
-906683477
-661742966
266873266
-16825057
-924505680
-598557673
176777414
-992329795
718426857
-723270260
473903592
884635083
-291919146
24205708
-363124712
-322130255
-345938063
71874153
-148049918
-65810790
-529243000
806372245
-198895748
-40979960
34367338
566241778
-107419084
-134317405
266966385
-592197231
-873333941
960715608
958889705
148594472
782726515
-445793690
812186923
-238363870
745816656
-413490682
398860475
-711269265
-138309521
986755669
207745573
685226315
-136043590
-474510540
590549091
-932267032
-715842395
-249928466
657812211
45388483
100699955
365801351
44400777
-484275405
-172554369
448759133
-816843427
-954699530
536579718
932975871
87262542
197051076
818844156
380702487
-791738910
-197815054
-858680324
-640984020
-822931284
-22723658
-586145642
-176360455
-668518769
702490637
409636791
-134536658
-510422275
853465290
801832319
408799565
600777161
-508034207
855538038
-848747861
-855890354
690506868
415583170
299587082
282690872
255719338
17461015
-650197802
-27359195
669956332
221502404
304499953
84632317
-139278736
-223809345
912606676
-909466152
-951651305
732263399
-270180551
-828783188
-310200766
-337981819
429259916
-222420623
683292511
108805596
425744612
451402789
-665567631
-92099846
-816671677
-922126927
-737217905
727946627
-809756000
531692268
999860899
656689171
221531981
-830645988
949830461
129323478
-595080864
101248097
375771375
267965172
485555520
193072146
686012819
858747236
-182884059
519696919
-222513831
-722393506
-527668411
-868096113
-77510124
246557037
-348900713
741949305
214533857
-524219656
-198895748
842685100
-178029067
-295873611
146245635
-120610940
372955083
-240653222
-551385341
243007335
-181686444
-772895565
949673672
37378737
416642493
160799622
-754348749
-898017221
174337441
-792041990
-669430876
396480149
849731964
-458178259
-359776743
-592626439
822193166
-261430599
562426278
-823226302
-46777075
953419779
-22491208
994322518
689052079
-416285608
-896977827
429900152
80690481
919881074
-443717024
768183331
937249468
-27343396
558813580
626073643
283065284
272352554
243647517
700860529
-923118440
569734853
-251491217
-496151875
-595629222
-320723547
-233590454
-707757833
658341282
-680925790
-966192895
-859190755
35586041
-340468772
-387111514
-26212619
-9645190
-519428864
-505439595
139995382
-570175715
-899431732
-704012491
420879792
-149737089
856787757
351791037
-474063463
-72825943
-943059334
381645728
-820822662
708052136
-908662750
-542650420
203562242
-125089393
534486033
-225949657
887627948
124040659
-210932338
-505439595
-205159322
786763215
174396155
-799221851
-490114476
701335995
511118982
63397662
-673801974
758474359
-195505942
-505084467
733430607
108704220
-391619005
-637630138
450482974
719864500
521133499
-775732112
-321735677
-982220380
80551772
-661477920
7005783
-350361955
-785119870
-367817130
837737854
629966846
-325368357
115664542
-696792816
924903172
225340953
-983948403
759603654
736418914
640279132
-620012980
-797467173
-150866758
953414333
571170658
819719652
717568153
-83282628
443941279
295665887
710192817
-63610992
909942407
796552262
774491754
886072529
-983468866
-99641644
417640750
-908418253
-972345046
-502395272
-616810983
-19184931
-470795195
747086720
-29207394
-855694167
640192276
585383501
714359100
-68989784
748799035
805514687
-191753770
196975178
162389344
-71275907
-27105196
-425155058
-331793685
275410929
360440645
-935169792
339915771
518115563
609252452
-217416241
721050762
966872704
111404751
418658366
168208667
764141698
728297914
-535668928
30525081
-362593592
-847287747
458306853
124517951
-196436481
251771469
233076435
-396873648
-486948872
-741841468
-381660189
-246718400
682490017
929919168
-659972469
-720222820
370352400
357854209
38702223
940901567
341070318
818213646
173098358
-684565785
-203170662
146432261
977937593
-282912722
-48196864
-876009677
-549616670
-851541936
-515959843
891649325
-802701376
-905865790
545638033
-88881659
945307930
-896092429
-512140773
876752220
823077495
496574302
-400076175
590723433
-580016562
305440301
900683681
71556005
258050923
-88583460
-812350808
-15959715
900140855
-277655567
-884050216
-450672597
568860526
712888958
-41230234
-862703057
996869114
-24287947
-137961213
610795585
966092861
-116362767
-80876300
755651555
30777146
948749654
-336603155
-480328402
593691039
-614382890
663813154
805188979
649511844
363036478
761273019
119651107
798629683
-244079484
-109032748
-925477454
-369801839
-120091826
-914925923
-459199648
-429190115
87991489
-65952669
-825512989
-190461815
65823223
-81413791
-389598932
-720012526
-132668097
-511960110
-729462666
325046084
-417344446
-645837155
25643313
-684636196
534914602
-550682413
586126062
-460531565
724787581
-445456865
386863618
-983866442
477787514
273741958
-145294423
-845267717
828674341
-825391641
238489269
-184540729
589788393
-786358018
-543184773
-562296769
-146954775
-582171460
-949090174
-850901841
-913985229
821271290
687371422
614125888
729728312
189030828
240554764
501531204
212274375
-267536156
-689824085
-173276418
448269369
-796138627
424862476
-973785041
-615580993
-376676491
565578822
182713906
253279939
-718363448
562853383
-677099055
-657868109
-220717222
-150866758
378383393
-802701376
959355452
-206070248
591174767
-788107932
318475032
174957397
83734060
590443007
-505350092
118439976
-61367709
10623136
-535668928
79767587
-928141459
-841980888
530974772
670581423
-127678677
953818339
-706031354
977854812
603430645
-893652343
-244603139
378383393
-149263098
525858259
524957286
-43563257
-211349342
-693186465
-649953458
-587815353
684817948
-812659595
-662980898
219477252
-118007560
-788853633
45388483
-850735490
95500753
-436020587
-596422801
105534906
-956555979
-986025882
-68872732
-283673931
-574618382
-712672368
-441551852
635719552
-611376486
-514037530
-828682314
104515792
440918344
-265313948
920932027
-956405213
-564341161
997048212
156242496
-542650420
499184640
-240110453
643288389
903035345
858963803
340751277
832233468
631102563
-257977092
47536136
353898661
491498003
976356426
334145370
597883010
-206388340
424970800
-364966722
949673672
-723189542
-231172870
-468477033
-779685397
684956166
-138820486
39077066
-601620240
475412721
23195225
-175173552
416733577
-996329064
-817883716
997426161
-505278449
-712071458
-33588938
557697241
860406255
595577994
192870695
89375610
-308113168
-301896116
-756269731
-915682195
805777941
856728941
457042788
-979198314
284270818
-124301102
-51331740
-856956594
892366533
435757817
-703532079
839619071
472788277
-306818259
-228117110
-312154401
923561139
724712036
137675085
-344682350
145749166
-93660988
-716236622
-884670116
-543348998
-486002340
114931402
426960736
-106961051
265009320
-117310970
-574423628
401401598
-746641976
117968428
837486060
447880865
979721205
917453129
912469009
-504777884
787746536
661826403
184965002
-656870361
-424771780
990911185
-363784382
474811844
-591044923
866001247
734649256
945514044
-154448878
-518845922
-3948532
-439381860
599227900
-897134346
729897658
837253561
-700707441
754423842
-947171202
351818932
-630324180
357238157
-118457264
760930381
97026874
315774264
-922370739
-310200766
81215173
-663175385
-541030170
419911241
441394651
702765043
-251015236
-666267773
-642124776
525549877
-229262960
-83198556
392828655
-976913791
-224781179
605737651
-767766371
-923692726
716148782
-382138339
-648441268
-580903744
221932147
853356701
-711551443
664069459
-864427117
469841678
-581506386
759492491
-747342430
133577584
-715551368
-956555979
70268240
-267357538
-161200429
202876109
379185692
-775782234
881329499
700775745
-34955729
212655583
36321705
-384533462
657858386
728724480
-143125002
-102083390
516937067
322536606
232652583
126842163
-400531933
694810794
-767766371
-970497364
-594238434
-413398998
-513538239
-24374743
-411376190
-895975348
223290930
-871758923
-178390957
213530275
-916952
-751622851
502380523
128908903
-73931276
657344063
-991298765
761934199
852174864
-267482141
-37725789
-281120115
-638712964
-376090921
-313821137
-852373852
-337096803
572529618
-145687261
532882150
-955634344
-541701022
-755441247
973843033
746708487
34342582
-911400381
-8559731
-301583335
-107476345
-42725786
212136885
-463824960
864251062
363566948
-605507599
462312225
861657040
-149502684
-735865570
-641943866
-410019323
-524397688
-150103777
-45686152
841245134
-284857698
34002149
696001364
-243600805
398277530
955329115
453178466
19445729
909986807
336923389
-773649747
-839624633
175934104
35586041
266637849
90747569
-783034093
766346669
-817259718
534089234
-246760450
-775486186
417101296
-238976831
-343984468
294659076
-45495490
992570251
-704405624
335168590
-407435168
134625295
-584706805
-107808835
-406545517
-948416412
752107216
138170078
763548461
186856300
480925221
689293232
748243289
750512304
967020840
370118979
-148725703
380702487
-515475087
82154897
278567579
-556081522
-187150752
584911195
-284962120
969271896
-103354881
-833810747
714138748
518497086
811492965
-46344389
536091731
-573455655
693298960
-690520909
-57901171
-580252140
144637380
184370405
-902138987
-749469686
106899823
588445687
-120610940
717543517
-440051385
317399746
-500053392
-299167257
463805268
-930394723
232580088
629549517
785649
255436969
55025086
163602930
-388819985
798017850
30525081
-299002332
-14929774
-979788489
-814544686
-726488927
82735530
-289912845
-543296656
-831699901
-261347373
641915400
-573066481
-44572741
591597449
461139137
-286444272
112574911
328027234
603439153
51422756
542936291
-235434501
-967039515
-46344389
175064969
644255501
256175994
-813470578
450677254
-940225839
856244110
598328858
-272886273
588745556
35310750
988902042
355451849
-453361946
-838307752
-315548499
215762418
-222499562
316578451
-523512787
319456846
-253947207
357762062
-309996740
140512153
-337226330
-646827347
5176320
709270098
-990102816
734838233
-475212852
-554026869
-563295728
-113688159
-253020501
-836106818
-423227160
97412379
492712652
827287114
-419134813
738894772
248184813
679248835
-442008328
-925530556
-816843427
877480591
-982144133
-100537789
243007335
496574302
121511807
-450814070
730802491
53437007
363898839
581062495
40861691
432797990
-983970190
-607808910
618181158
-66615445
673103243
-357063750
-580612238
576473175
-237869873
-789077533
-108364576
-338652903
-684391604
476800719
-91421010
446050298
-530423467
4287898
990294499
-389816669
-519882448
-130217842
-392093102
790318550
841004468
-723588629
-906257778
15054672
693195736
-500959184
-384138636
366120845
853446377
-917722222
374124515
-537737476
-912474992
-443422676
381645728
-845711027
922332687
363744384
242663231
-177495868
577459199
-140726746
571702682
936540560
762596738
-760490379
791279452
-411715674
357917319
640562473
669040926
-397206215
-936019247
148058774
989501637
-646926150
491992781
832846535
123320493
387816536
886852764
-385559097
-706971318
648697369
125173934
961025950
581192295
-187150752
-793579046
-214864079
-813813317
265621254
-848855679
176044408
211286168
-275781628
591899686
955924548
-411642
198529052
681333736
895086640
-309400978
72633664
-318254466
-583852256
-969015510
-227015509
691213735
-213809941
-277163292
145140686
792860949
-538995947
-27174538
484113661
-61463270
-304009409
-858335354
411143071
474773562
748243289
498115922
139344817
-921703350
-95428103
211074723
-732453428
511418546
-356402507
-916293600
-274544210
648884091
-869101704
885258241
-444695562
-634834898
315168234
-811720213
-91421010
-29659847
-884849594
825570980
868997193
-436020587
-436020587
465535296
-736621614
-646243864
-705657714
-652361797
-134431833
108704220
-15833342
-765262915
486835116
-985734618
-578848318
887739565
187510514
998548738
116046164
7918534
177431130
-59613310
166304595
-96318831
357517508
166188079
116434811
872397324
-776391342
150852484
220379417
225534733
-839324547
-804872957
-827028938
368474421
-480651358
712373422
-617895534
369417528
-165367980
159807428
922332687
-816465623
349579335
-612482538
-825307908
355971449
849835795
-218576880
467332375
-474889623
-851935919
862343206
624303058
962375545
-585362313
781907836
-410959176
-994016221
-902769483
-232001507
102020130
260293856
249020119
-672536402
530122052
292098865
805966916
-758007751
-347669625
772926071
672276499
-466579528
-489798472
-391483446
141675636
206392811
791394752
-394756882
-880091461
708598139
284041227
-488885629
-290377280
-605331124
62537282
57794540
-41418187
42810280
162238378
-989086629
117073831
870504645
-913614053
-562162023
418494484
331160690
-864183944
-700360659
185623764
-384891502
-961323262
-520357483
620154323
30525081
-827842528
-24948141
-460185743
-132608014
-922691109
-260971716
-569767093
66760862
-242403435
-201468490
-888853560
-58373492
757916165
735682068
169537667
595239289
484859811
492236327
-652165178
532638936
-641886888
223221934
-467575795
-223540679
16188764
-867985712
502006001
565863836
-565246306
-547818917
677994234
274886920
525858259
-693257448
-224198554
-349273492
-634235528
-512182809
148857582
148463428
-617962623
737454925
733151022
-710793593
618248516
719415008
378383393
608090430
827978234
134195529
931586844
-623474308
553981054
-737494867
-253074593
-774684433
683975607
595937736
-606183008
883818447
961553522
87589298
-421780011
-979165960
559240756
499481702
364548472
421096387
-189164867
695620547
684089638
-903995146
594827210
-779878874
-277163292
511652295
871480765
455766267
-610235367
420742880
-588401825
-562891164
105455140
613148914
56531178
886659585
362839397
-184365004
194167333
-749276830
896313907
392480305
-58149368
993752977
92154175
-758586068
-637464014
-36122806
-876754965
614018845
-60021280
-758605629
522995525
230421353
-885595040
-768810387
994455331
-207661072
-649606928
766076501
-280700882
-580280829
-273020394
-11234039
484907039
808332889
-627347308
109679874
-154448878
297597641
-273224004
535397187
-264926190
535874031
-143415979
-615003025
-693080202
829558088
243181698
-958383419
822675561
424202179
933437049
-364498556
840251346
461289541
736015345
-911319368
-372991519
-569322827
-867606323
-590067685
224281872
-48451257
116463289
610174305
271814292
-95595629
-980512002
-920661876
-906557062
-916927465
-706269956
-17093805
158417353
-546252741
742707277
624854559
546471916
71231504
-750986416
-662323620
-924695745
-553871546
391873186
210778068
-323253812
811389767
328124338
-546091274
-528410501
-119778323
968213865
-789077533
160195763
-703166436
-270626975
113990263
401825764
940060178
344760709
591058816
-382227281
-741407808
83405723
-35885638
-400781399
328242869
486317968
-836609778
-561797229
440825964
-626441279
-304196002
201837857
990804038
448805149
557774408
389933524
899163680
-561362378
-777922134
-589584466
435401197
997805677
34632482
-112609309
-335703361
-106039656
507173054
64258092
684898259
-592915833
-987541665
377329259
-132057891
108371912
-975158838
533749258
419911241
761674093
915382024
-891293599
608432927
240869203
-984412119
-729376966
-897531643
429777683
-666493897
338732591
931942826
500548562
-120877379
745261513
372049720
-963663281
90664217
714935174
561211229
-289788984
831112732
-762580232
-810215525
-26976180
-322056919
568246775
157644911
-245333105
-149502684
949001653
-857576373
-51331740
827410846
62670579
-753224898
473101260
-304747198
-91792489
-881832339
-963299575
221177602
-835582979
249768297
341167603
141536250
-850735490
921585074
-671039767
881485227
-250211395
-313223426
-605700487
702158952
805777941
97698955
578990087
704193917
766906763
-779366052
565026481
-652613036
-277655567
44880743
-489093735
706070507
-335662555
-11833620
-812086313
-623039554
-416255121
-744908186
359140643
23195225
217335511
-609088481
-615623211
-510813378
-833465092
640562473
262894275
-334519095
-839253687
-22868454
931094494
545312699
760073878
896552225
610136927
-395332529
-796432506
942061326
-811901588
227910778
-513080798
588445687
-736227586
825090309
836358717
-694491365
-805510078
274886920
-764676926
674553021
312241970
-969491828
996316831
856680674
963560153
903356294
976234789
294318017
489179390
-239845899
163727119
-909559380
33846401
-433261586
-612008570
392554126
-822531140
351791037
112345222
373048997
640150091
131659308
906283172
-946165086
854917913
-930002971
-323769795
-575879370
327436814
723457513
519518993
964431525
-833465092
488653915
31994300
-136587812
895203068
191632879
-153618288
800550283
-389816669
-461268425
664594669
-168621799
-425986906
-742588650
380085750
59380884
-903412432
798599450
81093386
743533638
-857576373
169957598
164211327
-309996740
-348372787
-671314519
947180010
-127090331
-139656231
-977810615
670132319
541409825
-329856646
-574414453
-243948362
799869981
-664352086
143859662
6315284
50726557
587847973
414936827
550983005
482861759
897984235
-532827267
-670720978
720005241
166232369
-825667416
-868862515
786537458
8360404
-947171202
258675066
-817090382
-209324921
-363347108
-688236471
-786490094
-590057532
508646704
173998222
319677980
382069520
534193358
-415281257
995166581
682490017
-785603746
73279109
-132246607
865964058
846265410
-418939766
72299818
606950711
590957166
-249681364
85832690
-283078930
-755544556
-344165084
941447804
480819391
402643308
529257400
-818846194
-345811025
-421277174
-771867678
435011892
324537321
280581082
-812228581
520027331
-928864556
-386047785
41476465
-860100553
-768053694
-726873074
917708179
823809829
605486798
-682030759
-398967792
-154836284
-148860006
917453129
-838912140
-664741093
-607784752
-345938063
932571828
-96216309
-855409147
-780510473
-225068584
-985545707
-963958230
448938417
841576036
-861793047
877765256
579649414
652326773
925253826
-911744639
76340400
-672665788
6058513
-457984744
-81581215
510214951
-620745178
-879519406
353353160
-374773879
725849967
755180717
-993866955
176496271
-365143034
801832319
164376101
137640020
-145847740
-736621614
-220211160
-451180400
-683345926
153118459
407296531
-830188377
109158589
-779076656
974662541
-337535537
-833169407
-294917278
752468248
964697910
618027265
694319557
365442701
-413052450
741585094
-760925080
-845957519
516415973
-851445244
382153483
760217784
-194911150
-800485637
-375080681
411274149
69343012
855825056
678789072
754487610
-305866731
725849967
-274417501
-869560907
-951286651
753511985
-745309449
-143165792
217078356
-370726303
-273550135
-94942183
-211128715
-736428287
608090430
-706105215
431452184
-682521458
937681252
755876448
-685079137
837862153
-208001802
-737217905
315251410
-717893679
-912534048
-525251163
822739372
-752158685
196406714
277345206
-520357483
654984592
-363332323
-552566509
936942782
-830383877
-800312490
381254738
59803874
695034599
-10550479
-242827326
-990745831
-270154817
628216214
-72825943
-169143003
-270043012
-826057558
914464650
179400258
842437699
-244977811
552736894
150779669
-912015037
630989997
-825614507
986485873
862754860
960246082
432190476
-356088673
-581743795
552390177
393659186
378115162
-884050216
-422084718
-592402970
-48451257
378694042
234669512
115865200
-876435979
-385216602
-628163043
316399508
-511015034
-188394775
-921838276
241239393
-587917834
-303488220
647155562
517100137
-481618094
-506354511
-830586440
-533687400
492236327
329684838
-578499410
-290426502
976422990
336489362
-532232652
-808822964
716585487
430228334
-902266620
-581433501
-436895983
169140698
-599904702
-713782102
242440902
-550725961
805569834
190126753
17847906
87991489
769048354
-70662889
120154893
-580504625
838116896
-656428960
-129149922
-427294
-653961922
425063685
-766994188
312542700
-685844739
-9313661
-951651305
180719913
663813154
392554126
-776232550
-451868701
-730715879
-655400112
-100537789
366995279
-10550479
131018312
167067420
-836462548
-337981819
981799955
881070804
-482425033
362972470
-360256741
-420455099
-178557008
27474663
-488257580
358461308
10127106
132448812
759004988
-995680393
399140431
772440296
-354519951
905288593
417640750
-428209109
-501100329
283267034
793282872
334039911
420908991
526176059
691113786
-125013837
-758675502
-540870687
878585874
751340107
-575241473
-122327222
-338175576
635534446
-104246564
235971614
815849476
-87284296
-760925080
-254152446
556263085
725331348
382460152
-120978071
569122664
807534837
458917867
718928073
-332149833
-351495944
-222899415
859358769
909942407
-13450635
832566444
844804165
-72892850
-308374732
990428220
-495948264
-395910604
813166900
-413684184
523074447
661708563
-798457138
382069520
-600511115
365885455
-383764154
425407878
-978867609
-210405087
-2857050
-596422801
-194737405
-856769421
356753326
37480458
-816465623
-494891713
384557484
-808822964
-187418040
310198992
765002198
-916073688
546349703
-684636196
116602830
176257953
-209549479
-43028305
349197383
108753543
-719571071
99830334
-556377031
651897585
565800229
-448832401
469841678
714305816
697032922
-952630212
-239149787
-653961922
-648938898
-468984109
542018482
902575678
692876092
893901014
-536623920
-799751888
-660081046
222475788
-928164236
-885488803
31878273
703030956
-532524027
-231544374
986913945
304245627
-13222220
261378001
-380283728
-244603139
-566726396
320966805
-209870515
800550283
316049064
-206581215
981799955
-258330801
-871758923
-358696065
862711506
-288188863
-361809159
-560802160
986702485
385030580
177006501
153793513
532638936
770773410
-220883376
336356395
-916293600
-874263295
-870316928
543749331
859644839
802734653
391897925
-848206586
317399746
-575879370
46875106
-49362075
-130460181
-629390428
221950618
-526325729
-397206215
497103581
764999394
-538995947
712775225
702158952
2718483
-822491343
572438575
153645810
633679189
94029154
311808194
-579717767
692253468
129485892
-205424311
251397308
-682339670
378935296
-462059986
-178084183
-333241966
473929233
176777414
-63686318
-351615743
-11781810
-653961922
-297554365
660335707
-632125466
-283166677
-822514148
608870992
-327454945
137328114
71778214
547187700
-911400381
725402890
837737854
318106381
-968240954
1396401
-882738706
729316699
712888958
849214254
-219312716
595695296
-300286773
-743988298
460856328
398184837
57893301
-236607323
-728936046
-600099905
-5545938
528496726
-633357851
-791918625
711829594
219196552
-50778852
-625373141
-549924724
444712085
149031177
999633944
-410831132
909200407
497296527
-930394723
-991298765
-373168121
213771275
-752830458
33725809
-563607791
971156480
-601569181
-466114714
-764676926
276271632
267058906
-653348097
790033101
-930715500
-122611436
-792598078
286003833
734494901
-725534121
764663698
71927050
-827756581
555416693
72356233
-67836527
-43154130
-534070097
-612554890
767968202
-245232746
525858259
133782699
-463483437
377167943
722012478
-439167644
105774802
-980369737
396361160
-262563995
-223384005
647967020
217167728
718819191
-478426352
-43348910
824842844
-157393801
977564234
-996892415
-282740639
648251518
-748785317
-373411281
709142106
896770037
-712944589
477939804
-274469998
759912913
976312597
-453467306
381353448
685857682
92243033
-69236124
-802553748
-279219922
293923923
392499810
-676969021
-62109809
104946445
327351109
-591283738
-156488135
-504650373
-144496881
-975890210
-413684184
-405459722
381722442
813254384
842685100
322666297
-966608990
28926836
-956777133
-621874916
508922413
940101335
158417353
-415726761
74955423
387950300
959500400
-407798425
448012539
737835548
965179260
-89277233
-912974941
-45303345
4846616
475574056
93218812
-391816499
-710712909
468905038
-951686193
178531742
559214131
115125381
-495526277
-202673206
-217759734
-43563257
326221234
867625010
790532689
925343233
-406736881
-361860324
372434022
666603669
402928070
722122100
-660848141
-122298055
573275328
8821598
798909815
-68387790
989024627
-923683830
988487145
430520530
351900484
-368521521
-152767698
782969743
-168736358
-153191446
219781446
961889193
212639103
-452101202
767968202
867213959
59860155
330895429
-586555847
-902067631
-707083758
-874202398
-501995227
-692051146
-330739398
-551590354
365590680
755965332
-726627180
-910615976
-873753308
-585809428
912345054
-397924063
173727085
-482946711
-832948554
137789031
971361763
750850774
-413173979
-649920764
181858656
-159006898
-357416718
-52319703
-888947688
519771418
-725038516
-635179094
834951628
809578190
304456769
914382936
720576749
-488257580
709628217
455559913
93902692
728978002
-882154501
382069520
-12641140
136792975
-625053174
-218898561
970658548
80098755
951531533
-89277233
152398544
416998985
-512140773
-69610549
262089225
-473747260
-278506564
-888243916
459557708
-135570408
640847512
-688057070
-612335313
237423896
-735395740
-472349869
-975379887
-458017814
639168753
395408262
-185831852
-218623830
-727134187
-746222056
499672018
-716373786
923786728
465374267
381801741
65619038
-884050216
-554506616
-475912604
87991489
-43028305
319151242
695910666
-524219656
-980137995
856319657
-137216950
121964991
-681650055
69996456
302980126
-176083278
-728489474
682717784
38177668
-294929202
982111570
324743123
-886455855
571606666
-660485822
611551102
-982555842
399205405
630418867
-650575127
-95755762
568763833
800073222
995861561
668932442
-59880775
713910846
-311705113
-792130169
-624884037
-238725360
-949371063
-48989164
531156540
730395405
793081981
-8814467
-200857661
20616772
-969673211
28351882
344919042
-619551240
626950368
-605053395
-958087282
796269276
628757574
-600910806
-15959715
914264214
283667479
365245048
-463430743
565282924
-728224242
153514668
981830056
668017995
-259388137
191632879
867608692
806602093
-897713443
371611439
-977163403
908077972
672771171
207668618
541409825
-168736358
709098749
-651735334
895874320
-245232746
-613329224
672649109
-184861608
851448515
-187817308
-74292829
-454229646
143653440
859833085
767788058
238293836
88301147
725281341
-54654539
926137038
-544559074
859548212
534436480
-769320211
502091419
860569488
-394942096
41815351
-810273583
784374927
581565210
152914476
-252887060
715931021
-173592202
-819205062
834173806
-714127143
-990745831
320478599
-158530054
-276118449
725109382
-111372412
-539743549
-251759444
433124515
385030580
676350231
-948710237
-250026140
-901165605
148594472
193315807
-246718400
-997398660
149626315
439728996
-398967792
-612554890
122527186
-814884213
-7667457
-537555203
990631119
381516252
-487043008
336856362
533854402
622542531
-480379551
-361327553
600626959
837427082
938262037
969371200
-396995772
904823582
728724480
-192306605
-693649366
-872461560
224909100
995617601
-428459428
744708862
-641204741
792080900
91067096
-372137923
-58149368
-559404549
983841951
-618195402
388439733
-37725789
51422756
-541479581
-846219082
459286282
705368457
-174754797
-182573765
895398218
-313810573
809887102
57144051
702373850
823741257
427257106
-598291063
-856024265
-477467116
180361107
936299898
743789245
-922765285
425607113
-298485500
614809304
223558097
593407719
-765805677
749146430
179963815
145894761
-911078466
-969926856
-501701070
688935956
-174070065
862050682
167128725
-681900773
833865259
670188247
688057933
976562883
3221737
-313493347
-8564991
713202781
-868038285
906107305
-496509753
-686217426
-952282231
-848131783
188897969
416183346
-607390433
-286124848
945987523
-32244388
926028054
435823600
956732166
-327059774
990177260
950055040
259615793
-663259864
2286427
-730019247
-87056770
589731865
-974788203
123937920
167378445
-44153875
666235490
570179441
458793241
657858386
906521087
969419519
-779366052
778572961
-181553576
501706504
-138778186
701659399
921819881
-575105578
-820679820
-580718424
406716513
752107216
99019350
-107159025
-745034277
-990713772
-952282231
-332954705
-627716154
456205106
-852156473
-138566134
-107244308
-312500247
-868794033
559644708
805777941
-934133287
169537667
960246082
-843101412
696148895
679248835
-947018811
944772150
-570617688
548903381
555029613
775564916
889718520
-952174862
983314887
-61176778
368991487
592234790
287528425
196090378
-306997169
123395356
-260174773
-530574396
-471748411
567884061
379403500
340924358
-617283993
-211033002
-824007918
375884861
-346050378
951213206
-696007408
196406714
-27174538
71231504
592620294
405974364
669560006
799663868
559329455
847828226
867942205
-774559846
550843424
186748137
-710869923
611868619
476972903
525099737
-850503627
68744276
-548288800
-178774771
653019082
793368142
-746668070
338329
-550803121
968707313
-303612458
483868718
174337441
838802953
-371198653
-336565339
647155562
410682492
-492044863
-534956121
917792289
-680247876
829100352
886765867
-275618662
-805579264
72778552
-76829710
-320532113
594279889
-822092509
470853249
-868574006
848223803
576030220
552390177
220083209
769313853
384863171
501745424
610256519
-264281152
-793529765
-463223286
651265187
364781054
827504028
788086667
17946149
581565210
263273713
271114918
-901943933
61415141
944034359
-481585694
617425148
267853699
264726413
814032797
907294782
346281557
76393753
-487509573
-173392849
805889149
-10660137
598381563
-716414406
-592708996
948443109
219781446
-709532958
41968913
-452975555
-419458050
-564416178
-807220111
973278808
-445491274
806901564
479284648
148594472
-527309178
-203282961
986617375
-856580504
-402148661
525664361
472663604
-797553235
-673037587
608842095
-772484617
627890579
-194543235
494147137
-843167360
588558415
-775598176
364856703
127417324
-85792703
-296093577
-205245308
919881074
248184813
530861549
832921955
-767385396
473236201
905986587
-250383771
364925470
299055033
821771952
-30029008
578323730
-803404247
-689704274
572529618
-193666765
615719826
-873405170
-1346947
328483529
-719571071
346470242
-990003033
-628214056
-106261786
-919360704
-897426085
-678808993
-584118337
-477425055
-656428960
953799015
-939515007
-366247498
-672414321
823988790
62108423
964193943
780245219
-773493318
-953122849
643880434
923181620
764377523
-49519382
95893287
212336804
-885352212
477565500
-864812803
-717310290
960140352
694586951
-494299889
315307869
811757105
-611584794
450796214
-600343031
697267397
253238238
-937590686
281379909
581062495
692351664
418396680
-96732140
465388429
-831699901
-412925521
560681874
-710505852
809708748
828385104
915609541
921260455
-434762982
800550283
-983844631
-740655481
-169302467
796065487
-245882473
-700855750
-391862594
-732390302
-508034207
966826061
633465155
559329455
-845372698
264798447
-805579264
-229353458
-294761885
257427473
790247553
226164058
-923692726
319706075
-226441822
223221934
594034809
269506853
-863901349
360942560
359140643
-812841587
-316100276
631129591
-217335725
53244717
-546252741
517415777
530427768
-549761259
333516490
695429320
-479351786
660149136
-175022984
-765936403
-427633980
-572755904
356700651
795245643
-373803292
-898007610
887423037
-556407823
281650040
638783117
415534601
-943760659
-465178607
-138123048
384863171
52400247
669981718
609247990
548492257
835056732
220991274
333749557
888174302
875576283
-749154364
8944699
965179260
312241970
-195125125
460856328
559863438
68992362
502725864
475574056
-871352071
-344165084
-271995408
-17472778
-801967322
681706346
-808063310
-77029713
223717453
-718692047
-570148672
938982784
-992655222
898682713
-660267816
937476401
946535253
-569863499
583611481
241297833
978788762
-212381385
177500567
770555847
738603232
645279374
293065171
579992581
141330899
-304314875
222097775
280126161
480925221
531301466
-941564190
200191011
412769286
-85215491
53649048
-179330490
905936774
395037944
315555336
-387690336
-37955413
133504227
-622341899
-910155683
378935296
-323769795
880300942
-955871016
-250803555
331402049
554581705
-228247375
-569005303
-649839430
739125926
-590814883
726257487
204950314
-707543910
-438309938
-497096500
-439600755
671051005
595461577
-564952986
65748989
509878335
294168599
-21254614
-420234001
-888623490
-484619434
-392393811
-638862083
-727134187
-798502582
361218447
-466114714
-72399845
-749723813
138699719
-121191778
67739782
-81908361
601276106
511223507
657344063
-30567477
-370652294
288941381
-649606928
689719388
491634190
375243652
900311730
-289883350
668797860
898394899
654027590
-126516676
502464420
-507066970
614207554
-552348031
-298945630
-282459777
-916438044
-665021457
609068189
171479304
-88362189
-379440590
256677372
-396029064
353268737
-939346009
396268552
968387370
-989086629
822487413
10283533
743596450
-452647564
-612233956
851063919
380153167
476972903
-992174546
-549818453
302118059
-48436580
518115563
-419852999
28868723
-465871738
18972189
156606674
851340236
608467618
-436895983
871268488
249328208
715504670
-49227911
677399831
-29776062
-641378719
-772787530
286594165
-383855133
-598873432
914953806
-698916243
-322809427
303559716
268294639
-476199866
639040683
270109024
-450352315
-705194546
-884633350
-867823794
-7439668
953799015
640025933
-358109581
909274638
631917987
209761630
-141029015
-557172448
-719341190
-831839812
852121464
351095726
262744251
-864926161
-175786844
604703804
-981293007
698247487
941552536
798909815
-797456496
-521740550
468027373
-455738208
124468739
637943487
674734567
-519587916
-927080749
939697034
309979658
374022331
-584326108
-172186534
495451478
467421676
-644843114
733575538
-302456438
-839146170
-660081046
351439916
-354085527
-21515808
421843597
-411093354
-250026140
-346763085
404513724
-475844403
-605087770
-179655261
-989086629
58755468
-2368855
-976322970
-15938792
-917999905
609929633
840877684
-925653725
794239601
-576015372
-245682654
-393285365
181274047
172386471
-517418261
327817027
-111039094
879154093
-579651935
331859631
739217079
-635566488
517999268
-378776677
568600104
375953293
-849080495
391410817
-605070068
-193092091
290934582
-972421270
699810507
974447741
-433261586
-87757346
-679568264
113043142
987159704
-934914918
293336793
-440847991
926508236
-423791275
-55085511
-874826731
-77204799
-785603746
76121144
-197159715
817002346
-988527078
426817832
-870090830
838211366
-813765716
374755043
293682076
-664332639
-262218517
419215787
-354713813
-691262210
-378041073
-710869923
450941056
227538793
-647578533
-789589325
688492652
-521740550
319958817
-526037807
-327839260
-247347797
134234744
308129792
773677918
114931402
-773547075
-714285453
207956555
-969150544
-263162072
-336340346
-241066981
453272951
577022681
726797893
704087251
-63060219
-88881659
-256305808
303956956
789501186
757989470
-614688964
-313611594
-422982945
-741930672
324216228
703202179
-691935455
-226518480
921938830
-941030428
-457900440
-199983293
868997193
685526541
950055040
399629834
-996109615
643880434
523394765
-921483100
553322937
-945235208
726380991
-273224004
-550961973
107627907
-891611166
-532390181
-59725949
-373347376
599549230
726698391
-34209972
946426428
-530830723
-545448536
-919450728
729637037
143653440
257307923
-127577411
-201247018
-524288508
-354519951
-44657594
539939571
345835278
263321101
529514690
-955531791
-854284959
119318115
-537798509
847189946
-548288800
54096404
-154448878
817646681
565376789
947437359
-620630453
557630193
973843033
944160617
-921096736
-552930222
-456417738
615066238
727574512
68489009
-989086629
-779796421
229712717
-579355330
-107097786
547187700
559863438
-415391932
305957512
355576435
-685482039
358543856
892035367
25104561
414020413
-700561191
-259212046
573707307
981726694
816920708
-98720633
922332687
-286961650
-560459376
498752818
137571843
-634602379
771044738
-739682205
-290948865
200783613
273869862
905913196
-363379213
-756931278
-883205742
12034183
-26911642
-487697234
-826922279
-14791576
-836176337
-959644059
-117495540
569319811
-943611963
157961286
-33084783
522995525
711829594
-289912845
48069965
-208001802
727053348
-207311091
644721711
125087846
-502251155
-832654595
-85321263
-207553217
303198188
689385831
-861026761
849588153
672919610
581459950
809821223
504855972
-570754680
-396571140
-564122093
-851019543
513340533
-983127175
720764611
-238172266
-909729505
986755669
-738751652
27260938
-89676171
929191413
-374097195
775159640
-172554369
-5679408
-636706566
495232159
-897306808
-858030050
196880290
965179260
470454702
-125348959
835482398
753339548
120910784
-432518812
-675498167
700150550
-555177714
503891229
19376888
-564594104
-416010708
-585310566
235193051
-579861566
-764723771
785203634
-77029713
-914925923
-377679770
-372714263
-576889091
897588147
-760519294
-662842306
471707408
-253037261
296950149
-813038894
-371868740
369866480
755642166
257139182
442784686
619272190
-834716401
-930768515
802949119
572119395
-363628106
297910803
-48883995
-456684517
-711269265
548903381
-151536956
165852631
-873056554
-22059563
862213836
878094845
-816399778
940060178
893901014
508155896
-395440943
-47359030
929999886
479402287
-395895290
-626540844
-71275907
99124732
-192806952
-448366199
142242068
704751933
923479078
-19030749
433426099
-33084783
-98354311
-909769735
-347669625
-634098729
-364321120
871480765
927192280
596431980
412444275
169734995
-664812656
937551468
62607148
-174931745
-685482039
557993594
49856764
-681810861
548767189
299840426
525222288
791192591
768095071
-585149754
-800443575
-31274031
658824380
639734511
632477449
-52268974
568860526
433521269
-298138953
-766045581
621721971
776441007
-507488426
361002543
-136622935
-963473974
-813524535
877049690
-681913063
-397268982
-846548142
-819205062
-714514925
949592534
70428699
-281510501
-698710307
247520713
613513813
532444201
817565633
-273072280
-364210229
-687110574
-844756609
-983754953
771905163
-629083176
309406501
-534683269
-960200715
-145294423
109011951
175431264
407977430
-764942408
359140643
-947691027
813254384
-109032748
-307046376
427879202
950927130
-929225789
199837806
291384898
-845019031
-194340959
-313362517
-887899120
-724470418
-727239254
-82297424
-637046542
-279954346
282582585
355855996
-769886604
-339732463
-960700018
-800617570
114520584
815906217
584094587
374124515
-42816674
939824220
480438036
443152330
-642447647
207326125
891350726
-270825109
-779097520
-519587916
762877701
-4549983
44243429
923143446
-317616342
-502251155
-355836601
-642359996
-108874182
-291702089
-202851126
778056921
238293836
-807579338
-922691109
610506868
579649414
-841671004
-369540498
-987776960
-973148656
572756086
-105849287
832233468
292214003
-312862751
13678064
154617027
187196578
796269276
-330649586
-874117034
377162672
-153949560
256921708
-900324315
-346561999
726008000
275030810
-812228581
-110481996
323757565
312542700
-955229190
-585524462
683733937
89656233
-680381867
124968798
-248746379
949732359
-77510124
-626161810
272502884
873319649
-833756823
-80091955
-541874847
529335108
205809610
-609513112
338655207
396958368
-762529547
-301896116
-194064401
-233519045
-124808174
972293825
538649088
-367517697
730961210
-541874847
-404335048
847386433
-899528457
-943760659
730896789
214755602
809405659
161694414
-491452725
-677624892
-426521047
-612335313
-655927178
8699655
629858918
92524640
-354085527
-462270501
-357028908
61045562
105774802
970658548
551536686
44935585
-832417061
191136073
813904011
995319801
-188179418
-849571278
-336545078
519864996
471327337
33142211
181738850
997701644
-39100141
-437318652
773677918
-38190584
-381999497
-241917413
-341050636
766772299
313099452
-1
-676751642
-196328655
-722259042
-838801503
922010779
54229214
267658290
350167928
-685306913
366676730
702158952
762877701
337663017
930665036
883278156
-169143003
487508397
735403070
594034809
21695025
-441924466
-955421720
-75349570
-198843067
-810848738
454978316
830282928
-643005503
-312500247
807132692
-385790559
185244791
257854117
-503997838
853674278
523156039
77454421
-632686135
656268828
-250211395
-541308016
311482746
219863767
-288492479
567939468
940060178
644255501
808016556
-481780655
209487254
-784855289
-857117301
-213351645
-201486565
-288492479
-362032913
381125109
-967769451
202346525
489085360
975944256
-426249737
209178809
281109553
-750499463
-246609753
175389403
418557905
-785399211
-607272825
175389403
-179920701
-586437374
-743634465
-410130053
968071915
935317972
-996329064
-14441215
487292145
487508397
505940820
-5233020
-875690870
923291906
-834864765
-629927135
-325514850
272573086
-281841706
9460429
-868862515
-858891841
251503540
400527306
-557519259
-956250830
-508885875
-597655885
731507069
-648938898
231822261
842996848
-968615633
746190727
-900810001
-69793975
-693147728
504186885
945514044
860513001
-73406290
968294774
995861561
280127121
-629126312
-339424999
217275688
-285078236
-281622373
501706504
-552111365
-78902672
523074447
645284593
-518508063
222177851
926795612
321963270
272086164
889261739
137377973
848470962
-58616352
736278727
184765363
744386965
-406087856
-66869758
734838233
451732250
-501227557
581062495
-713163207
-102274790
11961492
188674531
961820588
709473689
-441333490
928228730
-482808281
541792675
823067079
88542183
-544415927
-587204946
-98136217
-899176845
253145760
100083201
-159006898
586966495
-862639673
-955054936
-662775038
459422304
104760237
842521734
-764521702
759236986
239144839
-473967257
-398904711
314154847
885666959
-452910878
672660615
-761697662
-876192391
255719338
396494467
-172477515
239508971
117341999
-825827257
-276118449
-62109809
686262532
-596991583
-324874061
-702451062
-740450404
261378001
-934575069
277694304
170919809
-418461323
-529790608
-336050908
410253963
-588608065
-750273753
473457342
879956298
-109573260
533252238
-113917962
217632891
394020293
-393313797
-918709476
-212812182
330069260
634403370
-945524048
-366043210
164444194
947001860
997351294
67869508
-843306960
548213438
289625096
-798848583
315934457
488550775
-608761993
-211122444
-305062275
872072031
-246847191
443081067
7682555
639719859
700976156
803152349
715642922
-370802604
122683248
518115563
-993661243
-171175095
739626501
-274728496
-481356887
-703645135
-319018674
471861585
776410334
836726721
909104402
-912015037
-862446995
-105526591
-505221372
-748984284
-137216950
-293785424
589659642
-660725616
940901567
-35885638
-75589269
-51247565
742081215
-696273726
842996848
636286584
349956069
655460837
-540058046
977958878
582934824
-864033348
904466944
-260318914
-937778676
869105728
603330408
-866740595
165967598
-386326903
-335578627
757512651
-721561906
-520262033
943592607
-515037675
-460185743
-100610839
171135891
844023244
-229098022
-189218312
503134520
-703763750
507009614
189141049
806184716
-979483626
-245536948
610607416
-525722306
-349878189
-417504925
262115278
-705853337
916513948
-713493696
-877369990
-835676127
388275113
-235050673
867289007
93007832
678323760
845162469
593755733
692876092
-230729038
625840601
605874370
665049053
-948710237
933703664
-110423322
325818857
-882644555
-267685164
345013539
-794372755
-581880549
-495447137
252627241
-373803292
33577041
-619008189
-853797532
818140771
-119426000
-553725160
-390375630
83690193
508842039
241686248
-730019247
-595080864
-504192357
867511512
122527186
-863180023
130138126
991443372
-645982419
185335822
74201115
-581541962
503288951
-593516618
60159368
-47871270
-689824085
-939929391
490324796
352298278
269852145
213996665
715931021
-235022531
-784108335
-938138104
-409105069
-50472285
-951472304
365980806
127318500
119226526
491746363
-77204799
-635145526
73113718
-115238784
239075259
86496358
474192415
-107301773
-998351474
-220750783
-493577256
275894504
-405345856
526684263
76079905
-539676915
-570644089
870432290
814171473
724756000
953701165
399776355
-125123717
319982474
805188979
22834093
-579058044
-689226502
-290286532
-614229023
-183267013
-829697353
-148495609
905454799
-414268876
512254560
214584626
-219225002
-51469598
329607748
-281859606
542936291
-449619645
150294140
372617045
-536398906
866040583
-844908709
375335741
215643206
551832346
239303897
357854209
-254456702
-610022433
280086057
694063367
-923186987
-220430621
-642853886
858566550
-499199627
632605094
638948126
-155709294
869105728
-829563956
-443717024
-977854076
-81796885
-223401040
-756625867
432797990
-296938948
704538659
781790870
-162588729
3738843
-679809993
-193887424
181652605
-360256741
-284485585
-37767454
-742379781
-15959715
379847727
-976276393
-175279419
-504783977
-81587892
-51562712
-262125425
174736087
-93608687
556682039
-540146705
-941240215
-782238965
-704405624
943592607
-506890589
343854036
-601125028
-317747672
539512807
-828262695
-744495704
-178901068
972773870
525310999
-161083707
-540870687
-249681364
60777226
-440847991
-69610549
-664352086
872904232
-477093918
993440338
-125800888
-84539747
92308094
-300468409
-33309630
960377725
31548733
-554026869
-649202213
292641592
-17264176
128211092
-204759990
-835169386
-836139144
137746479
-549068715
661708563
-328072751
912345054
-567873599
159431169
-601499054
780380688
-165381795
454978316
53953936
-574037853
-110893056
59803874
385662832
450326416
317375493
-318692712
-742327055
-207376095
-38868215
65020163
-528410501
567020163
-102531482
-605836021
873860319
-817272491
-309123102
808188547
-781034813
-861793047
722511256
874159366
743730015
6772100
-493974272
827484417
535294317
287731238
-129324578
-669575815
719145521
954569843
706404697
-367334632
421490806
817308467
-755646054
-732154126
-208689698
16188764
-121871467
-65442486
213079576
473543498
-922491912
-216949966
906521087
-429542566
-115164957
-321006836
487003782
705565396
783043106
-93789636
138488440
-970279907
586801657
-966060496
808166963
-57688542
-562296769
-24191196
517069213
366931177
-940749038
-460185743
535162591
633924779
290871593
-237386456
-515049701
958651845
764167226
-107097786
-967812771
-689282684
-287236654
567209935
-114282597
-504968024
166555088
-930715500
-603435786
711011677
-627545375
757751937
-42725786
790086669
570448846
80428736
-164585793
109902664
-674465658
-85792703
-171120506
-434184098
-419682655
662619519
703722248
-432581918
-677099055
-561023330
-264025096
-363970809
178510877
860461
998211737
-853638211
989755963
-371836323
-201382355
-659972469
-694856413
-287162846
672771171
566702327
867090392
533641865
348577291
-815588496
-739518651
709628217
740748029
-183480204
-734342393
551554978
-598908323
914592080
-39333387
-131505507
-980912328
150199063
765397885
590795440
-939775316
789434353
-600081752
-613835788
223634226
236996476
411274149
-22936719
248050307
-948586450
-65307782
-784515382
-523555609
-649953458
-582061552
357878853
438794383
-78941658
787526134
114396189
692419844
129208937
-743780037
315343496
219969920
685200473
395836650
787526134
864948183
545113444
785495339
-952824844
120910784
-458520901
-595982505
-129431019
581527342
-197813134
837737854
606401423
988222892
396768173
-139656231
-305950615
360404486
-648938898
-860310329
-670641393
4939933
-986227086
980670540
-977226753
573707307
-243079616
834908722
-664352086
642375843
-67055626
-158074314
-213618721
-58650860
112905465
581062495
233637111
287815962
524394068
-978447868
-378490321
-530806084
136589456
-581955114
434391632
676309789
826495648
-506670478
-197669937
408409862
638998830
700775745
786883751
-645539301
785043982
430886999
-385777424
-251873076
765162758
-473471891
87878795
-323517527
344109343
523577957
850426926
526900146
-293127284
-365494888
329917361
596162037
-765204368
-52996946
833992342
778864797
735740648
185172772
-434762982
684089638
371249757
323851315
-65680987
14757339
-257977092
-740655481
525598839
-672949033
-310341049
-658483963
427892650
147708143
787901667
6843340
-442008328
-930292333
-437808487
-399171990
-332747318
-232968263
616174303
598924365
-921073289
-229433912
604733069
-961144873
-310743318
188252540
5489667
204950314
876953846
-935392083
-201486565
216194863
253774356
-570988908
-440847991
715642922
-840473426
-59624632
94793110
-647745185
-581276811
37760749
-592767672
-89726785
949342690
-88184635
-424771780
-701830768
572387234
452781473
599430356
166555088
135052801
-92099846
-796634993
-863471219
86598484
-544502252
-909466152
504333626
-74051229
905288593
-79254226
810003785
204621168
-204759990
-716484459
-432636063
176044408
881871986
131352467
924197095
349503049
794121595
-609513112
-428305240
359140643
-353457187
938683537
-378041073
291042017
-553597646
107410190
-432518812
640279132
750402937
579513622
23554449
-319474030
801030135
-421232226
-871868325
296193273
-186697394
390786200
-357989009
-733510149
617946408
580267197
575626006
-848974086
-335112021
386863618
-679785551
292962468
307978492
-714285453
-227757543
301057317
-171885114
-966471742
-608099390
334774781
-47459056
88542183
-76635366
591554243
-20814988
-975158838
658018435
71981179
825144071
716373605
30885372
673901779
-104962247
-104188868
-21089480
967962741
-675223326
-661579809
-516314044
-838580219
-366247498
-419560336
-953194393
116754252
-784108335
-882644555
927542411
-41847173
107477010
872567919
-968768850
611000933
-759475166
-710631809
587528798
-328803291
-853570498
-435829372
445277679
-124808174
-789077533
-670945161
33058077
752468248
-98482020
-951016464
520710531
-20042054
-339641478
-726390125
-643005503
303289811
184167942
-406649344
-920445864
-189540238
-773206120
-803218097
831947532
859833085
386562106
-881974175
-959854135
231223095
-638492498
-552560149
-965799083
-84773706
54766086
-906890638
-362144336
289170587
985845977
-287396173
-500877720
503958041
107072341
-892894554
-132572875
-136770900
739824527
442282857
-267137303
-193123748
-177807078
-346084876
-58434998
993582484
560938467
-596628321
-436622748
724712036
-179197527
148397454
903419242
58069432
-144755081
152794166
702823474
-763840774
872825319
-347802869
422621451
374688065
-631890855
116817222
273006005
-455306430
-353878301
824157671
-989766425
938746238
945032527
608514141
15743285
354025490
273461061
162389344
-274375731
-813076641
321589752
-462473749
42566213
-390762411
879021340
624326427
603253057
-122882298
592191250
327029033
-25078849
77178205
-16902702
505713607
699100460
612208454
-697804351
-614821003
-2758095
226923710
785646952
-604144530
504997017
549618833
10283533
-791511315
383117231
176600193
497305387
-401540164
206118656
-846825180
673103243
-732390302
683733937
536600996
926282891
940312106
662570459
905729566
-287396173
-824950530
-36291897
503037479
-41525532
-742239339
-258478977
-399974508
-898017221
161903934
927423272
-112321526
66450720
-892277184
934297611
765684109
-855451046
-678747655
-953301506
-166952660
839793135
-885142791
279578009
839793135
450941056
879498964
-68614784
-601913623
369301669
12576722
588745556
667667886
53953936
-458338699
483589982
-618084589
818998569
792067809
447189771
-376638421
997928946
716878719
507258209
-777883586
890075680
-373482645
-387436965
791551195
665991689
-867342457
-275564551
-349670317
-858030050
-85397307
267414222
-795491955
79807916
-242827326
917453129
-26692061
503558523
860241016
-174688236
-691759466
274836922
-202222594
177211840
956706596
481784177
-915582739
-550725961
-590964170
-463483437
-447478077
-963973296
642375843
662166477
395126592
-490172851
79968810
532971185
-805913920
-305866731
-702906323
200658026
812912665
399629834
448012539
440097811
703558028
-62055923
-986151200
-719038005
-96418788
-848038099
709270098
-238653942
992313683
-45495490
-477318036
303502403
-958592541
-343163966
249440283
311482746
-486002340
-84802952
-187418040
217352723
392096486
70428699
291726985
595402890
-150866758
-390676128
-906337306
-765204368
871821687
-664352086
-236264585
-751410192
567266510
-335662555
-199676226
682490017
-635107251
-931894632
211922836
871230916
-523631965
-956250830
347971681
900860279
828520792
797914440
37185292
417101296
104760237
818662711
-827733795
-114034069
-199241566
749044611
301882422
-292487253
427152651
178531742
-775598176
545113444
952021924
292214003
-28544510
924963951
496341975
-163024051
290808384
-969898372
-348622520
451579297
224281872
-584422861
313153001
42764216
-90128345
837942209
-746886831
-808653655
-571914360
845438748
-347556931
607853595
669814820
-246221385
-585524462
-280168030
-729711977
548576030
168710665
111698359
-628188596
192026016
-535817618
-474063463
362175949
395037944
-379048497
440649145
-585149754
671803356
-367447668
403480112
419672461
-885954729
-108660370
-101184220
-666876166
818089956
-64518738
-844705926
12022499
-666677770
-225863264
-373688231
-445308510
711461721
587459149
-324066939
671387179
173342960
-559152589
-842818629
510271022
-936045000
285555919
765162758
644084953
-614229023
959874932
52325796
-54366719
410154696
305194694
70110990
-512275494
255839828
872811926
924056832
99124732
-111458211
-763011867
104760237
616318293
106899823
-120877379
242851451
584014140
884678425
783626498
-856149999
123599643
223634226
252584538
541409825
474106532
930592222
-242403435
518949564
-254187503
473903592
-792408403
-426955182
-87065391
487616271
-836721086
-295159397
-542107786
759492491
-246221385
752468248
80221086
583514401
-270332265
463879435
-744390201
-228030878
855202397
-578499410
-800865143
-298353956
940060178
-322912853
843372984
126499519
970440678
952866164
-971963908
-435262691
586447152
655942859
311482746
-853125887
-329856646
269443171
-450098907
-863055769
-679706822
-125531962
-782067160
-997590224
-120215660
-628163043
167263332
-894640124
-716012266
-325280713
983777532
387364282
134908337
911188014
570330575
80722439
-187538145
216728705
482303658
324668114
511733097
-408239560
-469697403
351309564
510922948
243508679
-932555454
106655678
704968618
-136341619
-647421915
-112836396
-804520443
628216214
583960723
-85090168
-386424245
65172982
-840702235
-284566234
-623949939
-453754975
-4689509
-71906707
767178760
217382551
536579718
196090378
-607101522
358615070
-992890040
145253752
-503976005
355769428
-118827606
-717432645
-127366607
-670577692
-252291906
-267162491
918374193
-966060496
403021239
505585211
679107669
224309848
-168204552
928685458
379185692
-406128304
464155596
430018515
-543928901
-70505164
665307958
-811003729
488777956
-145436197
-32863360
748665345
179523649
-490449356
849696986
518115563
-947921778
-257930386
-586555847
-143515296
68946325
-447101559
408212237
287147153
-667461119
-935667645
-29012371
-526755332
225256032
-432636063
11572775
624440656
91402434
258533038
696593154
-284857698
751715215
-750986416
-548371539
-503129462
863857566
-977563036
802821410
-121850033
770555847
-636294326
-853125887
-464098042
-896303634
-483165040
-710063342
-489798472
-271915486
-124217078
295416618
-271389785
-841671004
845655636
147241587
693819754
455485585
352861235
-227812181
119132773
346548711
-225442282
-730975443
364735129
-214215647
552750854
-797317514
-516975390
-548718294
-664641547
-585580331
-627792950
450062886
175389403
-379612183
539812533
400975352
-855244019
897647991
-979258419
-795067818
949301197
364998225
135052801
-988195053
-665795973
-824283669
66884087
502464420
339438781
137200917
-230247518
-165381795
-183533726
-878560477
-76532662
-157181809
673051419
637145497
645101252
309979658
-428006496
248184813
909814666
521265511
857464222
198529052
-709679621
-740790124
-79480366
357854209
-415681774
815481340
972351258
557522516
50134048
566557394
912844785
-420101965
442643028
830282928
439812561
264473778
-492195185
735571749
538949882
-906683477
94486115
-360957614
678963185
-570705614
765436008
216071786
197011966
89656233
-445624990
392377477
509457159
-534893811
652970072
291726985
-78708972
677487882
611773644
836614637
305724493
611773644
-906757276
-887606568
-572029499
700619692
-569967744
-448565714
723261240
-992086648
-600477907
-667047910
681706346
36579447
189785491
-517172420
257307923
-877164240
889177131
779071909
257139182
-724068585
517031112
-601407129
19198926
377285923
-592983254
260866800
654769693
973707727
107410190
12220
336750814
230241433
-771404206
-394199243
636286584
367809168
9436789
373921664
219296066
-344475416
-808822964
110083369
556871400
-284355633
630098301
-286496291
-62453219
-752971222
-367581369
796195618
814171473
-85531266
849547755
667485112
192026016
214584626
-385333767
-433261586
-64248663
152506665
-582171460
-256090558
389798111
-547896544
753265159
-838912140
964798422
785732941
-266476642
606950711
946142456
-544502252
-617060114
712693115
-284857698
-917722222
685322582
5473340
-504141001
-881645154
-618084589
586447152
-910683927
825229894
266205566
204452616
650312773
-90023332
56410834
541607749
-72087012
401488278
192026016
959959208
-282912722
-76934069
-730800442
-873405170
-411339167
-51331740
251546340
577798604
-374898432
-495795792
387364282
229228685
554487747
-185994339
-947171202
-770173538
419215787
166051742
-854821721
673051419
985674092
312542700
385084910
-747511605
-141262319
-484557720
-767277054
82154897
-494718735
538296305
691250412
-628214056
-129431019
-860449862
-112118556
-511586142
-1080750
-851980557
873860319
53437007
-674175786
841576036
-390830944
290172352
-846985299
405871476
313153001
512319205
-573474887
-587378586
607400877
-494405125
-262218517
-342212429
16368518
-948516186
-567694866
747011515
-660138617
231630864
70869551
274995476
210368858
-676879366
887519167
-337810776
-798502582
240456612
-205752610
224528143
-985346239
-281939272
463499446
-657556336
-214487549
-115238784
-431850281
510163775
-531021433
-799751888
-675080497
-970279907
654027590
46298489
278283204
-395696735
985704062
680756047
-332402085
-349169980
-401100969
-203170662
-830191119
756461616
16466531
695550868
465374267
522379494
633241540
-342825388
384550494
-847566520
191136073
25104561
887058578
-781803877
815481340
145384832
-137433824
-856024265
886721590
-193423861
-290948865
-724470418
-311506853
-390830944
561081894
864948183
44785695
942850146
926227079
-912674509
562204392
208263599
-858891841
-934497776
70345247
-909769735
4149935
-413871081
-391975198
727524888
-230247518
-391297939
-414874306
-844879502
-442712990
762877701
-719038005
993440338
-776642291
-741407808
118751811
-396345511
-45963951
-650046467
250987991
238671174
338157174
-597655885
-380083929
-222050729
-922691109
463926432
204117335
420494261
-96703245
978686055
264798447
649687331
490055278
469412358
-783744696
876928542
-935558365
540794554
626464496
142242068
-728081965
-719749467
-691019853
974769861
-154836284
-935248680
-524219656
-903995146
911772942
-754587030
-849571278
-962248056
-107526220
-557172448
-705039450
-113815511
757778522
507815194
127055446
-189134151
346957848
118156194
510214951
-588401825
469263852
-726873074
600448635
872612982
-94402183
946835693
-740610383
643880434
367041729
156145640
-115891961
-923692726
-792408403
-657118988
-897306808
60123700
-959178446
717543517
-463347278
163602930
911017066
924147778
-986340158
572628946
-96862123
-231034698
493874454
-324681400
-416913897
-343562195
779219369
250888378
-201247018
920693050
853077956
-545593277
-341829903
316321434
-935667645
804827678
-879369342
-21254614
-223939551
-964261554
660626856
492972445
398806835
-961584811
-730486970
-940749038
190028378
-616439529
-997367074
560399102
-734478657
198184374
907316196
-372150096
335464584
-97699612
882290984
786309858
-618605584
-839253687
428757783
799564031
-808965618
-350680357
339539335
-182884059
-608883095
628628881
669217138
-89714543
-36906771
-296655851
513659620
678605089
326185121
-72331562
466569711
-288850356
184765363
658341282
-912735731
-245189629
729278718
105126096
164847867
501618712
-763518358
-995034867
-154448878
-472268426
-540058046
290172352
-970611757
859274291
-264770360
-988033940
855740140
164847867
-527348724
742970156
-793031867
620100350
-164585793
-120375520
-768903983
-194760460
674303585
820870897
-818813529
531343542
-739518651
683942764
-290202143
-317747672
-703302403
-978355626
334774781
717489171
-384785940
-457847973
-541701022
613894974
-49645627
-234072292
280815741
-955531791
22463899
720217138
-757135829
-323702958
687984444
559863438
23277019
638904000
150442391
563369044
-608099390
391800088
-986546394
-740701844
22890476
623947689
11493042
-557009888
292811703
-732766871
-739518651
343121241
157195046
229834267
-522873106
360115538
702254842
-928575909
-384309454
940968924
714527454
709959155
-736778385
907116085
451536014
-309503689
-936737151
-949627472
494006629
-760345499
746708487
419718748
279578009
830676126
852657203
-342760868
673978858
-304009409
904595830
-329249255
-13619076
-489995051
372374219
61808528
104002244
-556229153
-840805301
-650664450
147866358
-710712909
604076120
-604594899
-545208051
76079905
-371935124
-895461485
-35331545
-326487985
-129022492
929365311
341811912
487541743
-192847560
833339999
-673630389
-217794342
-37398002
574424343
-317940122
812696664
855999048
861410977
-726132923
-364035583
920857712
-812350808
928548237
-8414979
-123398697
-491216653
360602965
538163696
854813826
-538706143
-499987963
-885784179
200377262
-410225483
-430411660
-863452755
758646470
-465413352
-881645154
-823695943
-741138141
332797523
-146231019
918470898
-550961973
243924774
235118634
-525542523
421617564
-908876225
368714452
-879280575
871877885
-72290134
756599796
-793031867
-95176731
910779948
-20000637
-932267032
253238238
-97667826
225589400
75162124
-179920701
-271716573
366858942
39077066
511774704
-471984796
-332386410
704251071
616318293
-850540055
794092674
119513678
41922777
985554329
-737385969
597149815
5379413
-523631965
-901904852
545484966
-384716780
750108996
-540471812
-373535369
821739100
643880434
937903365
932044335
135454092
-333134095
-318140317
853282017
481863953
42810280
-106164130
795507364
43001045
-895910580
-54737229
-622984045
-606089748
203680887
790532689
725218105
775649645
83690193
123065960
507655884
-738751652
819090694
21439666
-959503993
-214742947
732323831
870643799
-563226955
-463694460
-449800538
-101788893
-230140842
87878795
-749031392
39549481
-362588499
-106798572
314525649
668932442
424274904
902575678
-60575468
-560165000
293266703
82719627
907818771
-1972603
-586658140
-661477920
831516486
-555143223
-45815701
260090164
253494841
-874925563
-847957468
-664641547
101508646
-235680033
793985225
532444201
-119990219
-294551178
-611584794
-610432381
522062191
314127292
868642356
105895217
-215278476
767237073
629802504
-776723754
40020615
-414564134
489085360
21085597
-828644559
-461415760
761366444
-647968767
-20042054
973278808
-333335686
-777239578
118969011
-859654022
967020840
421275374
980670540
471327337
460619701
-939637341
993915497
-672414321
985296384
63684247
-509232845
-99752288
631383981
650821754
-164401128
-592352199
-180472399
352298278
-592002410
740706500
545113444
-194188991
952866164
708826071
-475379901
598581521
-496383925
-4000016
-178084183
-210981749
-58881916
729316699
18817409
740178630
-92845026
118855492
461139137
359140643
146432261
-309047752
677213530
935093668
-416619551
-439199555
-935558365
-455595358
-669162144
-453754975
257958128
-196070180
243867452
-78298319
19484877
-726364924
708598139
758474359
756162174
-315364871
-243897284
-204986035
760930381
433819397
77867147
-168444714
139676276
-783939532
122527186
-796852511
954900432
226739030
710898662
-382285711
57337344
-52767437
-185960953
448428343
-942185170
518865914
721050762
861515209
440649145
836253472
886236861
-130526223
576863169
-965121180
718213848
985037606
-900716743
-951318677
-554881854
132139299
-319637994
793180741
-918161450
-576260758
759167315
-380481145
-165769005
-862539811
943001563
232697655
604380785
-971170269
-774146323
-10087701
-406458421
-866456220
-447983014
-754956830
-274079903
-788878569
74786599
621832056
991244731
-794321897
-87284296
20762056
849539006
-575666280
291347801
680381316
745816656
778864797
-795262371
-131682282
-592022913
393170555
-409743854
-396395326
-593306161
-862539811
847261018
567266510
-764858745
-808822964
964624392
-606934416
530822964
-766902824
-199774062
197349076
-602039879
629150729
604380785
-471060385
-835627252
-865318100
-163312296
-278904906
-54366719
-344516909
-328585406
203061267
405262974
257307923
1935561
7451071
-132423611
45065722
-907031470
432544151
722455069
-609088481
714805471
452007219
-235301911
-548621352
378180111
-697002997
329000446
689415869
-172554369
330069260
433514184
-49733749
-239542232
-242169878
-528771909
-884050216
-505128941
-309123102
789434353
214166389
-717272649
276655357
-994363790
240161195
386112268
-563970524
-634065943
-918523730
407702595
360870112
882107211
527433880
-744640891
40754402
545113444
-837585222
-212480033
81347641
-854677664
-39859577
312611945
887801234
-138625845
705452332
-490789022
-529949907
-373284254
594713698
-669340945
-596593822
-733760570
635610846
352333395
615144547
-824470926
21826325
685263773
658824380
-984166224
-413490682
435568350
-408898418
887058578
499481702
-485912857
-418911211
847552277
-899255662
-992374923
773317586
-586183782
912093153
305957512
-17655016
95553435
177849662
786508147
-15602798
957408707
516512723
-106539923
-667879352
161373766
557438597
-438287933
20794370
-693649366
937903365
-79497275
480096962
-430783073
-711437276
961724834
-388024817
-344706988
630279958
-969285757
-804872957
874747360
269208427
-713493696
-112935582
275769245
419339661
-210359545
-849403554
-344165084
750850774
219863767
-746869255
-619834396
461844562
-101745467
-172883706
181478570
-401664997
42754602
-724403979
905815448
179025274
-480806233
-893223760
698933705
567387783
985403082
399629834
112480572
131352467
795569484
142334348
551004745
-391399733
-769158502
334210174
-769450130
558813580
25855805
-691669208
954689387
496224545
-885784179
-201002396
-617060114
109203414
-850272007
-898292134
-761697662
-715089913
534688516
-500292492
-508735142
255834507
966682647
-229433912
683965065
-627952134
665180254
-826701653
54229214
-778788671
616799026
768635806
857538559
930459102
-889612434
-207175000
145948062
-740864638
-199560554
-111665674
757190509
794354314
350182079
-756516993
635835335
728844540
-948710237
-204616799
-791689421
928823049
-119200092
352861235
928728030
937283428
-465921847
798819585
322950802
-225489630
279586
-429686557
-926848340
-15342775
257079041
638085069
928390887
111329876
958547676
534740206
345322799
280086057
424521073
-898224790
316335675
-623793471
-816889208
923143446
91252777
-295077516
-857370017
626950368
111138725
462953944
651810268
-371868740
-722065834
842206539
-126516676
-12344481
-88362189
-223041616
697848233
113829695
-738196913
-181478384
-508357632
45722497
-306461767
560446410
644255501
-347839235
-287798900
529935241
-358809575
-135832590
-648045591
-5679408
-89973164
-692638561
924250176
200191011
-719236002
987905667
-671796019
374022331
895670339
194764631
-550814777
813577415
-803273951
704660996
255834507
649445241
-293182206
511391093
-590429681
787263692
238358658
441938343
23738708
-688701880
114396189
300761189
397270812
86559343
-92322687
374688065
115969551
-577722839
-844664730
765908494
-550675695
946970653
-262247846
993628671
22642198
-729866944
-958026426
-417895590
-896092429
793985225
-188527208
977790579
619836871
267938108
592647433
472290755
397820945
365051830
-908712377
-925070641
-649839430
-20577559
953939105
694175713
-930394723
170919809
-888947688
-340212403
-489348742
-381321485
642863716
-397393812
-305174942
-909678207
161694414
771971581
385836235
6460843
178318550
-714090756
-778454975
141748483
953539779
872567919
588054873
-726094094
-116132477
413670051
976849411
-917757677
-209549479
950692816
683470805
-226518480
-179622068
609327691
644372952
780870866
-882870138
-574824397
733661849
113339751
899233125
-102808843
-436345580
-991680351
-932555454
189403434
-545267070
176496271
-550340963
-658399514
516757177
-392368284
692195116
-198417845
182202738
-581916853
-349515920
227294923
610256519
-183850200
-943059334
138918643
-566902283
105895217
-2462703
198385425
603722382
-443254661
560832963
-665795973
-394199243
466169079
384863171
338304686
252087581
-765204368
-832533975
-558276742
77616619
-844018264
-766509206
919358520
338189798
-598104418
-854815244
-390315831
752847492
-354896906
188514284
-549255021
704408783
-197815054
665700856
-531941102
874146734
728237363
-875325095
48069965
-784207578
538649088
-484840907
-332508594
-273060809
-379264296
-615827036
-869362664
-319216958
-902400162
-479863458
113846122
-837730627
344563488
389798111
297100622
-463824960
553851379
529109525
962689601
322822974
-6863925
953818339
397820945
-892170766
832744329
-955229190
-418164427
-303156984
-9573848
127944675
976082071
-131588044
-682820152
-273224004
16188764
372617045
789211552
-327819918
572864136
390824181
433124515
102589698
-453387792
-179655261
-486724645
-927425019
-135912220
422873105
97216861
-842518307
493511462
-452226711
-348462313
155616151
-400586085
715354906
-906257778
479737118
814238354
210954668
573891108
128358831
994625270
309290873
-446364378
624766485
882842973
347126192
478151701
886721590
87878795
632330693
-866439834
-451180400
106946821
19755987
-244313162
967962741
876450765
-764676926
-998981137
19939488
-103218245
620661783
-165769005
444133266
585969526
829936090
916246107
-660574144
220961270
-774358701
-559430799
-256854314
105072240
438722255
48425398
-471984796
84096940
-289788984
784486587
-459404813
998502492
882698258
817381310
460492755
-219388542
-28261509
-100156796
-934575069
-266020347
767968202
-978447868
234383030
510784229
592838749
235529276
394286323
-850021756
229954718
-476738078
216194863
436149917
-383453336
-786668903
-433407831
359766278
-104101498
-876060340
-195144735
-895975348
254786360
-438874087
-187877869
-908278643
-148377521
307470855
-708627920
41541463
-793861205
-693257448
191898182
79758991
778759618
250861118
-606556571
-324573668
-100854900
-196771279
849633410
-14864183
529185103
247437309
330069260
831195401
-372312848
949158201
208889430
-94018895
-393395197
-396127011
-789026449
-178563362
-725264922
273906724
823719920
-305096553
439819839
307029642
145047567
-399869291
800723745
399908775
-874612879
40707789
769773024
828178509
187143512
-951686193
568477598
745891747
355940880
-187958549
84048303
627568042
976141308
-514174819
-868502296
706894202
896437980
-336945194
164689243
489234742
996517796
628892158
975278592
108195329
739217079
203389674
623653383
-516501425
-118481704
783215898
455992056
-511862675
-980816083
-359843729
72356233
204621168
193759243
-865957057
276417192
124364606
-793861205
-899598631
-689824085
-23448749
515269453
282898708
320615733
-175678666
343594419
-15959715
816449678
556091026
392252439
-818554990
292962468
337391014
713051452
409244109
-856739625
510163775
998211737
-70284043
-432067725
-204483010
257854117
716799830
772206874
827699337
-425341238
-441846527
-159397111
996652039
-39474674
402611743
-724684283
109158589
437558399
-461489197
-887292373
-543445307
-766572420
304207061
-619366514
701450895
-433618201
94213792
-997754033
183792742
400603859
245867761
-193475488
-278097153
531989074
-554259487
-986591850
587459149
904418194
420188572
936149266
-703399302
-519033632
129752437
-36240967
-458343447
888522354
506189031
-647302092
-356566277
705368457
-557172448
-437318652
36811786
-447101559
911676384
894335786
303502403
-54545017
905454799
575743120
-109381144
-760345499
-805126026
-313130214
-842223085
-421623971
22358733
263955701
-757764569
-942904600
-591995791
880741636
54073292
-877476332
-569209773
182961154
798629683
287322153
-227227069
420566145
828492871
-717893679
468889972
-988012133
710898662
488532562
-271030515
474073800
-154616175
821149985
-622247185
334335358
533118128
-921096736
-502610053
-575666280
-800312490
-360891485
334774781
823466127
-429855588
-648743047
712288858
-521975091
-939073237
-718549135
965854484
-690655411
289343365
-35618410
350695793
-549194207
-196199652
-456965795
-81131888
-96089291
877959227
996869114
-273060809
317312689
345524923
869193530
-919309115
-655171595
367366904
-93893994
-432802296
-284757994
-673630389
-934110474
-936659846
-680466041
160799622
659833863
343521542
843537858
-862186036
-834510261
-114254479
-986913994
25331555
880421558
451511292
155012475
-709532958
-482260242
-925386805
477939804
758266946
217335511
-479677395
-527837572
654355316
134053436
360870112
-278389751
-763940058
-566440209
-368827498
-982850743
657521878
-337565202
342065230
855149567
434487789
160981068
-923478538
107936339
686699106
370118979
-814992958
553322937
-580243236
347504109
821524093
418933847
175632043
-133549554
-290948865
-950938681
456205106
499984939
702175595
-668890534
384768176
-725819778
-261265799
246804753
-193594858
688202195
-628087358
157055551
287528425
212639103
-213351645
-970573036
27843704
550168719
-111578816
-42212505
662619519
227790866
821985565
136792975
664139828
-531713419
519150742
-179655261
455233901
-953055749
-823860177
121171034
-531177017
659505093
163602930
-283166677
-349273492
378651718
-858969350
-519302478
130799292
200191011
-655293778
616570516
281958568
150659058
-165173026
-411599444
719415008
770965752
-346888103
859606666
-296836572
-383527796
-472951283
-427589458
102845442
704087251
-820356067
-420234001
413754409
-158974709
365051830
621598216
-317940122
968353598
578323730
601196905
689565164
-329117643
-408431764
645369855
-391328463
517415777
806057587
-235481289
-640353084
-715468579
-685188302
-366043210
77811090
-309996740
669242954
889776576
424854599
-768750023
-802090311
876238983
144138753
929055563
-812834674
964624392
-678747655
402073224
-231302263
513418485
663393270
710420898
-625075544
163274736
483003835
600650920
-547387525
-707757833
-356474783
-554648503
874845418
891121955
450529046
-389757848
-217170667
-123867211
869975082
-152339247
473903592
655572625
155812892
717543517
-633154777
38261656
705951532
-31213450
-403059901
968151104
-679994196
140288398
-767333492
520710531
524957286
708052136
-555647421
411274149
32186016
849835795
810692435
-841980888
135113137
227895041
119132773
711256798
-893390359
999528243
752107216
-566208370
-180472399
-536623920
-872168757
691113786
545276637
863406315
-430143038
-516183109
-217727633
-103628758
494509917
923005488
-882108513
-250383771
-401307994
-977834202
404048396
896313907
783389658
-118481704
427538366
341070318
852472003
-812132466
-223848854
-186913126
-907631366
-991440573
-860933231
-223529584
-564691315
-801635289
270328370
-448768262
358948638
771216484
672425337
415387296
641182463
729831072
343121241
-524583865
393250225
911807838
-470115820
12863319
931538688
-869921515
-722925925
-415121535
99019350
-39221294
918074061
874583527
-755441247
-99441536
714779999
291165478
-311980618
-148405603
-268078538
865685852
-71275907
278803945
802539208
-81267477
408073835
474423289
-157566561
334583476
-551707876
714527454
-623208525
-83825833
-630240018
794899457
24154957
-577583534
502725864
-65952669
-754769232
-113388551
-210596857
-588340528
819133739
202876109
-98787128
-997017335
-503509685
-55192796
943705104
-919895023
-179920701
793949621
-206581215
-845203607
-999129773
318622884
-531177017
-714127143
-538790259
-747680431
-390693751
-744084898
-662471494
-728469908
653239853
-495294588
-902138987
108234837
51527908
289875055
-938424437
245600363
-314057152
-845479576
-918099621
-144429683
-707479709
871540082
-752399662
-161440250
-974275691
867167579
-725683512
675956167
-772380985
-898391872
-176747484
-893118389
-697648376
-843836686
-850735490
556018869
-302604966
279253547
-358301658
-607272825
551478088
441560949
640904401
-811244426
617546335
-627545375
755922630
-54923094
20353133
-443254661
-871240264
110385644
-742690562
326030220
-127593824
744123115
-618084589
715642922
411042459
859238889
298606169
-649308735
512390760
-940519422
767353425
-190733701
-51331740
-778892371
107250857
363036478
-123053818
-483959194
-225730666
530046328
-900234889
192870695
-329468809
-655240796
-32863360
356850722
436804287
485828788
451511292
-511960110
660617181
-912245138
267820033
-206888839
-861220771
469142337
-378041073
-961323262
-380481145
426784660
-435163371
195279781
774959377
252964026
722664256
-196114643
240022205
-445937536
-653961922
635042344
455984658
282582585
673784931
65679035
-823085948
774497106
-399639284
-550814777
-951686193
-147325097
-884670116
-456329068
114218859
-521466913
-555320605
12062695
-107815487
-948601661
600626959
688935956
-343021416
-766839146
485521807
233835701
-925589723
-919895023
-691054710
991817784
-54923094
-368044212
56081279
-618223287
781393361
15654986
245600363
762975617
21512600
417222508
-441257705
627080720
-950309088
285650589
201304147
937681252
141589527
-349670317
-16347259
-649482823
2548117
626562467
-763518358
-877476332
-76635366
796489349
843692819
-330496968
833507002
458172052
797914440
750997008
-712255100
573042027
-692887882
174490945
290852618
85985902
-166120734
787746536
615620769
63841942
879079682
598363074
-2138493
10127106
84096940
-576742189
42154994
896175149
-192306605
-301040139
247947641
145196136
-641534146
-503997838
887348038
-492396178
64550034
401715337
-371075068
-352218924
73518684
-593669986
886453625
-138190459
473903592
535397187
46298489
-209159059
29152920
-767836244
-322467326
370301131
219477252
510462934
-226420459
-797553235
315512315
-54308961
-115090132
975519319
791192591
678147259
-420167930
87589298
660485048
-131505507
-626636135
397322093
-395816109
-508189189
-49904526
819230897
-901371163
89001329
411672085
-161083707
-404165644
74995719
-21631512
329403988
-141489994
911952339
939697034
960628677
-24374743
316730030
1104649
-631618878
772335709
767091009
909875098
-4251875
833246607
-683515528
-565148496
-77029713
-489348742
-666101552
-364444488
299375564
631454190
-19395438
-22786996
43116347
249674044
548767189
-645300128
767237073
538328108
-813822591
171614331
-569005303
538786790
326451900
746708487
658412282
73113718
-416834956
328304524
264019404
440439373
422902186
-474889623
452884150
-941141558
758478500
206445223
706455140
-861199453
-954378170
951278555
935408839
195811375
638998830
693344969
350463911
238130930
-739518651
218813625
-796601762
-868862515
-84802952
-387196682
-617695049
861439166
-199786524
699650353
929868688
568246775
590462544
-320711947
-240824507
-12030231
973565062
-634962286
-100050053
-313223426
-433829529
837942209
-198252155
346068848
-748882529
-666493897
-715347424
182281399
27117182
-552858609
-364657444
957157646
-76156357
684276703
962799582
-584188454
-695799222
-665872383
-125872428
346394184
215742218
610725061
-461164107
853420298
-869428359
-802872573
-976147707
337795569
889863854
-181686444
947940773
236790027
-58149368
681892222
-963663281
205010043
682137961
730650047
675988454
-931547738
48960740
323560843
-313939235
444266071
798909815
624484040
-446746567
-654859433
803152349
142334348
-51331740
-377441588
391684729
949830461
715354906
-312815248
-127309263
-613094247
70645344
-574202700
-654977840
-238797110
-644477240
-452152819
-724088275
-224121178
724892816
-235881753
-164550956
435536928
-543557960
516300719
415002158
179963815
-439787126
-70186715
98287861
513659620
-755626510
642344208
195880226
-818846194
-297086674
-554648503
-426655147
-792779968
-971667037
-246197526
-70886609
-571248799
660851667
-132983576
-299219295
-149969363
607400877
-121492995
593112890
788086667
105427933
-375916986
-331535769
403113293
320966805
-912735731
848632478
883278156
-535412188
-460289576
196693537
406835512
-318997433
389066967
685278095
-830606481
704374832
271721350
784288385
428634852
-888045064
576863169
68693211
-601913623
-366176732
-696792816
376976544
295542942
-697648376
817906799
-402474396
-184326290
-14141647
-838580219
108032328
768152885
-333452259
-557875712
-248889767
-420030736
-410955923
-142571283
503627523
-725996069
489633413
334797911
114520584
459490818
-732874850
-618223287
-211792622
-303104271
892647552
929464384
329470033
15525731
-820994407
671387179
-461767972
-376374397
961522599
-852808228
-613030490
-976913791
101749599
-860352350
-602890019
914775337
-649275370
188074810
-54969181
-210280858
-139155068
403480112
-837139996
939458211
-755707176
502253237
182245759
-284626452
-782560653
18474425
885092097
-429855588
746994800
-314149865
239761263
-44359046
636619538
722737670
790952504
-620881992
-858849619
-432490198
599062062
-133349652
-519709767
399165291
341500182
37323561
691607866
245600363
-22582528
632969704
-542474188
-608852232
656689171
532882150
143893120
-149440211
-317220119
525901609
429350635
609697591
-141856762
807772678
848891491
457081749
902635647
105895217
804383179
813595378
739125926
275152557
-679165537
47807644
-60988311
-791488850
592191250
-793418693
-599318317
-747144150
205349485
-138244327
-651493998
-427211675
18622724
702158952
-829634610
568648108
-987340474
-8564991
-847566520
-234072292
805777941
-769976562
-23572849
958547676
-915204829
641926490
926873115
722764403
75313456
-114327157
940901567
-219225002
203061267
-125383430
-689984078
656689171
-605201629
-207626866
-581743795
-768978143
-457609364
-146231019
-416465979
-12807108
38547586
-15140339
200191011
686535180
382706576
-342466644
397908967
128780602
886398097
-6148047
218256906
-179264331
-585484552
821879590
847433785
-469300087
-690396262
655572625
-211680542
-501848535
-935069628
-974275691
305440301
565408555
-34228209
-730636346
621160297
-234042291
-843676122
-660302605
-884993790
-746256037
-10174361
-278097153
-438874087
613839377
-835582979
716296069
513477562
-516314044
-345678159
-498307277
1549026
-949275419
-980784225
378694042
-770862794
86861174
-947275696
963230377
115693922
-699573839
925784184
141120945
-796138627
849835795
275621854
8699655
294553212
844804165
-96424069
244411355
44584824
314876598
473575719
-27063062
-18648437
39077066
644279971
994322518
966151772
555416693
-667879352
679248835
888371687
331929898
935929595
550774920
-475666478
-208001802
557668490
914382936
250861118
-327153092
113561229
-405766619
183418280
787094878
-684677726
358808907
-199887457
-88066799
-782888256
-583122294
-667333306
460883536
-881588153
-190604408
-299672358
919921145
175934104
432897057
-106282053
783551242
601493232
-620745178
200191011
6965932
738542860
636286584
-179655261
646632628
-687787414
-657050734
-680966637
278283204
107830650
-981293007
145384832
82154897
-652856889
199446352
-802480993
471409328
-129850739
-493735317
-700249
39845340
792325716
-803987215
230723781
486188128
56666673
375112476
514814954
861553154
770628567
-993121207
-634602379
-745106749
189912256
-571033136
476832416
-76317714
-293154569
-421105228
-518690435
-108010092
-774118649
-829815844
-585580331
265580957
640279132
184561078
-190002308
857998792
-97309402
-92571880
607400877
305023048
-910518278
950555264
449189818
693757617
-394942096
-503129462
791838264
950344153
479402287
494480713
-735813446
-705497014
605104801
-247520142
559240756
31640178
-813822591
479402287
-293600722
220467800
-360127539
-300521917
-103593777
-914118779
-772895565
-211656013
-722925925
-994133168
-188673698
-126317590
868126047
-317348661
-237152622
-723270260
419672461
656689171
463879435
38286898
16649989
-166120734
-820281356
873409406
917792289
506189031
-840149517
745975140
-549167545
371444709
445997064
297714473
914464650
-245494723
258387135
536061829
-99752288
531156540
406868084
-309695838
62108423
830493236
-967325365
491790117
-252887060
591236266
460405378
60881783
459779368
-105526591
277427675
-709633416
-199931921
78709091
-263657210
-239542232
-374433151
-379693981
921585074
-174520776
-647745185
936217492
-244432182
-910953573
485318443
-416834956
299623512
-580101966
421490806
414890836
-873565580
143540364
-194340959
-415121535
-365787807
-119467941
-252695504
-170093448
-808775798
-923941125
410867811
30525081
-201247018
984456546
-566208370
-152339247
-697804351
66288831
-800990209
-233566398
551030349
-465178607
-921994237
323250503
-537451816
-89148325
962689601
-786126584
937472730
997041924
916074211
615498948
-412726548
-83825833
489422565
-666267773
578990087
-849871169
-705802518
-493844095
-997326864
-753060098
-687787414
354119576
-488257580
718757937
537443451
152914476
-537555203
-648441268
-837403724
-93599377
966329857
279993325
350826314
74698074
739217079
-975546317
-709020733
429777683
279005390
735571749
358543856
84484653
422405793
633121541
-597015296
957946895
-321341148
322010895
-512717669
654984592
-4354257
555280685
827995802
-20655042
373868581
485078259
236731359
-806160042
541409825
-788541502
766442559
-462402623
379911810
-922126927
289499562
918834369
924381839
784161169
-196199652
280822741
670188247
879689983
-580429183
106017723
92054336
639932909
767091009
235930984
114520584
-731637105
-202851126
-807540286
-368248463
519330010
-698012225
-342913015
-323315131
-59840378
23461567
882091733
-224681860
74749322
-784983578
939750305
-327153092
-747066730
515935063
-773149326
-807750504
-322721017
830070658
21572112
240554764
132605404
-608046652
499796667
-698242111
-55859459
-390830944
461917977
557059598
-588512814
-865054997
-528194375
-171712576
658593421
-34228209
569591487
242536740
844547723
16019242
268274512
-470011840
646963306
-113688159
-433332795
-973326590
137023447
-157859361
532882150
-430829008
269852145
-300286773
-559430799
678040470
-253417886
-550682413
-471893687
309820549
-444745864
-738929566
407386359
-707426771
238671174
171332029
183697519
-300982300
149114631
7097686
503392343
385702278
398002875
-299672358
-181366295
808166963
-565212378
802618579
20864621
-61367709
-753449247
-436211054
61162115
916412663
-316100276
184098051
838802953
256001965
-579128017
278867268
-318876597
-892701355
-976820854
-568871855
239761263
-276993333
-300963885
-347123108
-93440591
-539477772
991985408
-584303210
827467582
-687706190
-773206120
-509026376
858963803
692302840
-884911931
-17702511
621721971
472055898
-11324886
-135635285
-937091598
-194543235
780756503
-473072332
992504964
896952732
-634962286
200377262
753803
1697418
704829449
662940451
183042961
-117389895
-39474674
-317618633
816449678
-671523406
977564234
-462402623
801936589
-353457187
-386567500
-841191757
556706185
-433829529
-126317590
874165973
-643559114
219331330
-220450318
93525465
936217492
640972955
477637332
379185692
896124823
43367754
281694644
-328408924
-815938095
-758991454
289625096
112685185
962509274
726907601
-176153073
258569000
464985822
787263692
664852515
-696348024
415137487
-866277170
-23270552
770227035
21439666
-81993186
-823226302
-308205756
-361809159
417145112
-924296909
350369231
-498307277
-299002332
-827915286
126225022
346865223
842595435
421096387
97062313
-132855410
-671048246
-532214038
884168331
-665105063
320920704
-89063677
995479199
-177431120
-522345013
-157801933
957804312
673932401
-999544297
-241682312
-816465623
57687876
-29012371
-525542523
172200919
-759310074
541638025
718757937
-373646070
206884290
-208001802
-815922586
629013985
-147675130
501374074
885653582
-564371
990631119
391093741
-199319594
874555565
623281968
118745424
170982325
331812574
748206621
299623512
-907323040
-548288800
-536675400
-809756000
687900641
658685906
628884836
423200260
-882501970
-163810669
-339334136
-784699890
334087482
223810790
936002712
183513994
846738611
-524143612
-229262960
794645630
621014934
460469126
-383933117
640066001
-336432983
-725833571
37169159
-681913063
740742567
786883751
-496151875
440439373
486154180
623586867
-260934069
-780659753
387694923
192596225
-152593997
-732983980
10127106
363317323
184470218
-569209773
100838617
-834460927
-297971670
-207046268
558334089
664025703
-694662094
-155906518
-117819300
-999911981
426055941
-654859433
382892745
926028054
-85090168
115539045
49549892
-370485370
-863695072
-261009273
-519062700
448850094
949891460
-527584268
-667684322
174439723
-588266680
122831684
288981372
-384785940
502798822
680372726
-998351474
-94134805
-928575909
803953027
-574824397
-514818776
-506696864
-816194833
-367913724
89808503
944510079
540035363
-226435570
151855078
923479078
-864966481
766627448
897694726
374124515
36869737
-16745060
4360674
118925658
-220714221
-193923311
-286444272
826902181
412511679
-680160035
-950906319
45260452
-577064638
407602027
-572755904
174796855
364208601
-641158662
88938849
-2299744
730650047
-574258838
-977493746
-628214056
-958734751
54365596
-864098755
234383030
-134200242
352456216
-196927488
666886846
792325716
831037587
440793069
30525081
-160357434
-204066661
-18854983
-495020511
323595059
-96318831
168476214
700519538
-59255319
616799026
253829081
-444286003
984320210
641056305
213408633
-563852882
153431651
-664202767
728678126
138572926
-563164222
191048631
810316295
822412404
939628926
302199181
201487289
-719847971
-729633818
-39333387
-627097
-499055643
317838075
794645630
-217512545
429948595
-163297028
648697369
-164691291
824818680
-595838723
-336259503
81031627
210875823
-47123204
789501186
-611534978
854708094
-301330321
-158462343
-884756816
-806902413
-794279482
154051243
643439867
-113542686
930331794
-792956343
430381409
473903592
-442853229
-446688506
854217533
-668832071
45799892
-908712377
-83640192
666568046
278746133
-498307277
-195144735
-264163029
254975125
-329688647
143653440
-239988516
945550072
-957939100
-801635289
-614009811
-591283738
-208001802
675148778
528776853
-205711958
-905806530
-16555487
95277417
-346888103
-257427175
-29012371
-217861947
234184753
-980512002
228181086
-604517394
415534601
-979678115
251125918
-840274456
256566903
-8107495
889345823
-828262695
-642061097
-555938465
-130936160
-479422143
-253154614
-774489808
-870399335
480964506
70944864
-223809345
38712962
996214037
834514844
352878337
996275974
35829411
-340738412
157961286
72633664
-542784275
877792915
-509621971
555029613
-247595715
40958452
-476836858
521653386
197299635
-590004876
-249842577
993582484
-749350556
-283166677
736981487
427152651
373868581
579830811
962837511
782017253
567478425
228468193
-184997022
945645453
-57750015
367488066
-156907828
-839253687
540035363
-176558677
744008186
-179388745
712005730
801277150
-316277299
-751867896
-793981444
-549472660
337061002
449189818
612634934
-993830382
-257002710
-295953700
178462193
-394678114
-529727423
-382703642
-686475771
524532354
522835841
968151104
84048303
-553597646
-151780919
240079213
54580524
994182852
922332687
-35885638
589030234
-962333607
754014972
655460837
912252901
518115563
-45686152
93971119
853897004
-416364920
-592767672
195188407
820666940
-499074645
-447828586
-804054985
941385048
-475233811
415806211
446439180
753511985
-411518100
63608212
850869235
153486473
-972747857
926711119
950073357
-936543688
893489923
470454702
-391064628
-430034937
904110235
2044619
575907945
564515882
71231504
-238812233
639478927
-64812845
257906311
-5003758
-724470418
-79641765
468213292
525549877
287118247
187196578
-453172597
-381321485
524476553
616799026
-476411995
223049460
633058011
788846281
816356840
478580651
-883172869
-239542232
462342995
757840514
502006001
-629644069
-520262033
-46906988
-272089094
138170078
15054672
727470799
842437699
709668065
-559777763
517254253
854164893
-953783141
-645026728
681036246
-420342837
-675577204
-712455237
854386593
577459199
50465602
338416626
-217335725
-314335443
-374422988
365628590
-865756799
696548375
679687207
-799504254
797757127
-282356264
-929419972
-529670389
609545794
429777683
-671148682
-621988959
16188764
839119900
346684579
-739787054
-108516419
20864621
1838484
-279010225
-168893497
-415726761
-876754965
291347801
-333534551
186222322
329063692
678789072
-760881268
-311367833
393574205
253829081
85079857
-281510501
221806760
350533027
150894206
-309365481
-64883959
-410225483
-503129462
765397885
860513001
-895249768
845710855
274238695
-547896544
981128075
416339582
-59880775
-662216738
-163499595
-189394227
693195736
-15959715
394844942
-704950701
459181444
-665369814
476643766
-884050216
-420839378
-218898561
-554955119
-81021469
-317747672
526856011
804994131
874947944
-85511464
814643214
287951344
227726495
205087345
17461015
192870695
-469370305
664194168
186624560
-719913127
-589960844
288213629
-115020752
374571108
-286961650
40707789
454132847
245600363
148754118
851682633
947275450
558851396
-941564190
-184744134
384036664
85933465
-415591165
863273474
-896929271
-831126446
-636637205
685200473
440439373
969813836
426936109
-272248077
113358314
156541970
-772380985
157055551
502253237
143979733
-106039656
883180448
32815423
205501492
536297892
-649527990
-331362268
813297725
142334348
-788474688
-942849656
-609145542
-299914308
-192306605
-718488753
-459517405
-713782102
-463483437
302476019
930049700
102589698
948728387
793653050
643212507
692677002
449189818
674513636
-337736788
166188079
728793648
-21773907
39646222
944287383
-397983270
-203644566
-638492498
-474063463
-974117445
295463557
216857393
-408661843
-160847944
20132894
505656947
-877164240
-190490976
669384593
-102740335
-221269287
120910784
-388422728
515200809
968151104
952866164
313099452
287951344
652154013
-198597140
431922723
-429686557
-540445805
727314089
-158056151
927704348
-620070698
-615307673
-388024817
-27105196
-538520044
-710523473
-200757207
-831839812
256696178
-163244299
162562263
-315521173
823207332
745089502
988222892
925253826
438527536
-20814988
93542265
510214951
728237363
638756373
374371765
-590719870
-361860324
-653749454
314194796
546095806
974936415
409636791
-993048228
-167244489
655997697
373607260
587121942
-246949587
-457537157
-346763085
434845192
89728693
509099981
179400258
175578612
-119290883
68122988
-572206871
911114844
-615424750
-633357851
687716488
671051005
508326397
629858918
-4874405
-676162710
-878178776
-66015815
452549753
-344958372
277231936
-639411118
-505547854
643016811
202258634
168899999
-82886487
-132855410
665838920
-541983522
27980267
408844515
-778232562
805777941
-814501519
-75507111
399908775
-475083991
794413321
463499446
284698793
-806028867
407296531
-988195053
23461567
-333534551
-652361797
-413871081
16835839
-587243451
729466134
145047567
-50218921
974524858
467752008
-936214200
14944110
-891382210
-761556362
-836609778
25104561
-533106213
418494484
-466746044
669747272
-631371410
-246275918
633058011
-225180572
62350787
-303350354
-392924547
645429840
853019070
70645344
500670741
794936874
228880116
-654958684
700363339
288325398
860998358
-91692510
940919478
-787324984
184470218
872592311
-173592202
190867144
-24809875
-113917962
360203150
61719032
-373597495
637943487
453838422
203090692
-803740139
27474663
-601165310
-49970330
-12489636
107477010
623477014
-307423482
-87065391
-940225839
-934674262
-708007960
935093668
-637630138
533721769
304901075
-218829774
-430829008
-44263793
990428220
-143005412
-114042686
-542865913
-70284043
-903035405
-132423611
431128651
991443372
-354916840
107936339
444133266
-510530885
427223018
347746614
-592882267
-443872629
890600770
-962553625
-998643339
-98136217
562544156
-121285898
-351574434
-379063439
-26212619
850782643
959141772
-451284963
796673078
655460837
657701284
56410834
927542411
-738196913
-932555454
529087749
684089638
40428607
600777161
-836462548
207094731
379185692
744314765
-647605903
162932122
707979067
-990871710
-226227197
-656898091
162098801
195536715
-261965545
418718907
-68989784
-955798348
-141262319
762596738
-792408403
-883736138
-635324994
-15095469
57136062
447026410
-484619434
-8895888
374941333
275946764
-983922619
-401988547
547760228
-861519331
700325120
-173169338
-798684445
-599683871
517803342
-952724324
-199786524
-535312592
23906943
-501886912
-619649104
-907031470
145662536
551923655
-958546625
219196552
220913688
103301250
-498142856
353353160
-315548499
-694177200
749044611
908483787
361682269
-803740139
-693427640
-152191840
904235435
318788056
-551279170
425159153
-505801689
-43348910
-79992618
252642706
-300768937
414498132
-981554273
-49776381
351900484
591516450
-132452247
-173919433
-497204990
909771513
491691285
-608648928
-983187017
-420325015
-364498556
-262563995
-542598463
-640920962
-748543532
764871599
-148797974
-283344509
171425454
393989163
835869550
151937656
-454385372
154453719
-532508582
-632909588
-222370193
83197140
-122533302
386509711
912345054
-719847971
139903833
184765363
743221961
-534070097
-104659355
113117127
-193772768
726614384
-432004236
-613835788
-620261035
313099452
-9514418
836094767
-391064628
948316752
-932465458
-857786453
605932118
857745387
389066967
687709380
774599154
-832654595
-632748531
545773524
-771404206
334039911
753265159
-563295728
-755646054
-682030759
-619008189
-724815591
-363124712
-444185928
556851289
826229210
534688516
747302581
-542931989
177006501
-50379095
-250803555
583729003
-775327964
-703828519
460652540
-262466840
913042094
168003504
431834062
-390119337
-148208299
-854748942
-341906497
-25042452
923291906
-618605584
-920322430
303763869
807291319
-707757833
801297217
80690481
-207175000
197859173
858655596
934671791
-925852802
788450727
703407914
144739908
-383933117
703502449
270502832
-124990199
724322730
480017086
113339751
597467600
-490346448
-667201150
-626774254
-464325389
-459726126
57205321
472290755
-114154592
844659336
-422982945
-663175385
-642319425
-982888368
-867977343
-746668070
409761769
-990102816
540379678
696593154
-449274452
-607220751
-147653770
248694021
765542762
-277904239
-658538928
150713943
421843597
-68181626
521935741
-801635289
168111247
-110898577
25300994
-345640219
-20655042
933620987
760783990
476588946
249440283
850073139
-85531266
112905465
249239972
739427720
293336793
627080720
-768903983
-275434801
636831270
-314531498
-297689045
393364657
-268989485
996275974
-164081959
700952335
-922126927
-835676127
-48451257
697151078
805188979
-484747700
686776345
-914978701
898425216
78945168
-87974628
831112732
764910050
575054386
-353287241
-911744639
764470205
679445596
-648031468
-410425302
-171914798
285555919
648775796
711693101
183697519
279578009
-861199453
629067606
399442335
970440678
-837730627
719250986
-155458658
72055698
-497588256
-172877425
728297914
796319745
-586437374
-804885611
-551531384
-459995179
646632628
-58776681
770773410
-250498387
22521448
-888167813
829558088
-987978930
622970453
-121285898
853897004
885498377
438153109
253494841
-100854900
991199697
602461546
-897141885
-165021471
545113444
-28061590
-554768527
-992655222
683107850
911114844
840877684
543863280
836392912
-522728266
128961041
-795970038
812502803
-882321563
-707007557
-293916453
803389147
-381321485
-26400476
-48451257
-746172204
-494525351
12085355
286453951
557993594
-512226476
234765920
-443717024
93841034
-13880762
376079039
-350361955
60546059
-718209883
900349396
979788070
-698661613
-820194650
-303612458
-141776378
-792779968
-220060259
830478111
-665363006
-199887457
-704405624
686233104
-809993563
233835701
221114753
-42283579
772267487
-303612458
798349935
505826767
317540825
284606989
500863499
21354300
71016526
-250098252
-872126044
157084785
-576260758
584911195
-390133710
625141567
180936116
-135483046
832233468
-351162517
641268803
-327839260
-501602265
-738941588
-531828823
-516763454
81347641
-125089393
994510724
762877701
422357587
694927381
459181444
-155458658
-131114669
-70861195
803953027
799205578
428507153
-232741065
90169149
-52687682
-651347728
677042762
-590932893
-588608065
-231321541
430381409
463146432
-714959278
401650245
-785603746
-659162701
268562574
-262038488
902881014
229287289
311916175
-99236248
499355423
-154770456
685226315
-236523536
-513345553
-724815591
162562263
415002158
278051656
447880865
-48779133
-546608452
818578525
-272963443
205659550
188227355
739838905
886765867
-336775808
-983844631
-350803193
-226908432
-617661131
-990102816
617192701
-934674262
-15959715
359393963
467664074
-976786200
-931437063
-653878532
506189031
-846825180
339427566
-762203234
-309271396
-719164063
-563530217
-585141045
662829064
-942904600
46705541
67721677
677056703
-47030056
705246968
-933273568
758474359
-458049005
212798542
727946627
-157692199
-669007574
-290478269
945307930
432414872
267965172
290962533
-258342499
52239500
-161200429
486297251
439728996
-41678021
13505127
-589757918
888913258
-788742283
-65810790
959355452
614682644
-261852060
534844474
-129491067
-334814547
390434012
163602930
-955589123
-914345490
-659417290
37443522
-808288193
564427924
192462563
-615424750
-4689509
642677815
223221934
677531176
-357540472
958961119
490055278
530122052
-728687275
397059881
863037382
939458211
-672351277
323401770
-602010007
74110359
-904743233
-610115885
336590268
183247340
717133091
-405305363
-517250259
55421086
-908712377
292331151
768635806
-107419084
330069260
32244276
638756373
-261430599
-454254129
890389330
-946775034
362132565
725566770
-88962135
859231049
-124301102
230506509
-832367077
-147536334
670447706
-82845842
-26813371
-156162707
-509174105
-401326127
-750102086
-387622922
-502474918
-957117114
148301829
-787117633
624025136
-277655567
857998792
494070835
222065259
115664542
-16902702
-90128345
56859246
21748836
-587644591
600910595
560681874
109902664
-45281811
-716104437
-330318634
-908448146
-918601427
-326106964
-533106213
189352410
-565322644
-84430135
-371824716
-665323169
816033259
16188764
855997580
728237363
100083201
123228362
-586021841
139287103
162855169
-216005533
-561023330
-895032158
375335741
375335741
339865770
26721307
474992975
-377163371
-446824151
-637630138
-919360704
-685371252
-167518822
164847867
-8621932
147164138
922680540
243867452
-553217125
-211574026
123320493
523394765
203887835
38677053
-665795973
-436020587
140830813
-378788776
-421021801
-113077193
146588204
-873190553
744355449
120154893
-481455023
870300129
873487296
918074061
-941219772
355769428
-172802701
-536515509
-197355101
-630794727
-412173319
-882501970
-813822591
27474663
-270411611
922694878
-561497375
612208454
158436908
-24191196
-593145635
740043087
256001965
-997754033
205754909
14162491
-541308016
473929233
286710289
359393963
-740135269
-914106496
-207854661
-579533838
881637564
642677815
-639220614
381516252
-213642181
-584047335
624740340
-116724930
-642853886
846108968
-42962559
-721671764
341167603
726775627
920392988
-946878230
-549616670
770087227
518177581
-65141291
-160719559
395126592
-680674556
-256377627
-206388340
-749673218
-816671677
939697034
-437596606
-311808986
-285238786
311808194
-531417547
745941555
-612335313
-347343216
-270043012
567301818
824037888
-963634560
-193123748
-447696910
-951472304
-657488992
-832417061
-764624686
202691092
18516488
-318254466
-441846527
569734853
-112836396
-235740215
871877885
720441700
-850901841
436064288
-212644571
285591098
780169331
-806613923
76340400
683534381
-388489004
-970173791
-991036615
890354195
192870695
719707084
-833756823
992944618
471707408
-992374923
-743812556
960752147
55592909
-775522816
769202494
-385898617
213363681
323927453
768050916
-782582131
-530234468
995062124
640066001
-872582051
-610878283
-456451430
-190002308
384036664
144296342
-433999737
-18718932
869862066
-551957760
-847909807
855997580
-658234528
467752008
548997324
358543856
521782368
-170093448
-766223109
-474063463
-73638117
612146746
587032066
832480773
-672111115
-982100999
-698613242
-899309027
-800617570
-657868109
-564594104
-151866614
-342533298
451352545
913740672
-784462736
-194340959
-266693186
-780381328
129208937
-340346355
-434056485
-414413422
305957512
98518434
-917392579
976849411
102845442
36210771
949001653
680119761
298210733
-163149621
-731367797
157369755
-668463339
112905465
-874021573
-496015666
-528537814
-521975091
-112836396
-5233020
131758085
-680160035
935471146
407801104
-383453336
-975973870
-283166677
194356132
855045511
120421607
870162681
926088306
-159327151
64550034
-566440209
548060799
441675925
590890055
-859654022
843402127
-982388664
-959503993
-605804535
554640027
402324527
-321201358
-965222131
-785258001
785680403
227559844
742024767
115486740
-523242609
-670106468
516913460
419796582
-556529483
-479351786
-200841138
-422432907
420082478
-648217110
-382956468
-98034013
378827879
643016811
-189579523
-628740307
247110548
398496890
-19208395
233282508
-702543658
-929467896
-73406290
709959155
498115922
775716853
399442335
-612554890
670071413
806057587
-293473559
-976913791
434250179
399109883
-638294064
798909815
-920049009
474020899
-993203758
-874189268
-20042054
619721018
434551195
603852518
171479304
928088668
164571308
166232369
-134156741
901373162
749348292
455559913
-484141629
-119961650
602703319
190252255
954644818
-139155068
-269461299
-453002291
779071909
490985093
929365311
839631648
923143446
-310341049
-366231409
611546954
888174302
624118881
831947532
937981088
-247595715
774720428
-391104234
468410178
-834914554
-364321120
-173633751
841068334
266205566
941672613
-29904389
827624830
-538864810
-550340963
206884290
-272421419
728397650
965179260
448248278
-681160883
-857074502
-426398103
20762056
-200344779
-133971667
-63143500
156942262
546293114
797261390
119318115
907237883
-843538088
-899088078
880747733
-38419007
-844894226
174796855
-923616355
83447431
634148004
526371381
811977533
-124990199
222230570
222726346
-427855254
639441134
554659936
-51716369
-624533454
345077323
-387535487
-304314875
436440987
-750884868
-272445777
-500292492
173880924
-444113470
-445514564
-521559294
65619038
-945283112
857951829
-476668664
624766485
576522640
-14791576
68055504
276921502
-238653942
262924590
13678064
875478492
-236182265
273129698
-157692199
431552963
-689984078
599489790
108704220
434250179
-572206871
-779568176
5439742
-950582373
-781450024
-47677670
-911182713
-255896396
32807062
-608099390
940901567
-254828722
-311220706
-603734826
-918099621
567209935
-461181137
407801104
-712558023
149780901
880158785
-916024902
-957757369
608800972
-428459428
315387755
885653582
-311367833
424693758
-140440931
-179920701
72958908
-114655923
-475965586
-956905244
787170014
-408592565
171601894
501309918
908440188
-23448749
33378397
539419360
-873367848
-417182088
997701644
490607174
-901249059
-139155068
734139945
-852078143
-15714761
979046762
966568277
-62419987
772206874
-913502199
449578697
988487145
496224545
776464249
382706576
-931282026
-939744680
-238497310
-27955687
-11324886
450326416
188074810
508326397
-353654935
-916818323
-532283894
-382760180
638998830
973908156
518300447
574775456
-109573260
360404486
407543338
-322864146
-692166914
-447635121
598924365
798229740
762743160
-613094247
147351392
-484691347
578323730
755308808
-302095113
877507611
177431130
-282912722
948800020
894538702
-643605885
-129965797
726974789
965802642
-435703569
-336775808
-754769232
-786654170
-812551427
-410831132
972483269
-815938095
-968031572
-16399517
706894202
-809756000
-953949608
59803874
425965991
834563950
-498086696
-112836396
-148247370
-384729379
-927732610
814316388
941552536
-748393337
64801555
976304265
-185318753
-816465623
731914699
-71166501
157745882
489257790
581415114
-830296867
-568508752
-321174788
172511444
-970815828
981723037
-324874061
-907811711
-90733672
-809706332
-308659032
-869048553
524080939
-111422877
778040831
-424449204
32186016
-33181847
-873008937
183146365
965262656
-486544348
521935741
116688575
-301253647
-523035889
-435703569
60610090
976171418
257245153
-421021801
434097456
861606751
-296507790
474637724
-629704413
-810946025
-477318036
796344566
-73911873
-977254935
893673724
-182747708
-244313162
159673825
13505127
-980629047
-410354189
-699406329
-585484552
-959447792
-652165178
507815194
777075598
6058513
-446243203
-711269265
413906882
-74587737
-526952595
-991475378
859702638
-597767209
-955485423
885258241
-232384819
935020762
203577729
579111909
-994482976
965179260
681296635
-237212254
-858548412
728354899
-387402515
740178630
-292425626
-457293540
62068281
514591205
926873115
-787670601
157289288
-572755904
262675822
73718604
-29659847
-169575799
-699132770
-120610940
-259388137
-553346954
888423601
-660776546
537133247
808504382
-378411480
-447350718
40938359
-345640219
-340434260
380378743
-453295107
-203955443
-733947506
-128482301
-990235910
-447101559
18895976
-924456394
-847261603
-917434849
-697079444
-649527990
-863695072
-400020874
742530608
402756959
513285783
-372395881
-471262806
-380937383
932425611
-399974508
-939073237
-673630389
-263021761
360440645
352456216
52239500
977333400
466457507
-913144400
768152885
-586767149
967065676
-440721879
798819585
430228334
-394738395
651897585
41116681
16649989
-285379469
-342012755
-181478384
780298586
816970784
815191690
342919639
-598608989
-400076175
947374897
774035387
399908775
-827915286
479943299
11040949
-962925680
-565322644
-127753828
896655154
790532689
374124515
909549672
26198301
665525158
741841630
-371935124
921217833
-394942096
-949572216
793621249
-802958474
-33554667
-166192769
-500896949
-264217362
-860680914
-973515609
-517381604
626475142
-344776523
278867268
357580318
148058774
726614384
-93387744
-187335285
-601407129
-580052570
-25412902
986617375
11196781
767621518
278867268
67906763
149933107
444966889
582934824
-340212403
-250129950
-462706871
295837065
761728221
-13955335
787205038
-833355854
-528114317
-767836244
-665567631
377042635
-89785716
763959842
-794929672
-481834368
929803242
588207355
11040949
173342960
848511519
365801351
-28754400
-736180381
628884836
-933273568
-938424437
-904470706
-796634993
842849570
-896242561
-439057785
445458407
-251491217
-586183782
-641569536
158888929
516039364
15654986
842287451
-912343683
463805268
516473916
159115678
666886846
-733760570
-629083176
957157646
-927976990
-621526469
29405801
368582150
200658026
-814847227
471707408
683292511
566968938
692564935
-314517552
141675636
362920533
571900806
364442559
291026096
236853684
-759424674
338329
-497022742
-433618201
-802442595
47703241
547793030
70022175
32619759
-296106469
329827228
385936329
409810584
115125381
695550868
-940945639
-632435798
70428699
224065415
-895384738
126882791
10316455
-527758362
726441150
-793579046
72633664
385084910
-427425555
-806715518
141798301
856210437
-496151875
-920049009
-355836601
-195539484
-535150141
380378743
-320613379
-766300101
-418406853
-478915151
144114173
-12734264
12307624
-515518783
137461584
234946728
-437706945
116253690
-7338246
664239669
-619705375
-698951328
89983092
313483909
-20655042
672124118
-953817357
57652748
511652295
-265144309
715354906
342906475
751080150
-123232687
-475233811
-380083929
927886508
-726390125
46763418
712717966
730312058
-516104385
-411376190
991576193
-219312716
-357840533
-800485637
-139951035
-915294726
-941240215
-762412494
506586014
768820373
-709242434
-457609364
227614388
-332747318
-897820654
-807579338
301687519
-464697385
-600511115
-552348031
-862847651
-28631232
200892873
-421903371
538014126
132370033
864143222
-149969363
623817111
852276391
130954875
-475720085
338086285
-472601420
-565888399
-356474783
-559557380
-962998680
-93202727
388872255
236659359
-40565705
145549109
860880591
453784115
610901198
-785399211
-541479581
645101252
195441397
-453907961
-399658647
560938467
-969984376
770336965
148986267
1326944
750963717
-878818620
-742730098
-703828519
551459786
929397738
922680540
532909260
95500753
117091834
-239332384
-715157110
-821490912
421636528
736677676
388275113
-716631301
42309379
475574056
368714452
640100393
133782699
27060156
-849197924
783419922
547854085
764613091
-370652294
108405876
106116723
-35012964
978340437
-809103557
-944466163
-522345013
95786124
705966857
269661965
431956369
-905640614
-981374159
919109160
69010624
691499635
-840356187
843853272
123886616
819769574
-94591959
-275817612
811524954
18559674
-919993530
-165674848
336856362
-601620240
-406579367
-930912980
-907952429
-645982419
-17881096
-688768039
-163244299
-474063463
-777487042
-181686444
617409382
557222195
740398096
507450758
50883823
894494277
-126317590
-470945020
772806637
350509877
-393285365
-311367833
-434929114
-91176887
495581767
499310265
-677624892
627568042
-268078538
-871613835
502959170
-76635366
310870929
137291793
-621229122
-985431488
-845479576
43431968
-761697662
-651932146
-311255837
268731506
-41843836
-63514383
-466879892
-182442580
-612132743
-46597098
778918879
-981781842
991244731
-901943933
-782438231
331498136
621036565
537265336
-957211076
507859710
542095948
-39474674
445163868
-210046782
-205314224
883337785
-823695943
377162672
820870897
-57118622
453975027
344216918
272352554
188267195
180174399
-497732927
371124364
-610075910
-655010699
-2299744
803152349
181438366
-301896116
892845202
-876452134
409244109
392828655
-337460151
-358006087
965309353
-193010762
397506244
897746375
756162174
666548398
994804797
563620531
513150544
-174931745
115664542
-113489783
829638430
120769450
281502877
-805438694
366798233
-68354919
-888623490
-565636493
-473471891
433688238
777875123
-143246844
-550814777
-939775316
253012953
408149393
174957397
480543905
-719236002
-848198163
183316834
39911469
-828866802
-775327964
501568934
488583563
-625560836
-746886831
517676079
840469110
-143421069
-949783582
44785695
543493773
874947944
-318692712
857304560
-476147666
876095459
-906858377
649560376
908668721
213996665
260927167
97026874
-668156532
-793891715
-337096803
979618839
-225068584
3187299
-623208525
122946455
-788300881
-565246306
-761532044
-517510203
209065261
-376139437
856906987
208951665
-629390428
-565983367
-445937536
460652540
17597268
-525044504
-51716369
-120091826
462312225
565178874
-578258664
521653386
435668416
988531966
300761189
-550961973
154800477
332234415
522995525
696351427
732687158
-108796144
-427810914
455485585
-590159366
-78011435
797791561
612208454
303155382
-870090830
461139137
-53253087
629013985
720342448
115486740
373252890
-635685054
227895041
843612192
-557514285
316789421
364033138
723168824
665586726
736197498
240869203
323731446
698590114
-248793607
-805579264
120545704
336638047
-259742832
-185866685
-37891389
865411201
-351280936
568860526
-760062992
723168824
299090772
848632478
990177260
415149918
98160739
-629704413
-555783893
21512600
-20410629
-484446264
534519581
-237531524
-540178294
979325006
-790871663
-120436797
-367622547
694363321
713051452
142940345
427257106
458793241
-413235616
103074860
-536844391
276356399
504855972
410941132
-802958474
-890210059
658341282
977824539
-602205099
660149136
143859662
730802491
-983657809
64550034
-560009386
815590351
702672501
-377185670
954165434
34342582
-503178325
-687208861
-526650614
-378788776
-445753131
-546465298
996517796
-834219584
-506354511
633718802
863037382
556358850
931276997
401136475
817327661
700425495
-709954748
406498071
-466879892
832233468
-658234528
-770629168
-618459695
-926953584
732909192
608545863
977101039
559036311
-743663896
536788621
676239766
-792286327
677213530
-358233347
-862703057
-415653447
189301774
-591044923
892647552
-499499304
644995100
-985734618
-556545857
-680234439
890783249
590443007
589451288
-997058912
450843558
-993830382
781579167
18304535
984625214
958004862
-485514238
96905999
-831109122
578499585
-377841330
-440270601
59329826
-919578377
677042762
-907057833
226164058
-391619005
27260938
721100344
815111969
948884059
-296027465
-715089913
-325475394
798381973
-410732503
284227896
-365960912
676918339
560938467
-281307162
223717453
125627375
-925296345
284861529
-613253328
-442629473
342681967
874412517
-146718632
-925143311
-295679307
-58650860
-197815054
854094151
-885747471
-875138390
-347261843
-349829263
-622887828
-750986416
392377477
378549506
-483739002
436973915
-314303993
688337502
164991641
-594238434
354262751
-25718782
347746614
448623591
517415777
744218079
-405972803
16545351
297910803
364409580
-362002097
-803987215
-194911150
-458178259
970040627
-967273835
-240506286
-464635858
-541818993
199111723
-658698084
-528537814
142767962
509457159
-39791227
263015799
771216484
68122988
922195694
579735476
690652005
-275107566
-486948872
683107850
-336277742
-916818323
539087836
-990713772
-119082963
639407694
903582229
88831687
-688575700
-644477240
-243948362
-264879750
-87284296
514616328
305064888
-566881429
416733577
441802351
736751124
-526617359
22521448
970440678
-101492850
340175730
-665244654
-699226656
341705187
720441700
-952452105
-790024040
377395389
-849197924
795781198
-472601420
557356986
835595473
933908379
-762353192
418304885
-748315267
730395405
-439199555
-398477004
443570716
-774684433
558393964
499745096
390525595
121171034
-889840047
885092097
-900510571
645279374
718663051
348577291
-887779040
572119395
-430549669
-819142856
594748021
950717495
492500342
-177585206
709175544
915794114
422873105
-551726867
617969915
-607447623
-511304146
568096078
-119778323
336052807
-545593277
358769613
-769371489
937472730
-391766752
744498983
995966790
-262868243
-843713093
131758085
707064759
390264892
333227457
231705211
-105359659
-519428864
-214215647
293223233
-245882473
17847906
964051655
930506262
126842163
-689692366
233282508
-766791539
-520966089
-529460031
854708094
-298571353
301687519
341705187
-617530924
728237363
987337716
-884050216
148200987
351853971
644511305
656449945
-133674403
824943673
-733096850
660376473
950692816
874116827
763896329
762877701
-292105151
-377620566
767044337
843435183
-451180400
837486060
77355632
361345249
-599629635
636619538
523394765
-155819967
17461015
-943696372
934297611
-122174192
-511381165
-51716369
278498346
-770862794
-16168002
274995476
238228586
-427660740
-630324180
-854068801
-875211427
698562520
493552779
54004863
-417504925
-851935919
282417629
281839673
715207526
819230897
877275143
973707727
-15410418
632310364
-462691456
-650849773
253657082
-47805800
-314674445
644721711
608800972
641738406
-985280808
951929661
-992971062
604703804
-68989784
350348340
-87814879
-762453800
-876156574
422513049
471943517
298210733
-892447736
573136480
315774264
-390830944
-516183109
-904470706
-360445686
535065568
626242699
-796368540
-83825833
78609692
-142069352
-535817618
-79947176
997740329
-868952352
-947275696
-446364378
502959170
-627850517
-926718071
-103628758
-721319132
-549366619
448012539
-233479073
191264441
351383710
684276703
299254580
-648217110
-746562400
-153646081
-887008050
-305576173
-761452316
160851415
-235921377
-550814777
306939614
-792465444
-738196913
861215600
-555938465
182600198
-383527796
-59043773
-327366469
738866066
51527908
354595828
341811912
-938938
-636706566
430381409
-443643445
-41418187
642677815
249440283
507173054
932251685
387950300
515526051
799444408
511504302
797678099
185476195
724825794
-587846336
761934199
-721924578
-510319007
-243841273
-220843054
318029847
-549616670
-302259434
633453321
-708245872
-446930653
-411376190
-169210323
793039866
471327337
395746845
706197924
-846322008
558446669
-10488626
-153724267
706594908
-64883959
70428699
-726873074
-420415136
474637724
782892996
863355907
-689232774
-559777763
129699274
522575205
-165173026
-297010119
-187694149
-436592618
-338985635
182202738
190304375
222065259
-324999656
-152284113
147486579
-989086629
-680466041
-333321280
400527306
-117001655
801152418
615620769
101863899
-257977092
624440656
147351392
290808384
828317579
996789974
673228851
-291521210
-309420612
448727865
-329856646
-17202217
587528798
769773024
694919126
-717195126
236473521
19939488
314599606
718426857
-314270427
-71440859
119005869
-46486398
659833863
-947046576
686998996
365245048
-421930989
553216900
627739037
-851019543
-268989485
112962788
-240674353
-64072275
-317220119
-890604318
-395753438
-848131783
279578009
187022853
360404486
-517116347
-52767437
460731814
279139401
-698012225
522390948
545389745
250447707
-420970989
-588696611
706568932
-906433845
489179390
897421912
-430143038
-903301467
542649767
-253417886
703146480
-747387087
-682686510
308365699
-914118779
-322809427
315454319
27117182
623947689
525858259
-557541957
422927077
-683678101
422902186
617868005
360203150
844983346
829487730
460122145
177500567
40754402
-891821714
863355907
-194688884
-762850941
357069521
284996217
-903452008
746708487
447026410
-121387815
963332123
240619191
-616064631
-77882495
-540619942
515269453
-414564134
826229210
942732670
609192102
-694856413
579649414
-939073237
21068665
-560548524
-984198836
-605507599
913703643
979239209
222362413
67077728
-764267831
626475142
-993458708
949673672
-830943807
962689601
-105178983
361799138
557222195
-901030886
675217121
637661254
948642749
150041316
745140064
-16264970
-648045591
-757534149
-460377155
-904470706
-374536869
245314755
-635685054
-760925080
-192640235
-692166914
744498983
204621168
66179934
-959615682
165667430
887467144
-504748341
-812551427
902099124
449357173
263453446
110052577
-228835148
434551195
-825142480
-98720633
-495565489
-175786844
-673467090
-323769795
-118720990
50255610
-819556592
726008000
887801234
-851776563
661708563
-455862172
-634602379
-556018673
931397725
-66466351
56698565
315017508
-125013837
-859190755
-99641644
475300715
895812950
-928108683
-960353877
407113041
-45320380
-622607377
-814884213
-983970190
194247488
-330251792
-313738134
-659506772
545484966
603253057
-152824647
822675561
848470962
203849917
-181686444
-88447683
802409495
338086285
-78219924
-993330718
154180909
-937773122
-599198926
656201694
457768597
478258186
698795272
841284374
480285738
-206292052
-541550967
-225554787
-865446860
-90871510
-262808719
-637950544
-761452316
503828101
-264441141
-454527221
-324717778
-279925057
484967011
477725085
-476147666
-743343355
-716016155
-764942408
-765936403
554286959
43367754
-342760868
545113444
-716631301
-695622615
-750368647
-811746210
-333137334
-806727840
724412655
-86729032
-827215372
-123985378
-788341285
417563089
81752751
491559391
-941428890
-217133365
-152191840
-397634783
73155739
-806762907
424031532
-467753707
80221086
-867221082
888598179
-608379202
216351457
-11833620
112017772
-352301548
-292784326
700150550
220379417
-762083430
-729806565
-759810090
556627709
321709055
-385216602
-586823619
-684791802
842206539
-692838389
323524252
700619692
-673376950
580047618
304756337
256566903
518115563
-453565584
893919498
-693353847
104577483
-803606061
860406255
544268917
214281626
-719692823
-592383564
21169759
259022396
-175472207
326398412
-316451268
856787757
932251685
-976056575
226164058
-45064986
-520819777
916612231
-512542925
279253547
-29012371
692564935
87414364
238976717
67869508
-752536748
493926480
-360957614
-841191757
-24191196
538949882
71016526
504186885
-605836021
162478476
568702872
-585929114
114288467
-833465092
125137379
471707408
-304157217
230690101
672660615
-223848854
904466944
464123154
-818846194
684436250
62937184
-728017749
-643358251
-4000016
679248835
-782635115
159967596
166853168
982737226
-692166914
206118656
510163775
-280849070
714779999
741309957
186311428
633633591
-626161810
716938516
216071786
-351280936
318000734
209708747
249239972
959355452
-884490314
-37163339
-163390385
310633034
-147981108
-121285898
-306027906
977790579
167663014
5379413
-640920962
939213446
-243317250
-603279073
973002341
137996426
604380785
44680640
-471893687
657521878
-680674556
538949882
-274544210
962894270
791192591
13678064
780169331
-925336548
-131156621
397506244
230516118
-143467550
-488885629
514522140
-658234528
-578848318
-791738910
-474063463
-18457213
119318115
-627369909
-748090428
290808384
-760443525
997426161
69760424
-298337701
379449303
874646934
-578904283
-120799485
-863055769
229429670
-755707176
913530332
-530574396
-500481228
-424280708
-387723905
-60021280
-7417528
-283344509
626950368
-515527960
-450875131
-343823482
535820166
-695518106
460007173
960411823
235898735
624593561
842285233
-332954705
-746628805
-771122814
104003324
-447964051
-203170662
604733069
-35012964
-585065402
483172915
-90128345
-630215636
-315504324
842996848
-722021961
-809103557
233693598
695429320
-488960240
-979991690
-490403405
-520146095
305064888
753511985
619053226
126842163
-640061461
697607802
99489992
901373162
899455904
135575341
-315548499
858566550
-787087508
-715551368
952453345
915076057
-227260204
-7166101
178226862
88657631
-566981335
-199983293
686998996
-886455855
984778944
-868096113
-308576606
181552044
-309047752
-589359793
-383348703
421699439
-92971715
-432518812
545902935
-163312296
-453610847
-777642827
-503250328
521730262
-345383781
211495875
407577957
154897104
868390584
-925183884
-130054894
-53875929
876902690
-355836601
77101295
17796202
243508679
282791112
692722578
993440338
601196905
-458427053
288325398
-469026434
643439867
-855307321
-850735490
-658584752
466366392
66943355
146015956
413028272
-852633408
-962706017
279349446
-553974085
313606858
80690481
551459786
740218650
-17655016
56081279
233324391
337663017
652503637
165172401
91821766
-988804868
408966888
-631585758
-374185088
-745034277
-681398653
-787887854
-213192242
470454702
-184540729
-165531121
365245048
-765463747
651133502
560399102
-602517782
-104715885
-158776862
156453187
50625044
12307624
-650732763
-574808939
-17078308
-232679047
-916413234
759838161
228833664
915305698
-703166436
-563440220
815481340
-921483100
267747844
313982050
-826172090
564815717
-464495452
-428611961
-521005398
-476668664
812270650
488820739
952266884
-405459722
-903826683
-571595252
651897585
176777414
-247537204
-659646895
-188673698
504855972
845525244
-466879892
-609513112
-952282231
-12548688
-756162266
277442600
152623474
418201651
335779748
816554197
6460843
885161943
-838912140
-515527960
-748602090
-58513973
3022841
497103581
-952452105
839619071
-10767608
947374897
-923478538
277639654
-469300087
454239128
-161107162
-106429125
695257597
259911762
90390483
-436020587
389066967
-901113556
118572167
343521542
133409045
-957246154
-645477266
-954541150
121409461
276655357
-832785722
-984810889
548246959
852528377
918384189
354519567
892998184
-185866685
202087662
504855972
-201052872
513477562
540495401
227614388
-12068156
-81413791
469611092
-342012755
100378299
-110818365
-410225483
209803795
45722497
811084455
787170014
496051832
-97864924
-159397111
85153196
-484635146
-72534739
786597058
-961323262
495185401
-2758095
-975973870
-626441279
12220
-31550405
855298397
-219830420
-837503115
726008000
-449910569
677042762
-830042685
-565322644
-923831425
944034359
-252087072
-994363790
289343365
-460790175
449578697
-603655217
258506385
-357840533
454900997
-218669333
-400586085
383519964
315307869
-52996946
-640984020
951374356
184183470
-312431495
617868005
-241066981
796449535
730961210
-655489839
261658180
431083295
-800184366
938262037
758266946
-830943807
-223349862
160556652
373132595
-430998105
966006143
-686535205
449984022
223810790
65679035
-752630137
-698868012
-622247185
911403750
286154871
982647895
187143512
657278541
737077932
671558110
909615150
646266000
-725833571
-910941823
904705252
392828655
813763948
-524219656
439728996
313005486
491332440
-898594921
765452943
-62221262
-323919648
244050663
-267245881
-258128829
-415788108
-812484203
-835883182
985986580
158686825
266529401
-354085527
-485343858
-171111608
-425376997
-161440250
784581856
-239115592
129208937
872072031
368863753
601956817
-474063463
1461248
-500292492
-908278643
-793755070
565756412
353303497
308129792
121171034
-884050216
-243487181
91475445
-646596068
-551279170
215354850
868214296
-538541815
-530423467
-680674556
-89596493
693421497
748077044
-771707120
498850003
411919818
975459964
-334747044
425285742
847674304
-787203702
456205106
434728265
670447706
-991298765
995498937
314599606
743221961
-436622748
753992598
316239443
339080977
263273713
-546898609
-816465623
401902178
881785096
-262500267
-260825437
-147981108
-759810090
-439346532
-758735058
931649935
281917375
-280095558
896313907
996859760
802539208
720154790
-52767437
-380381138
-868650422
259476068
-352301548
18817409
759838161
320859765
546349703
-694035310
-193042764
473064573
118751811
-524818937
927086540
65127719
-312862751
550060200
-675317218
-983657809
377315574
242583441
757164680
-289425463
147958949
935471146
593159158
454278158
470593939
985775104
-691435670
620462721
815849476
438794383
-168621799
-959503993
-669340945
263321101
740398096
-267571597
-872799608
406012778
-243768482
-938005166
434097456
140233677
501090619
247880354
440876873
-566863619
422621451
397506244
114985462
160022683
-153949560
448012539
142116760
974629422
-416148139
-129491067
-583380629
-369321565
89001329
-139814550
33378397
108934919
490985093
-377313225
657949203
-232384819
763548461
552957340
309406501
-278842380
-572006670
-945320283
-284135235
-713472922
252964026
337391014
946016509
-708884913
324103498
68923528
-984068394
-898520279
-998619093
215354850
985804142
-737494867
-253367030
893515078
-682653334
-791291006
-518330383
131444131
-507913517
454762856
-62319653
715642922
755008614
345389804
-405704067
304546788
-206825945
734763964
-9579523
119132773
-437318652
196636014
260293856
154152157
-51049671
441675925
976678458
128211092
994675192
-433829529
-252407357
921872057
-951982436
-661960238
343316571
779429139
763548461
549117136
89041825
436869933
915010539
-352540744
706568932
911555911
-621548099
130138126
305440301
621160297
122777711
-658584752
163274736
-692080149
153645810
582170731
-877845398
-99009321
182961154
-127346452
-138057447
670229010
-356370436
740043087
-869428359
823138092
-632179621
-191148251
-717432645
48696152
526047161
437412891
203330101
433742656
30525081
-689984078
-166996759
-142760068
412480469
460405378
236798493
239985005
-557172448
943064366
-314517552
-331031336
707795830
-246487460
-901030886
-26017395
829027704
-377797671
323927453
-6491194
-462818559
154947697
-898204194
-867154077
37636555
-178272409
478709497
628884836
-155709294
-574618382
-415726761
-659506772
-27797106
332047224
349233394
539939571
-60299177
-497856486
-190128303
-761882474
818416789
-710232822
-707966676
278937045
-606252319
-734213943
205397544
-693080202
350243472
523173116
960246082
412511679
-211887296
590795440
622432475
408409862
-771867678
-628214056
-841531403
960140352
891245954
-54264857
-197355101
515885119
-858335354
-721406841
837807730
291726985
809196903
925614827
60610090
578213887
75895709
-353654935
673348942
-565212378
-256090558
-804885611
-585782292
-462059986
-360957614
872024436
574775456
573474632
142963581
105020243
543982699
-946165086
-708627920
722511256
21068665
859358769
-547346012
-191569413
89334734
981202188
-614229023
-809103557
-114423918
920997906
-617060114
307260358
-189267427
964798422
186057917
-461687779
386509711
-430595793
641158678
-606266400
594459810
12863319
-593306161
-209549479
224528143
-848513291
-13023786
745445111
851543571
160981068
639504878
12145863
-909937846
262894275
-35580586
-533983122
985141565
-953229697
5706681
-21254614
-106539923
-732390302
401488278
-919450728
971595939
987905667
853659372
-11446206
857062711
-37398002
14162491
609929633
146432261
789705780
-507691139
851713483
-780973803
-905806530
55592909
847552277
-387535487
-925386805
-114864531
286757112
-840235854
20379096
-689984078
-63394185
280351017
-626271118
-172802701
-631618878
-809932473
-121191778
548767189
-355275923
785495339
-626441279
-543850233
-574423628
851282548
64373839
104859971
-387064218
-395041748
174067694
784943633
-104612650
864988603
-413052450
-667567272
367016288
-261876228
428956891
-440328760
260899643
-426169253
-278492453
905815448
608973931
110898571
-763293747
547419549
871540082
-656681788
-316856275
-782067160
746190727
723709704
-34116319
223810790
-594524842
876512051
-716484459
889718520
837807730
231165638
-573689011
-826701653
672425337
-170056714
-297086674
-186913126
756599796
387609713
-177542400
130260537
868997193
-850436989
293923923
244798877
619909751
142116760
-552930222
307993348
-675080497
-302839933
-920199931
193759243
-828644559
112543377
674874789
14976976
496105440
74850653
918577077
-143675747
-859448721
504904151
857574295
295078511
-422643634
-745983214
-736667993
131506742
441870938
747123106
-993203758
912469009
-67741007
19144022
-668288790
233247988
-907189029
-5851005
-682290367
605658362
-398294373
226534082
958651845
-393568360
956732166
-590870913
807132692
-451180400
-209549479
-992348988
830875377
-424105877
513477562
519150742
-613708786
634481617
-125927989
437635651
831037587
-997274990
542018482
875576283
-177249108
662829064
91655838
-439559985
67077728
767091009
53649048
-680247876
-447101559
-181912133
721452738
-257837676
16466531
94220253
587292868
-898981948
829806661
-63735421
191048631
-386989917
504485410
66067548
-509672438
-323063858
-123161961
-905192530
-551957760
-454254129
-148495609
-994703662
488188105
-579005588
-49922154
126842163
136564121
772765775
182496302
-199737852
661174945
114824766
739427720
778724413
-506670478
-592442086
392377477
-724662093
517621618
775441509
-574824397
697607802
-302788724
143342193
837737854
-415788108
-4580382
-786490094
-712071458
-560800675
-914697736
660335707
457587741
972393403
728237363
623845681
334145370
867821937
570179441
-330739398
-794615666
-908418253
660865470
961889193
616836049
-359028344
148372526
-61122884
-811396595
598181082
-708007960
553637527
775441509
192094906
-171735250
750512304
-874560704
-584262954
-52748178
-860516334
904235435
953676868
414934952
-847407940
-236778480
836528581
-58144660
901999448
511652295
-549983382
-727963058
130826835
-121676789
952593506
335168590
-655694562
202565934
-552930222
-52996946
-579920687
-96318831
-604292421
-928967965
44400777
156015250
271573027
-925183884
697448417
-231613170
-851911554
-169012412
-208396652
330895429
-315147339
461456675
-75773598
631715900
792594679
-955833235
-945608001
-140347571
-813578706
-707757833
203389674
-234840927
-228597438
-730696674
-728469908
-262020253
-715770766
-869812751
-898492222
-514907450
625771332
-65000291
-470011840
813289136
22381338
967554256
417101296
-85090168
388322853
510950931
312561602
393574205
855232254
-69236124
-993788992
726698391
53244717
-626894377
955786183
756106660
998989945
-543348998
-307522562
381125109
167227865
546349703
-473031470
-836957236
496544738
136792975
307978492
378383393
-402247166
-708948070
-676162710
656221772
673568566
-837251411
-877164240
-934575069
70645344
-836106818
-206697078
-581961789
-280814384
687071643
438222824
-338888385
949017279
688492652
-580115636
617677586
-285379469
537683674
810405233
-145876564
-112836396
-210794589
-270562568
736315116
520078848
-882644555
679284657
957946895
-314149865
281603254
816033259
-993866955
-212137929
-501227557
-300357200
-36291897
-929783740
-564952986
-500938977
75375778
-564122093
-964498203
731621262
-551481747
836094767
-945422090
-344706988
-439600755
642004760
299546110
378952411
478059056
912606676
836434328
436869933
-331621444
346394184
675327626
-637046542
-408485661
427879202
-102856849
514752440
855538038
699847042
-290434830
-963035487
13678064
459354488
716662715
-325592489
199458755
-912867064
674503325
154152157
-778649873
-300286773
519067840
483314679
605766574
378760420
-236523536
-216804445
-256906605
-927261973
410682492
-931437063
-363124712
-919730947
-35012964
-214742947
955342037
-863055769
498991870
-413173979
-377765317
707012961
-342141488
103494383
508526178
-909678207
297527806
858299987
-26017395
973553826
448558565
787526134
778369623
744940472
-175678666
-731367797
-666640068
-95926947
-143785495
448558565
-643005503
-342913015
-309579006
-287677936
-14784116
309857241
-398149994
729555829
-166329413
640493820
124517951
225534733
-886773688
706894202
-79641765
974388006
-620630453
-93761254
-619366514
-418190160
342393669
307260358
271302112
-487242614
344919042
332547356
-242759012
157195046
248184813
854231733
455404139
-386180527
-221490493
713887537
342906475
708223588
-701935076
-62430165
497984706
-865784786
746994800
-423616466
985019496
581675063
286710289
-503389960
-102971563
854813826
794561981
-139450832
-483266169
752966768
-76015282
-676451569
-589584466
-103248378
185035486
62259731
624234537
263498000
-672381829
951278555
-670017871
60159368
-497761753
-117156178
-534216362
151107902
-85759205
556358850
-158155468
-123232687
-178563362
-404068525
256677372
-133231109
-394199243
-623039554
-992602596
-881974175
645609608
-994753118
319575161
-746477009
304335106
303363670
802728511
-846642666
-375645281
657209127
607400877
-952824844
561802872
-317618633
-333694587
147568781
-772695490
730527911
-198360533
-152904828
418396680
-584797845
-436895983
-885595040
-5003758
-60964048
-833447140
-529949907
-688768039
-527071026
-367334632
537015899
87475682
578323730
452117449
-951472304
276498787
-764189085
527212878
-674371422
-26098527
-261208091
626464496
-618605584
675899262
59535261
-762661020
-166458107
-94402183
-295281205
-574824397
683356482
573986119
303559716
383783304
-667293161
961522599
576285011
209528245
811757105
-488960240
-289393993
371238117
-642539744
836652781
-644744720
689786537
-249089315
970451033
-521466913
-47529875
-194057140
-849484684
208831138
607736696
-967137930
-145476123
-735865570
204540447
762528364
822443097
931227152
-763101156
723819075
-491421754
-7338246
744554788
-131923474
-454921763
48696152
357384986
-314840759
-522873106
-272531773
-618040308
427538366
181512292
971361763
897954018
865847556
-840400929
-580774979
374798543
-252815873
589411873
286383922
-975349763
-884756816
822443097
951213206
206239154
-944681990
954569843
432797990
-299672358
-584951817
327681401
-132135405
539880580
-757135829
301882422
-268257674
265486734
483522763
-436482774
504112258
672771171
-462941417
709293992
-88683307
-640675527
530811600
-145294423
485007350
219196552
-353355463
-945912924
113117127
97158375
934592928
982737226
736015345
-969967507
-973916514
-686842591
856196230
279253547
294701436
832744329
-968215064
-521325086
808166963
-826328985
887519167
924660388
-729515518
343328396
402482975
-806762907
115486740
-310097749
621014934
143056961
-865549776
596728997
-99080016
159307437
-100926513
913091511
-282740639
-797456496
-271435382
252777990
-361947548
785916063
447281772
-218898561
69760424
-746390336
659425368
181993925
668468982
-373688231
-396641336
-782067160
339539335
15743285
587930591
617425148
466223186
931397725
515378142
878063546
981202188
584442574
-48451257
503319772
323146072
809578190
-504382317
-63735421
417819411
-825759744
949158201
-352269440
800073222
-605331124
-557966677
450204914
-128140105
-598474894
-95755762
-355750335
242440902
984407892
433471964
435146878
10160660
-55512612
465715043
-454183082
-63514383
198157898
204846718
22690270
341811912
302781211
215354850
-260406356
-850290828
725883174
-775163675
-960835180
808896955
642058446
692677002
-83640192
956525287
405262974
244823254
280207210
-941349309
728600097
777448689
506586014
453784115
768596757
-146595329
-857218192
876450765
303654048
212395249
-208623294
-906482518
283451554
600701302
-896911918
-3326235
801418607
928618160
-661579809
656092652
270961202
429091164
-950493688
714584114
-504748341
433921024
-314057152
963518467
4473850
714779999
112809791
586653466
71396396
817381310
82529171
-235022531
536153345
604380785
-951813047
-24910714
-636171261
-932940164
-538422071
-629644069
83293468
-208770322
866536629
622848338
396958368
42754602
-239685656
482761076
39077066
-855105893
-225730666
-703697166
-723270260
71338818
-16985042
780979276
445060413
645957269
-573796006
195386001
42390490
-100156796
-671075299
133504227
856787757
542095948
-271090718
898695458
513563444
687161176
-507913517
984906917
963015789
-745983214
-233648234
718126094
609545794
765960922
-678467470
780487529
849835795
115486740
285075389
-408043134
821247356
772538449
88989605
-988369647
652455226
403516030
791323764
-466287753
-707235580
474637724
164047295
666407976
-179920701
599983177
-498307277
702593784
287322153
287528425
560832963
-947046576
-212381385
-134200242
-483739002
756515215
609247990
-21989552
-327426065
369546874
-178629852
-154409233
724235113
84236108
-596939720
-856999800
-31837754
-917581503
-945036981
-649308735
204806682
554968021
318000734
-858264922
16466531
915700247
458420106
281330619
-712956177
152398544
-49970330
-454982816
-171175095
792434936
978118457
-869362664
-479735194
745261513
-279832998
651760801
34554552
591236266
649544755
432727324
422146053
-945524048
332047224
396521692
118572167
862050682
641533317
233769434
400603859
824167738
-933123379
-562435627
192617987
745261513
-778649873
665525158
-232679047
32048877
-901943933
-836609778
198090718
645369855
-306740547
510163775
385372982
662829064
543117543
133033327
223438904
-735936556
-573602100
935120051
812696664
194004313
925058866
-282775245
-808422867
710898662
76584954
-163390385
103408316
696001364
-245232746
596728997
-118827606
247086
412916008
-377679770
-999299716
-900324315
780539720
-131864951
220559858
-92882162
353776751
-402825759
391019600
-925166396
544627717
968453010
15152554
-707543910
-435703569
912537739
-340262097
-316933565
-542306978
-912256977
-955229190
75747359
745089502
-326233971
-831622306
67537578
737997357
-907437673
696351427
-736903465
-589193860
-47287173
356502134
-235740215
146470444
138488440
431128651
570179441
-752720298
90849975
672943648
-368521521
-697494189
801297217
-82192257
187510514
-489944232
83509606
-916073688
65341676
37259107
238671174
-59255319
-81529316
-188179418
880495763
-656114356
-726488927
-312500247
557853978
-240506286
-73008228
-473747260
-796783693
-753658823
-753414736
-333534551
-335239292
-823787354
-160363165
-991847269
612146746
989501637
-615783337
-654362795
-853441101
-624478480
410253963
-545848783
879689983
349618227
-195144735
70268240
338189798
267414222
-334349242
-589895457
-924312168
228201175
-529243000
735425880
86332577
-856969871
-195125125
490655510
-302351876
-785359222
633350851
-627545375
363744384
769127547
214308481
-37647955
-954219908
954998065
-340468772
728538146
-849257991
102267588
-391483446
-363124712
820506262
-569209773
-299402235
94486115
-172186534
-555320605
719028393
64878130
39077066
-467518421
317524095
-99915870
-996309879
450741376
-938245082
-351513310
195713521
918926728
-72331562
-755646054
-181686444
-311988301
46008967
666456438
724454791
221748048
722440134
595239289
-481780655
73767143
21439666
-461415760
-6395301
830282928
689565164
534914602
468761616
42670441
-734124163
-617530924
743221961
-623382828
608285446
296140677
-390349226
-832311040
-755809371
527700140
-500692673
271318110
-97205821
-204407136
170392462
-506629676
927167043
-661742966
92331347
-917839770
636342465
-314947552
384557484
-536927466
-803273951
-382579293
431361051
-325972748
-557766666
-985891254
761398026
425116308
180279164
-325206164
456549139
-534299562
-500959184
-218206841
-172186534
-54477937
-117389895
162797501
-896820732
588903623
-614513063
-600099905
581062495
-469697403
-597526620
-762270000
394020293
-9767673
772206874
-475693259
-341113371
794325853
303849049
562738940
42456317
-868096113
935734010
216642059
442116893
785513659
451652614
721679189
-158408688
363566948
-516183109
936367125
269208427
-62608049
747183799
-238576846
539065152
851978448
-761697662
5521135
735425880
-494405125
-975158838
-950817369
536297892
-433085254
-728017749
-24948141
-995358656
-946709025
794561981
905454799
976182468
-752158685
-976751396
-358768050
-299105153
-958955859
-740502734
-664800849
-164691291
-304246730
758550941
-908418253
484242593
75615489
469104391
-767920757
278662521
-47123204
110202784
-92971715
836614637
546951544
780064633
-252024787
209299613
992207907
-543445307
-155968172
823741257
-216876480
-164691291
526063935
-930768515
-693441962
352298278
-977685258
-628188596
212732128
800710085
-342421543
-253417886
-200857661
-296150919
-902229016
975278592
936418874
-621122482
254007565
-41099082
-272248077
-260241135
553933900
168347731
-844502165
535222622
580047618
-572391617
955742023
166555088
-233630241
678963185
670379535
-679763998
551701068
-372580267
32807062
745696671
773511005
665123575
17239123
266529401
879021340
-105068369
-635145526
-498871995
-424117084
-432972950
841004468
565224581
-943365170
828500308
-32818282
-385216602
85064362
706083712
555416693
936467093
-288963343
-77573424
332676247
541409825
196636014
196907555
308677871
-587644591
-101878634
201056798
268690859
-333978146
-741138141
-93789636
-972993784
232452595
-480527819
46466675
-410742386
-541550967
-593250960
-683345926
177211840
853077956
-208001802
-978739476
114520584
908152394
-527243411
164991641
290826053
-677366298
-708948070
120421607
-543264434
-758489485
837737854
-690655411
121342184
648144072
-713337834
946092634
-483895565
999418266
102404976
-192575046
748547298
845710855
-55217931
-237660983
-646596068
-358558400
444792906
34168367
187322783
727053348
-382472503
723168824
657209127
543781062
283485479
-327153092
-381321485
560557589
296386540
966151772
513659620
712005730
821149985
595617284
-520091694
-610235367
-913985229
-532508582
210513263
-591391329
-184326290
717797052
-724662093
814316388
-945912924
157928148
503627523
-725264922
352298278
64844680
23195225
-768950310
-133875360
206149419
-685371252
378115162
-204934752
348788856
-225906407
280427449
842484324
-515775944
860786003
-228441827
591316147
-376330351
-533106213
-61092853
734838233
-575666280
-192762862
-614821003
177628446
218589628
584332123
-248422791
-184068937
820053115
-519844506
191517168
723211821
455559913
496649464
769638437
-283559604
463540597
668270498
-548063333
-160572598
-837251411
479284648
-103973269
124001094
686699106
718126094
-808965618
-5950421
-292052492
404966560
-402442898
-439958947
-989362831
462080896
-608419241
660149136
-479554756
-904650182
585793943
-74379153
507945061
-581304178
477429860
-358558400
-650489604
-344958372
-846322008
-915957588
134447091
-695680157
-278506564
-481834368
476240217
-648045591
12220
684697648
-286602583
444742393
-794929672
-398394311
356987285
19860983
151311031
-263514359
-340738412
-839119652
-1468746
66267333
-477447319
-513080798
765720292
245474541
452917373
466943232
830421705
-495183428
-271915486
264997744
-862875611
-551590354
54229214
-231544374
626573930
391269305
226164058
-993048228
479490007
-848776815
160556652
620661783
943342286
212026881
831358453
-462745503
-925852802
395746845
-504555928
668270498
89808503
644511305
405159348
-310808663
-350273593
154642852
428370202
-372991519
184287763
124866610
-983805704
-795910651
-295281205
851063919
-983187017
-657407611
-251690224
-516763454
536751901
-455916858
-290478269
263453446
-321735677
-230749529
-101612284
-486395455
-579599171
517621618
304756337
845757165
526856011
310024371
-872799608
228143560
850608931
301523340
-481076290
-644009680
368925697
800971666
836614637
-430530179
956648070
-766994188
297792109
637383704
-281248954
295648634
-458062005
-944785107
-269604367
-322590126
-932940164
-974709350
-304009409
-585398877
113480599
-931340610
-255067209
235668725
940172201
642375843
-640493885
218947072
857401030
-819432282
-914925923
-262563995
308105874
944388266
-629831007
181297706
735791223
127597816
-476061337
47003816
-630040507
240304961
501946343
-754106882
-431625755
-74433941
-534956121
100699955
-39474674
40020615
-770552539
-988804868
851448515
-778788671
-381078799
238489269
-162025033
535162591
618181158
122683248
-340191258
39446539
790732400
174713944
401846943
-26615883
-16658691
-904188907
-48436580
418933847
-332732073
-516727136
-939050233
277579487
566683503
-428974627
583514401
499942001
-833642896
925081261
732504073
586447152
570884111
759938230
-696501324
193014729
11474324
-951913019
106899823
501374074
698643475
189912256
561608674
990045507
76654839
-258559260
840724058
-764098469
798742190
891209831
306757413
-506233853
-414335423
346222465
748218170
183853506
-621373929
876823504
-455916858
-19300968
-176014310
-809835605
875126948
-891749783
626950368
688492652
-384785940
725363291
-340846502
-869362664
-677494922
27501136
753854878
-492195185
-396169331
-81555422
-504968024
96118804
-692502522
-44611949
-410019323
-970959305
429900152
-289472051
-534718274
-670017871
283317630
929642603
-641783305
649326051
672046045
675375142
486297251
864166772
530427768
-163939303
-37647955
-18380723
-759475166
-382703642
-608303999
101508646
125373219
997491549
807132692
-898333954
643587256
-241304095
389355282
854813826
31413064
190912151
331733743
-187418040
-497971063
248651590
973002341
845493678
318144448
-562720182
-767430431
-661975117
-969491828
-845877381
715989988
-67572326
305957512
-55859459
-342141488
493700382
-304980781
255488337
53437007
-931340610
-797951449
99632736
828933785
-176458196
-557671626
-24191196
795245643
-985385701
428634852
-660289835
-731859722
390803853
-560009386
-936659846
693322792
852029308
654880253
-975158838
-923409438
372731162
709668065
960140352
28868723
-298699224
-464495452
-959178446
773183358
-708884913
579830811
-552478047
-415391932
218256906
986351779
798909815
798971953
628832684
984778944
697374662
-742431799
-755375176
761224378
-598426689
-548621352
219331330
931876430
725230311
542317014
-990003033
757558118
438197883
632797268
-596378970
138966743
892746186
714881881
-224198554
932784563
624361708
-553647527
-556545857
-625053174
417755397
-93202727
128961041
459490818
-9627201
-817201038
404513724
-990871710
-895518263
784117683
-193315184
464751642
970260529
848145920
71160470
687771904
-868708005
-202534757
656689171
-519882448
-309625559
-60861683
-56305649
785852817
125935395
120154893
-266745336
135815467
945032527
-707496679
-270043012
-393719228
817308467
-986591850
-426992156
-80855736
-573293748
-561602556
-76813428
224662706
-573474887
664624832
500619426
-4251875
235309176
95078468
-538382572
728397650
97934558
274012897
48619639
481050359
-97358121
736352254
943315269
697022693
761934199
-707235580
291975446
-264217362
794899457
835993790
27843704
-836609778
229529045
207668618
149082354
552597418
890636392
512967488
-711178202
-195646805
304925939
525696713
234669512
2221277
944307382
-373511916
-310862256
-471280938
967168177
-175786844
-482717863
-134431833
155383189
405673513
523074447
20864621
-771799918
259113263
179025274
431956369
-591795250
-149661943
-617767276
-719613246
-608392479
926137038
-666012295
157996943
636432301
-321837046
258387135
-311583311
57072685
-899598631
322123399
417819411
356394995
-96656739
962142071
-511717023
350785946
997764671
667323275
-119082963
359584508
-597526620
797996191
-51108833
312321138
-163149621
808657590
760952619
-230588774
-349670317
-208956627
544714764
-618444741
633873816
509753929
504186885
-661365403
-511615398
284562040
432967357
-846825180
-230210031
868390584
-139155068
-406062231
402324527
-521144858
397837948
883278156
-608909401
-242827326
-216345144
499184640
431689344
527840441
533118128
-548718294
575816431
-191797134
641644517
2488111
-221064847
156242496
646266000
820805311
-903995146
-42643891
701178430
87878795
-610432381
177094671
226739030
-130269976
926711119
261649414
-981554273
937681252
-179027776
574497558
-581708620
-68970434
386090234
-613348244
-441551852
-767185918
-696501324
331733743
979962080
193576159
337485014
473101260
-266394197
108957645
-305317745
669040926
565489899
995881541
36869737
390092720
-408898418
165967598
862584709
-266187185
-119200092
560053572
824494934
949851896
66838505
-210405087
-907280863
-805788496
828471010
-444850006
-879646700
-816640929
30699052
722707782
953321741
435932023
76479887
-376911105
611836072
918206309
441143555
794899457
828854645
831516486
-815938095
696148895
-729685853
-519286650
630355972
642677815
-473747260
821389686
-923616355
807645079
-511070858
345945609
-469575633
241239393
-852921616
-965931852
800550283
-248510879
838310206
-11781810
-425155058
-100537789
174796855
-290611206
-366007590
149780901
-208396652
163602930
-609603947
872999746
-289425463
-227015509
-557587083
-586997959
-381789547
384276197
587459149
-46344389
168208667
-462910335
854141451
502959170
881329499
468452020
190382112
647377859
-994036829
370469577
-138213021
-716631301
36687744
-647685696
544808582
-291777391
151855078
689844465
483073315
874747360
-432260195
-17934500
754619659
-186153799
575816431
248479003
-735865570
-437861959
-9193736
627141881
206659101
-253980049
129831557
-510163366
974435153
-435829372
-304499165
385942243
-867763209
500458417
76898582
23297194
-552858609
-550032178
389542589
-557347756
-738751652
-82795928
950274559
50465602
70191155
689474236
803953027
-148860006
404122374
874412517
709628217
-742431799
-636706566
932152381
-675498167
-639262375
692302840
924316844
699726072
665525158
-947079073
327817027
356320195
54766086
249239972
837807730
195473884
-214166274
25733844
758266946
706645148
80722439
-570644089
473282484
-586539351
104281064
-671699774
-850540055
-444551620
804214522
909771513
89176580
-968842608
-372224661
915974397
479342677
-487330349
661174945
691996367
220738191
-702543658
24675051
627568042
-361010477
88445552
892647552
887467144
128488671
341863476
954737322
294168599
889949577
542317014
642074176
73718604
38887204
-414652183
-243141680
-342604640
44935585
758169768
596162037
-9263207
-561246293
-438672824
-678180328
796673078
852436055
-306530055
794354314
752730169
949342690
604940786
-988417405
-187958549
37586190
-454183082
-264879750
-487509573
-826922279
451324384
-695317261
177746957
248479003
407495495
942570325
161109312
-51677260
540379678
-530194425
-973240829
-36415928
-115891961
-176083278
-703126725
-534752988
-950493688
-84228916
401136475
-663423236
-719236002
-963473974
-402812038
163727119
11714634
749992061
736116056
-428807484
-525011956
-381598548
-365787807
861265123
-895249768
723457513
-864613513
30777146
768376834
409027017
-605971883
-399519479
951213206
-342114944
-185388937
293151932
662570459
924355916
76010232
296426611
-90423690
-839579745
400088344
761847032
-302151564
184237338
261630382
-435357271
406597098
-188291884
159692135
-832881029
-882108513
-565067065
8189934
979463716
490899700
191517168
956455816
952551370
548329394
773574356
876497668
-487729722
175875917
-99009321
874463110
205960680
-390439301
-493974272
820705498
-307423482
-311705113
28234886
-719119938
-849871169
151508439
527120739
-154616175
-358558400
-830872327
557099380
-338175576
-154929866
-253154614
542548823
851978448
166921046
696930394
657812211
816839977
-934497776
5489667
593159158
146432261
-856284254
-748785317
480463001
-248239611
657209127
161694414
948800020
-62306303
-51071316
-3045095
-565016902
-761375616
299254580
-711269265
-464161230
55258340
485349375
-962706017
-659801936
-526494651
814404535
929397738
-878818620
-528062855
-558314473
-242643574
-611020812
892266787
-598688138
214877783
-966192895
82430396
-702336139
178318550
952551370
294659076
177500567
-257443056
-111555825
-821224862
964431525
-728936046
653827612
556091026
-417057998
-561434315
60546059
913330472
840724058
-140440931
-71660955
855606623
-13880762
83447431
137640020
881785096
205490620
-817272491
-913184165
-106226392
598234414
-448366199
-174931745
-421105228
-295935100
-103468778
723168824
-389990689
-631371410
15103597
177292029
-383636447
-493558222
-288292686
333039000
-394050499
-167431124
521133499
-153280458
878690483
-260890469
-736096916
384768176
-261208091
740063239
-848131783
564704501
138935285
995195223
500708143
946066528
43238290
162492736
-461621331
-472400073
-367517697
594382070
544482973
-242573416
-838419111
20056022
469539788
-673775194
518309192
569549687
-728346633
-933148604
-66550981
705951532
921585074
-239845899
-86239367
900860279
200191011
-343504851
-723676173
-570785336
-529430072
872685565
729522379
878385195
-825307908
-149969363
229429670
671433943
977101039
536297892
-12005666
-191784651
283294134
533555240
815136752
650037695
-515388906
-650895164
769127547
619207144
-144825118
-732978759
-471537229
-152472324
-704213215
-74206174
146432261
-436020587
472623773
-930327326
-441227307
-814884213
353898661
-124507650
771536179
560681874
-128201179
-596839758
-916293600
-694177200
312364598
755642166
-701983261
389798111
197299635
-610878283
-328220902
-886712500
-570731231
852472003
623477014
-110132494
-274897023
-612732510
-578100788
-720810497
596431980
974388006
201248788
213771275
17946149
153020797
-268902917
-595635501
-405702798
-728224242
861657040
671512001
542649767
383046171
-971559879
-755809371
-867221082
-279925057
-131682282
-181686444
-649745036
-810848738
-947476348
-868096113
-140912770
680173938
222246408
-428951989
259963874
97453572
267414222
-377969688
-879776535
-61011041
917249788
-265597802
358303429
160981068
-408043134
-658628557
-756162266
-511615398
888471259
-527071026
623817111
250692050
-10938754
-946689777
298529855
-654511354
946922538
-199931921
465937383
71231504
730407296
-794150789
-441538869
-538029356
-769158502
705730820
-3923601
-492485662
216351457
-244603139
-491723317
-594210512
364409580
483400466
736590986
-331696760
-987541665
-719571071
-848250226
703805368
811163552
-929419972
-351615743
-800865143
-388698413
-952769339
130012440
13505127
811090594
205613501
-333837187
108769667
-909335474
427330044
641850034
-750476490
481488947
-14141647
-349565712
678652120
946535253
-979408532
223978409
875220180
-247152907
-240294358
461237805
-843836686
653105430
-589502053
-450592508
-384108373
-692051146
-745106749
-460509765
-85759205
188570272
-685095281
-140420058
680421760
-121850033
339427566
-698613242
264260189
509067443
-412229693
772267487
790287866
-762412494
-692166914
-570965927
502091419
929055563
711882324
964897268
-85792703
409636791
808332889
292811703
-654925438
505721765
-793891715
-620630453
-152284113
77584527
896552225
287815962
-573474887
-463347278
405923699
254366358
-127914251
-906826621
-111139491
-67836527
890992681
154897104
634862240
-752440284
-683433050
900311730
532882150
-30258927
13678064
-184880557
609808632
518720934
683942764
81899921
486672244
-240824507
980755876
-219068359
-682339670
-255437349
958547676
34886802
953648724
974524858
-975158838
-379827463
-152802516
-111372412
582934824
243268021
-59962122
-829332711
247110548
723168824
-23673344
21572112
-904373042
877894405
-574037853
670129031
363820883
-30266975
-388135723
401401598
351914494
11872713
-346725322
-615961649
719422860
953223024
983092888
-610878283
-992773607
817162026
698643475
-499630911
414890836
-83640192
169802119
-168844343
277848434
-50603863
44596791
136604985
-620630453
-520966089
452253813
-200807779
851543571
358233130
545113444
721078093
382069520
-461962278
-664969942
-741138141
95064687
409962650
-689379768
522575205
326963669
962395251
255210741
-810150503
-967194670
-922865608
-627347308
748854537
839370384
708838818
-386552639
20616772
-936946149
-684636196
-513920710
-182573765
-99168043
345202738
694241638
139506712
-296251777
632605094
167826847
-292425626
207668618
100838617
-306159588
-690956698
837180388
-653197586
690315960
-954378170
849458215
810213047
331680495
264945030
-255361538
-722164184
-368666885
-767468646
684089638
-780354733
-20655042
-957711020
-591769197
-180807379
887801234
500734332
727652747
-150866758
276498787
335351966
96297291
20241936
-177397102
-760039942
379703708
-843269280
-895975348
-750736683
896313907
-922391300
-330339128
451881261
108552428
-755544556
449578697
362074213
238862209
373444632
211074723
684591445
362751769
994225163
762877701
905495838
454762856
-775925995
227559844
-616174684
786729341
180473628
-274544210
-820553514
16545351
-556545857
723649851
-729746026
207453228
10127106
-414652183
912606676
-988804868
778040831
-685679157
595298584
-606400855
-332747318
281603254
618488574
-536623920
-932555454
573762226
741875044
-537164415
324237820
-906091391
57527605
-844664730
-259742832
-774118649
432190476
-713957514
-58959275
437326033
-394855103
748799035
-703511494
-309123102
-459393706
734734148
857538559
-868952352
20616772
-280962555
734734148
-222309836
69268060
815481340
-813706333
241035112
109504865
-503596992
943064366
-321100116
64844680
-143165792
-620070698
-252887060
113208284
612965791
-405972803
937551468
-740256682
-200857661
-372991519
-370744561
-372240159
576285011
-882738706
197349076
-457609364
-702234018
-774812593
-972345046
-820864918
-866465514
596728997
-503389960
203317909
684814592
-232938127
901772889
-207979338
-345572084
-348658234
-542746946
560141500
12220
987606784
164295853
522830525
-68497984
82196736
-393212296
-21676655
89911512
7005783
-187001880
152692185
590264882
405858317
-151143075
-518845922
-971068049
502156463
647094154
-696356479
853931653
-498941008
949673672
-199402469
-723878240
-796958260
805830991
-389679441
831435906
-205748516
-729515518
-921364959
691633406
810914526
122580732
-599033686
498940742
348895593
524957286
634777559
871540082
629947786
-96732140
-817035206
737256690
672943648
585570868
-859190755
674114476
599766237
-59043773
-633998593
-738196913
-336565339
974388006
-906927996
299375564
545113444
461962676
-619417743
-707852175
-674493320
176044408
952222467
314073283
-225730666
397717907
-309503689
-811244426
902443036
-730269441
-797292534
823466127
344411890
-929517944
-332033122
-211632930
455273637
-162232643
-444185928
-932047712
-711866319
345013539
-294072475
604165540
867745782
779743306
-627111441
-827789720
994455331
603542120
-507318231
314909779
21164219
151187782
470045485
425188857
216351457
-775410462
-325803924
-676402578
35280546
-908034806
886453625
-518602903
271048695
331402049
-66442422
-428664848
-942620325
270996226
939213446
207147215
-691054710
-212644571
-854853495
-923844980
-144262674
-295281205
-862847651
15460366
385983939
-444113470
-575758461
-207267958
-973916514
-128424518
284179608
629197395
-88447683
-908345076
-719749467
955561165
538516757
913007819
-917640003
-428557811
962894270
-589244725
316673271
605486798
-461268425
-118216667
7879380
200728866
913185305
968830432
-933123379
-494118249
-206603540
-391825207
-752399662
-208868095
758893806
-48451257
-941428890
-222654383
-604517394
-490172851
479490007
-158776862
899500725
876823504
-515959843
-890573886
500399329
101508646
-166532471
-974598850
-109204926
45334233
-217441614
-489206957
-201382355
-338175576
856787757
-212137929
906107305
464308634
-245811176
-77510124
-650732763
496738378
549157345
-682995155
-447478077
749502765
775564916
838538220
-422241087
85985902
-745782924
-400223234
213996665
524038884
494480713
-564897833
33424588
289197805
846459839
101591121
584014140
132717803
-331696760
-304009409
910779948
-791354020
-964978824
189638942
-378041073
-242234527
188298475
-838225378
107731766
-493974272
909038975
596728997
-393212296
800177871
649751817
806486160
-712455237
-170485195
972217297
826687040
-404335048
-713700104
544353163
788487947
-737932506
778572961
-780303918
-974573352
-132608014
748273381
-636673936
622810770
747765621
520797461
234669512
424881946
547187700
281934977
-530994567
415806211
-687261595
-281881438
-190604408
-1800010
557522516
446374937
506796577
775611088
-692887882
391873186
-462555356
-624363622
-260726066
530493644
645305631
139225047
233247988
493241832
415344649
162912751
-775522816
-482669367
-608171218
298958106
524476553
869862066
743730015
-195842604
-906417987
526371381
50465602
713051452
-977073837
396958368
446374937
-612202293
-495183428
884702502
-107097786
-840535193
758039676
729376926
-773104954
-466287753
-79772887
-774684433
-975973870
391990309
-809399532
139107206
499877889
-270748120
-145726332
638640186
-497449118
804941984
93193587
-939311098
755876448
962689601
-905399944
-510751906
-904838476
553460286
695620547
600383047
-563970524
773317586
-614382890
-470011840
107301062
401568424
934232665
932152381
759957092
255597348
-741000475
-68614784
371764027
372955083
671680172
778138389
-850625884
-941237562
-460289576
-707757833
-119467941
30777146
-548463989
233317130
-758489485
-716140862
-351012464
-815335620
-192779808
253279939
-87571124
-461621331
-219690903
293461172
-180472399
-486903532
-462353538
466291330
87748176
-518765870
578990087
-833465092
438451444
890389330
483259957
-231093898
-740146670
180279164
-562256620
-888947688
-561814769
481140278
-995485777
626464496
140537401
217078356
625043907
724571100
-67660436
657585035
897461070
887627948
-289788984
591677424
-156954698
-681027086
-577694596
-53875929
741652327
-873333941
-566559829
156316086
865270407
-259730574
961522599
460203910
661975922
602263251
-930030758
-529856859
30777146
-915380424
-514554780
-891597920
-160152474
-797317514
-894640124
677637060
-353457187
964897268
-421105228
-641113243
-479554756
779071909
146588204
997928946
-175856035
99344163
-775522816
622347817
964124258
16368518
646313005
55421086
856402701
-621988959
61999362
63036318
456681775
-714959278
-816671677
-794279482
579513622
194642096
-297754726
-540723691
-44460790
-345923687
-294392809
304456769
-825512989
-363437133
-705253973
150779669
-671632483
743481146
-620940457
798629683
-368422585
918074061
533641865
829320914
-536263068
-545848783
852174864
-955721910
889568871
586881989
645410396
-535668928
278051656
561608674
-423791275
-557277005
142767962
-236182265
-170869099
-734010666
551701068
-639896935
-176558677
-705253973
189912256
-403762334
35671959
803953027
-307162951
-833355854
-453361946
-722367860
473193381
665325502
8522938
-457609364
-808525338
-258478977
-16555487
264170895
-315790077
-790695280
87092314
316680820
-71013188
-928225213
-321947862
-765204368
349489187
904961672
450204914
-70662889
-142760068
53876671
-732235321
760173716
413981422
991199697
474379806
-825732345
-543016652
-87917579
476832416
-480217769
872904232
-76252479
917526034
-930688161
-240776915
-145218402
-754003287
-158112973
-128573199
608514141
-465531666
608698248
-751316240
-409105069
-413490682
764036408
207838365
363317323
-902138987
272779467
-289366607
-227812181
-302270826
-791511315
543117543
838591952
47377751
-229098022
479436495
-674762492
-261313307
176558854
-119335155
-673980577
30141721
-688628958
-931340610
-185181757
-659464744
354493714
-881645154
-960200715
53588403
-583465879
605529171
260556536
758474359
-480115558
-121811094
-558646673
324216228
158270273
-767766371
-66736384
854917913
771605760
-576840411
-129798007
466169079
-297376154
71396396
866679295
-498941008
-151599917
-292698065
-27762740
-767836244
-186229092
-999379679
-219690903
-512999764
669080669
-993866955
-260550010
729637037
472607346
-138553447
413981422
384550494
-986227086
-442458192
276571885
183697519
211950498
-62284261
26619153
382404387
389178034
792594679
143653440
-228117110
-64190808
-173454613
871740880
-160572598
239761263
-469445291
-890337414
274012897
-574824397
-985280808
529109525
-665471884
-241171836
-771571922
43933071
587138896
-445514564
799765025
757558118
-966504239
514462948
-683446447
71996644
-298945630
659505093
263863592
841342986
-392637369
-123232687
258727461
-611896625
75487413
-604144530
635659524
406791091
691284576
862842148
887695938
306306764
699050408
957471274
291726985
513360579
-24653051
-482503275
-452101202
984608925
-260406356
64689839
-368521521
563711634
-605765966
-227410785
49175924
560238284
689293232
-214215647
-835003557
170182051
447880865
-140638011
-812228581
-888947688
332368832
608713761
-795637897
-871989388
783881764
149626315
201366096
-20000637
626282472
820603371
173342960
30525081
-620354221
923561139
831231967
939150261
821222350
-436345580
-410959176
663666811
507655884
209115603
-704312765
-711507109
424303201
-103218245
857125715
-2138493
820532997
-646303229
809335326
153176994
528032682
777612241
-32715423
-693441962
-426521047
-632597521
-798684445
-942518805
33669663
-502579004
-263081336
353268737
61719032
603030732
-561602556
772582576
616174303
608654391
624025136
-534538894
-336910581
-986965294
-466114714
681990344
383206882
662570459
266795360
-117906070
-323762062
64090445
667281729
872072031
593691039
-112321526
311941134
-378662502
-891990741
500548562
801215585
622977983
639523097
-75349570
891209831
628832684
380153167
385220974
-843306960
238771749
-301686562
748547298
-651973729
736677676
-401714705
-666363586
361345249
-695257762
-993830382
722200398
308779148
-170644864
-571929268
43367754
-415048191
678323760
873779703
169616823
452007219
-566440209
157428647
-542865913
-884616754
305286863
-487043008
135854532
-446179172
-709532958
-514398327
911380389
-259388137
-371075068
162723533
-863535603
427223018
-443589492
300017886
409340486
-382862524
875746182
690990735
487387790
847453801
-7012843
-155116831
-70662889
382069520
673179186
168899999
-559430799
330557793
-706671734
-524610031
-272584447
-899656933
-252139948
-719164063
200377262
-162072267
-901943933
730141603
-571595252
-247595715
286848623
-702234018
157518014
-962725306
-601321769
-874695837
636619538
731017061
-840582161
65330256
362920533
-461070934
-57423130
524984536
94146294
-63181502
230690101
629734191
-26212619
-493323113
-670695676
267965172
171972200
-312272640
153229959
724235113
622720898
-697222469
-199045442
883009839
538949882
-316950074
200465492
-314674445
792434936
687606143
518865914
751582587
-575241473
522379494
-464723869
932288957
-791511315
-463430743
-248422791
100217363
-129724938
-830668266
-891627516
-195573709
28626982
319913437
977854812
752468248
208149191
-536515509
-443422676
-299219295
419277667
-522873106
759132645
-163244299
-864330570
-661019736
-285619336
-473931105
-792041990
234719970
731247396
203297316
-419023613
915700247
733661849
-200757207
-8351472
-940749038
979411088
-12030231
-841891323
-390271907
630098301
340032112
198068076
-437032856
17175
-968302816
-511485667
-925183884
396253586
825462051
686699106
316239443
487387790
-799159751
511391093
41149992
-746256037
125650062
-562720182
675043229
538649088
283804371
41541463
-118279215
379712033
-126862726
112905465
10303876
-825970796
-673152143
-987374217
-314067291
-266156189
392074367
-573338970
-785550222
-464161230
-813076641
724235113
-760490379
-959274421
-848855679
-976322970
-279832998
945645453
484242593
-196991938
803152349
-252528826
-519428864
-222541467
3820138
-256377627
-196957226
-409869399
67238289
961209944
-751376302
-1746366
310747357
667709826
-813320542
-633085047
-228077386
-876754965
761005526
-482024954
-673942192
-903611617
979721205
-11584067
607488178
149564422
824037888
256585650
877667197
741986951
-623208525
-888947688
-830482547
691796469
178510877
-119082963
-94134805
-185286730
-231439667
852776471
473543498
306442132
949158201
-609365589
-76635366
-334044869
-554719051
-170565290
508958122
-880198095
-658823822
-798616603
931227152
19860983
-729355321
-494802656
-45320380
-159503255
-980343200
-854677664
9436789
-928967965
19755987
915760564
-848131783
-886455855
116140449
-854148646
-256137762
-492995103
-785166324
-10660137
451669085
-856071508
35280546
-398668682
936299898
310102456
2044619
476207923
-452735251
-604899027
809821223
-778788671
-467245948
64801555
471707408
-302839933
100699955
-854963431
-818233852
918206309
880741636
913887189
-863535603
9706296
-699049581
-795145624
-781803877
-225554787
-142338937
-717893679
291431961
-443254661
-701249863
-404746093
934407547
670071413
-191471031
-676529029
692143150
-564416178
973863777
-468725545
-776208020
-674465658
-218206841
98821715
-162168015
55752602
325617604
567884061
-850901841
581732445
-149440211
94302444
-265263026
-317618633
-588042714
-41270303
-807080141
-968302816
-760292119
552937741
-270562568
-124146207
-445456865
577634920
319285813
292288362
-908034806
-183533726
-977973669
981799955
571941919
234946728
-696162685
913164395
-168335236
-433013437
676739369
237046120
-201486565
876512051
691113786
-907437673
-399519479
-118481704
-105640023
749053080
-600290090
580441362
-558459991
922449147
219312170
354538528
169370839
-239542232
-24044180
746067736
613991916
-754315095
15938991
-943188612
850239577
-552782085
300211424
277775037
601671552
418967314
672796421
-622737504
981273499
-126941559
-874096134
929191413
-934433690
983711840
-766715827
-383881655
-300286773
-987202233
-514037530
55652295
-384247234
-35360256
-719613246
274343261
49095665
-640493885
-114403786
23766144
52486553
80551772
386090234
-298753692
496016994
-362316887
188674531
8360404
-719847971
-649281587
460405378
118225806
933908379
24356833
637844785
-58373492
-786251033
297151951
527120739
-925732147
-910615976
-543184773
-574824397
-521204805
163087427
-597767209
807132692
671608607
-656349784
-401879886
-92971715
538296305
719707084
785203634
848341481
182281399
865467941
214877783
-56460031
463146432
80331597
103548301
779652821
-581916853
755733327
622432475
-277288650
-711437276
-733510149
-995920992
-658538928
800971666
788433653
-423068564
-351686300
535747115
-690140476
66154425
280427449
-154770456
-334033233
-758317882
-673110358
148986267
656268828
-318876597
264603824
968078708
927542411
-311705113
185229464
512179159
325350689
902355057
266637849
692648038
179824834
918803350
-214487549
801921712
270812427
-782911106
369189774
-224601032
995195223
-702336139
-538520044
-930570831
643982858
-650159896
-146500452
-520262033
974162332
-993866955
-65077812
-868737937
974435153
-901943933
-271576203
-702543658
-181553576
724454791
747829814
533213358
619236566
-645539301
775052793
-818199143
-241650881
-54850605
-503976005
-225376964
-171400200
484086697
-438757061
-944151705
432897057
-569322827
76190176
-266394197
-248116344
688848869
-188453386
613513813
-230140842
346684579
821222350
709485804
349845583
296692984
-302902605
-564915594
-95926947
-601125028
-335662555
-763294440
889949577
986913945
-604759690
506468257
626464496
7097686
837130406
-243841273
705951532
226341498
188469995
-236182265
11644290
39845340
723649851
311482746
83509606
750108996
-721671764
-169052075
-444454316
-520212319
723457513
699404931
908934391
287422879
-185994339
212798542
354970349
-515242938
-444454316
-238192675
-380416993
336052807
-988475460
648037090
225767474
-236052428
-48989164
-606556571
910192161
767621518
-725158350
269041055
280871975
59260759
-477888168
769048354
895162158
224027700
-937680536
-791385107
-583122294
91713329
336451598
-318375991
-900510571
791370117
-893536789
-620454182
78142929
-620478497
512390760
177094671
-706023351
322023742
301244871
-782067160
-941755361
-308805410
-73533281
198184374
-555419509
790346413
-585149754
559932240
431020254
-601937308
-179920701
-807881120
819831010
-914357525
-293298574
700325120
-172802701
166754434
-376187610
-849257991
918374193
-820029303
18935977
-254187503
923143446
296678198
844414092
-322590126
319334553
-503928465
-275703682
471896545
-454862158
-68058334
-250098252
-607272825
219969920
-371692119
366723059
-262974294
-447500547
356034712
-899176845
-713493696
-137216950
926577167
-568269124
-896319139
734327852
81576775
481050359
-71906707
-989766425
351690563
378760420
-146112848
652820744
-214376818
-938844547
-478145045
350509877
561485505
534047214
161474455
-828483378
847991368
439484578
-240824507
847041578
-589895457
-862161419
254178458
-566410473
-623949939
-928732335
-663461315
-810273583
-971963908
96645862
-544761385
627707945
146255733
-394335536
-735813446
-788035019
694391399
757751937
570672577
-111242570
714431990
9890404
-531828823
-214081322
600974285
-745857259
800971666
-549616670
-531177017
-980343200
325216000
394844942
709628217
-949061683
-19208395
4420029
619582794
-925530556
741309957
-445514564
-475274929
-657488992
140288398
814171473
-969967507
-847232386
438352995
509164286
46124961
542421858
-764521702
364139980
-316552739
286117270
935539327
-999299716
-173454613
-698916243
-73769976
868724083
-603882083
496903456
-344889734
679646639
569955844
-646097337
-489798472
-281510501
-380608270
-863901349
774599154
-417936404
-868821542
290596750
-758684605
98010197
-98136217
486582961
966353052
635177787
-801176288
751080150
91985139
83616480
-475666478
-735009667
581243298
-236904909
135895629
364735129
-192306605
992422397
18622724
16466531
138488440
-45686152
863489025
343201086
305519464
427152651
939628926
515935063
-416364920
293862922
-826553882
-600024353
869193530
240919448
-151780919
-780116434
502746854
-92845026
-744780498
289412961
967612168
80057476
-963163161
-32715423
-238607826
506282140
636831270
374335450
-676338776
760708281
615758452
396200359
188102678
-769976562
708598139
599766237
991708881
-51716369
-918300879
215742218
590795440
-730269441
-500535744
141899427
932425611
850239577
-796958260
6215347
-751070739
-729726877
175389403
-233728278
-752720298
913878633
-371587987
609697591
-28868889
333182720
289968708
-969285757
798130306
-871001434
966092861
250692050
639276221
697087945
442843797
-141655537
-788341285
971481466
-723878240
138572926
6460843
191249734
-382509365
-590382108
-525885983
-493906710
35631663
-748882529
821149985
425063685
-830128658
300116786
-980137995
-324220803
686912269
93193587
935408839
-818233852
-492195185
649097727
724235113
-208875640
755876448
752265528
-459517405
109605655
-516501425
707747718
876752220
-49199136
-245811176
152160567
529335108
-551743978
-301253647
695179025
-450848126
-1726744
910417242
-532451543
-307988348
167370736
-772355745
-909678207
-119625409
-877669352
-524571715
-755161593
-527243411
998466887
-158939148
-113688159
-720531193
574635396
16800029
-34228209
-825512989
-207495224
9484280
-442571642
-414741471
297364452
-856166670
476376939
846017292
862700483
-769253139
176716868
-78011435
-924505680
-962855171
407977430
-214431857
516878315
-708282589
294659076
979662346
762984064
262744251
-224198554
43116347
567359708
-488582528
177746957
-616393306
-546547648
539178421
-483681550
411379166
205960680
485915850
472055898
-955229190
508342520
-353770628
477466610
385936329
177849662
-280179452
-142310688
-315147339
-180286819
-156696332
717133091
-619417743
-424312917
-30909948
-182442580
-459404813
69802792
793443380
-716373786
467664074
-184953653
-275090276
665815712
905064338
721358483
889568871
-399639284
508155896
989541744
102697554
-122174192
120910784
-997754033
343594419
-421277174
-746523281
-366247498
897575737
-237787565
55107312
-148860006
213079576
-506787304
-859272334
815512825
566968938
-974013385
-40565705
-872168757
134195529
275429189
-873405170
-372580267
-524695920
-972653019
788086667
-670917360
867942205
-61011041
-504634109
893673724
560141500
146588204
463054348
297714473
-114045112
121964991
105293822
796065487
-596839758
242282458
968453010
-431788532
-55328655
-927261973
-583647418
-725534121
-37029650
-840331623
932288957
-617530924
398794132
715931021
490607174
-195453664
-680414843
631102563
743033467
192385018
61831093
426604170
11572775
-409869399
204806682
-229098022
-701347583
192170695
139849675
-442853229
-555087926
382069520
15840141
979046762
947162692
-36122806
381036216
66760862
-170262081
-991680351
291826849
-745034277
890354195
503079777
81975121
907067286
-675283729
-90733672
657812211
-543715485
-845675074
84048303
-484730687
-644548502
-536237289
287609959
-659608841
81612332
145047567
831335833
166798593
-445757131
68992362
760561117
412511679
-554881854
490116711
-399146255
-944923888
593594172
-135760012
506796577
72958908
-597927667
646504999
-799504254
-3368159
919268278
624025136
-220731807
-7213985
522648902
-479974385
-691759466
897810315
528589430
-407062784
-179655261
899455904
-974013385
316764468
-133126748
36811786
-344856918
206302325
748998580
-248359274
-578059739
775474063
504574795
-581246146
526499811
957647986
455720522
-350309073
830161166
93148205
-287702382
749053080
344857704
-91858086
-167244489
-315147339
-475965586
655186043
-797553235
305041994
16827049
-893981454
803953027
149215974
879273839
-632909588
196090378
227953702
773928715
27964792
944323570
-52767437
-82354891
-92522405
21512600
809308986
-677287219
321309243
163804799
-829420250
-507089930
-353355463
141120945
-533983122
139225047
-599866920
-308993958
220519135
-781384382
-91858086
-126768293
-167812426
-325173142
-20952318
829980045
-813822591
787414945
909038975
-411571209
452088243
-386760556
222065259
346470242
256921708
708598139
177292029
677637060
-610235367
529785753
339144595
678323760
922754867
-542474188
713887537
-971896772
778138389
643587256
654407960
-476220793
504744996
766052219
-72791627
997041924
808332889
924397961
176777414
-579717767
679445596
236585638
820088892
996019017
-261430599
875521613
-367195145
188041592
663534857
580155680
-186611249
69601250
-461767972
80221086
-455978767
-87065391
763959842
-851252142
-37566566
703631309
-42829930
220519135
-569005303
913703643
-977163403
-954643583
429948595
857538559
912723867
202935423
63812151
487616271
12447533
-706322874
-33019322
-36621989
465846977
203941642
-415726761
-95707536
572834950
-140951047
941385048
815768691
239761263
947437359
250861118
-634235528
565661068
529514690
955546132
-650489604
938736301
-572354217
-711178202
-476147666
200191011
-17421759
993845092
2089848
861410977
251771469
-469869510
-122466986
-820356067
-824950530
-213642181
325818857
-878793183
210390281
6460843
592888575
-93202727
517911231
279349446
571170658
888394998
895086640
-975379887
-613641786
122527186
-418939766
775564916
942732670
911772942
496224545
941840652
502725864
-161912270
892647552
-786251033
875295862
411143071
386264788
736546769
504112258
-284410777
-568466150
-302270826
528331933
-271162084
624507884
424970800
-909769735
-838318848
947163849
668120450
23379214
957214612
76828367
-918601427
-392642989
-109100182
284905566
374571108
29506428
747982070
779652821
312364598
-297945999
-38511904
-902138987
999096748
-870244031
404249135
-540257704
-6580610
330776526
640361333
-365383641
511652295
-548063333
-451406326
615306110
-612794474
985227731
-220438126
-95176731
-558838177
348577291
-69610549
54941907
748665345
-565745714
-186697394
996789974
793588869
-110936490
-761922518
-802420588
-22936719
-567384614
777930823
-687261595
228880116
802141359
419215787
-987624510
697848233
113509158
-793457428
-819753199
-292105151
163925006
710131035
857951829
34367338
-509506138
-451841433
-55192796
-940349503
732646221
834173806
790033101
448938417
564027549
273773615
154051243
-776704981
234278703
-958087282
-187418040
-172669427
456761214
681156720
-988195053
-949239313
-826922279
330225592
665202228
-993866955
165172401
-472500954
-469370305
-115744401
-157181809
86179056
771536179
-155968172
138218932
753511985
273006005
844722415
212451690
403313745
548564293
-782582131
-107301773
165757672
-292766700
73113718
943148427
644721711
245211557
37636555
775441509
281603254
951144043
525927708
976770731
-128573199
182390416
908310541
-8414979
152566644
142437557
-501802587
521653386
622159410
337717000
956868691
838591952
-244169338
-231172870
859548212
168755657
-90614423
-425905522
915794114
755733327
844696091
148540758
317148575
504744996
-876562085
-132983576
826495648
840724058
964624392
512747923
116434811
-209159059
-430530179
-734434886
-563863650
369108942
312542700
598450953
-854503135
794899457
19710661
-871550514
-15278413
-702994568
-686279378
-979337410
-111458211
-879209313
-889982822
261534106
-70662889
36477740
260048512
475692454
-87064870
498115922
823138092
343781337
-384481637
661708563
-613869475
-70836303
577706913
-689704274
-35706375
-817970397
-189540238
-141996604
207956555
529554029
-161861020
362547495
589030234
371599424
308084344
361002543
343781337
-478145045
-11756485
-192826942
257611016
-725038516
-87522353
-369896914
-997867839
-654284248
722737670
-128201179
260215025
-614875786
-850155917
-405098637
-322809427
673532340
-198206246
-361113198
-844299210
808332889
802889595
-590159366
69996456
-52951727
649051061
336229275
-239845899
607792165
46466675
704751933
-146231019
-532253751
-494459532
-670477886
944000651
214687353
957157646
-523612048
474423289
94302444
-349670317
-344958372
-628885801
-562462432
308856636
71937176
-513345553
-772819393
-329982061
-520735722
-974013385
939445362
524759637
375135137
429041139
-566981335
111329876
-834334236
524288147
84236108
371532789
-28436149
-556229153
-145876564
-619834396
550437322
-212098945
-609264038
650847866
-764098469
-532865835
-382760180
-145652475
983711840
-620831738
532711281
278180996
451669085
358062984
-531503894
546542795
78860136
-902533757
-700636612
275320008
263776722
858985124
113907321
-186913126
-39474674
109679874
-20000637
-853528988
36117658
-710375867
-63610992
-990003033
809479404
114953031
-32863360
-586183782
-921378756
-850457286
641817850
256566903
648671589
256566903
991065619
656820207
-539755893
258050923
-853946782
-628214056
924856687
-698484377
-370963173
843372984
309059435
617060863
-868096113
-478037884
285664449
-958383419
-727336835
921771642
131311550
356262014
-912397710
-597278730
-46344389
-689048958
139107206
-829838188
-311912195
812240912
451600571
-36840312
165441830
-709718210
-538924487
-698710307
-711866319
490116711
719707084
-497273983
-826654392
-645156091
125492381
75846732
-299063277
-878560477
993440338
195054845
-783087471
-806407824
-494891713
85430449
444966889
191822126
697087945
-14488527
228392708
-454183082
641056305
-25283013
-965507142
-766265661
-554881854
-545702302
822345649
-770428472
388520546
962915539
810561849
934671791
626242699
475213474
231604380
935374044
-296093577
355855996
300964555
233537899
-479974385
314259854
243771666
-373978282
466708696
-622341899
528654240
982210073
598581521
-47649528
306442132
477859300
-782635115
-400076175
-985157361
-36954216
853378884
-136587812
-375054135
189912256
384156363
953054537
968294774
679248835
107936339
-190379610
233022130
-525379502
-173102783
702373850
-550231128
631454190
-999911981
391644472
-110662374
-490313683
365980806
-332954705
-965399899
-637990181
926711119
477429860
889415800
-810718223
-630403485
771536179
396480149
-368022469
5048535
747765621
-800617570
595239289
113561229
712794921
-402462197
-535519544
-913391323
507521205
310870929
-706592151
377511306
-97309402
-742462200
669460886
737814332
874052143
536408959
491430739
684510506
501234319
937160266
-330261733
504855972
33510123
342829201
-810718223
-779254783
824790488
844597142
129515849
656193550
462631276
242741730
-930701209
403684566
450677254
864988603
47536136
-994416804
642215461
-266657018
-76414030
-987807469
-185613036
-997058912
-604144530
-963163161
-666876166
-540861395
49344935
-164948334
-733102343
271602553
-65442486
706477306
283563846
-672140153
828224485
-869812751
-624524261
-63495652
-921378756
410458943
472788277
-734721728
-45056704
557156610
-117085150
196672302
44535376
-387436965
-798264213
-522757410
893673724
17004778
-732652999
388275113
-747144150
928448131
-129623789
-305096553
416239626
931876430
808896955
914264214
797511794
719028393
-421780011
512027825
691708112
23202554
414757848
183697519
478738476
-865446860
-47287173
987302478
-729997170
-453040587
538649088
-294929202
-549761259
89998995
-41428999
741309957
59985195
-592718187
-554259487
-119008122
343042895
210875823
59329826
599983177
507945061
311665992
805208097
811084455
-957757369
370274191
-892545679
-704095031
359332305
57090377
-491920233
183513994
886659585
189239726
66926180
-268775654
869862066
-979547042
-510795792
-908008667
-454385372
619604790
-879209313
840441944
88445552
594964079
865043280
349050317
272086164
-745983214
266962145
948316752
-607141930
987302478
592234790
562259176
365801351
-309503689
392252439
321309243
132825378
-94402183
-976820854
-645156091
-683170430
-23623052
885666959
-628494149
248619306
-699704308
683008829
-949487494
-201052872
107782105
942732670
322123399
-3534711
875913569
-425470959
-732753352
390027655
-340698733
-478145045
-657206383
884222754
-925902139
691213735
385552180
-807710248
211074723
95957248
-380937383
72147432
-526494651
-470011840
-499137193
-150260567
-681913063
-583511285
-183267013
241046194
455404139
-442458192
340227889
-497112647
-173919433
-913634098
464466578
-572878903
-402474396
792860949
168639020
787170014
-937920796
-313081166
-990253240
-321341148
761934199
301152732
753363872
476832416
843537858
-244603139
-818473190
188897969
191048631
338086285
295837065
-300521917
-825195205
760036601
-668085338
252964026
-987624510
-748348768
889090653
401568424
-100004897
-476738078
-825410587
-290138813
286042596
-859968864
-626271118
979105453
-425470959
602657019
-541479581
-739210561
798819585
429192903
-967273835
181738850
797947291
-955485423
-327454945
-987776960
-126516676
500349909
-467480263
31762645
-350866340
748971246
999239003
-101044649
274081688
-73638117
-993121207
15654986
-574824397
639586673
-230866098
-787545889
-162102058
-319864190
555189115
352033835
847991368
95893287
-346888103
342979313
940901567
-869428359
-66015815
-363854480
-423616466
-664874296
-687076502
-810150503
-608518490
-548063333
-397749642
295095073
140918967
-202100665
620846903
797319796
216071786
908219826
875478492
650135318
-303076322
-498307277
-289713451
-617925051
-160572598
-43774250
752754326
338202066
-824950530
111432767
-159861991
-384891502
-425986906
476502720
699650353
-855451046
262894275
932097694
139955430
-714047699
-743776041
347250862
198736453
615988825
-722553839
858299987
-977758501
666789859
-896539866
-888045064
-236904909
577879925
44049858
131933884
-159397111
-415048191
-187418040
418757365
-7439668
45388483
981202188
-640061461
378952411
445872049
-664352086
497560826
-98935841
-543082031
-391944269
-263514359
928097111
-588571022
759540763
-918201697
-70284043
-963229211
-839624633
-242380128
878939676
380702487
-569967744
737372567
-366247498
-996726563
445646718
802949119
-120799485
-141621762
-602718174
675899262
235118634
609929633
-771048171
-803112027
767353425
338086285
-630460513
713058202
-340000290
214833848
-870728485
993628671
-357759243
-126651401
-939855095
-727614684
218813625
223978409
-394525768
-612732510
-822701089
744064957
938348566
-954892052
-888470796
365442701
916513948
-932267032
-26544657
155772347
-666493897
-439559985
-438100637
-408239560
858853602
330669535
804067192
591482469
654815471
-865756799
624025136
-186026242
-999620513
817565633
273490017
794645630
817748647
148463428
630446235
102380787
457477215
263134000
510488355
-540336008
570897036
-238473907
-284652212
348895593
956525287
545484966
92054336
-302403665
58525262
-789656114
-70662889
-632597521
-29709143
-719301629
841259668
-579258263
23614903
-331621444
-751096593
-964943059
312611945
-434929114
798819585
655059968
-89148325
-847659958
430018515
-2913530
967020840
264816109
-342604640
688337502
-39694187
-839624633
713051452
-733309643
88445552
-696041653
382706576
894912230
-888947688
626242699
-151638293
293862922
-728489474
871268488
479171738
-694794024
604703804
-380745358
537312589
-299864846
636372994
537683674
822487413
871540082
-284757994
633058011
835239168
-527938557
-999661388
-184997022
292571121
-137382255
-955577478
529417300
-891200090
-172883706
-486002340
740927540
769429126
-346527476
-650346711
-367167601
825415582
650238253
-617258186
537757257
131933884
-785695133
-341013893
-498871995
-288271810
52239500
525927708
-212381385
115664542
56666673
475300715
-494802656
-280849070
-706671734
-955485423
562037025
24055399
-242643574
-175856035
880819505
-230140842
-193123748
-611074197
-620454182
220083209
661174945
-509652224
-961226130
-597227089
632168342
555500573
990732020
-339849256
-236105319
636286584
-409743854
7983050
730896789
-78011435
79315385
797757127
-520519776
-636062669
179150540
-281350038
359004277
-522345013
-828866802
-463483437
-816192855
626242699
569955844
547854085
343201086
799096550
101726143
67114535
786224137
322023742
-785166324
-65735897
-711644361
375335741
-497014937
126428066
-610115885
349524731
-700855750
63397662
-822945577
-649606928
769638437
-972421270
-997867839
-169922206
449232379
-509366766
163274736
-724176417
-220450318
983055476
615620769
318475032
-383527796
-820994407
-527938557
-859107407
979962080
300806722
432210187
656419313
848891491
-674881087
594827210
-105294551
966151772
509164286
482761076
-287236654
-304472951
-766351918
-204616799
37968210
-673561532
-64248663
-762776147
-753728057
-850457286
919690712
225562050
-83640192
-313362517
265026330
984407892
-404705065
133504227
201138921
-349450520
401902178
-440539210
-314149865
704408783
-753060098
-538103590
-840473426
-446975979
-74994933
791448916
-261208091
-564235949
-948516186
-998579024
-436895983
602263251
-980988966
532517794
-625671952
-128424518
-950817369
848566848
-252765197
-868491592
123439388
-974194110
-804674801
529185103
-765329045
-645539301
189609745
-290089718
898079764
-821490912
855538038
9036759
4992503
-117016463
354332537
-719635893
-110132494
271622966
586027238
-21921166
-277561672
505672948
-767057686
-934819360
498392885
784943633
923332193
917453129
398200272
857998792
769918597
749011555
-668924050
-953606904
314909779
-495447137
749881445
-141967527
135006825
-223244767
-895161255
432967357
798024936
-678670407
448759133
-393212296
-661153183
-596703477
-732983980
-22828988
-49113102
-689520349
122185696
672425337
-447409046
-447199172
449921960
-665471884
652364457
-9514418
140313071
-706175618
-736493262
962229755
760843096
-535150141
-194849350
-819348523
-984881767
-559654259
132507311
541792675
164847867
488429162
484086697
-195800739
463367154
644084953
-63735421
579992581
-570900505
453784115
917708179
284041227
-208396652
680372726
805217418
-637464014
-470945020
744193747
111516370
171731403
-208770322
-819403430
720005241
-853638211
-15539644
253774356
-820553514
-763294440
-229579109
-708282589
-948933543
916926294
-10550479
237209740
-557172448
-670049926
-334519095
762448286
159431169
-359416392
92524640
-593279452
720576749
-485048881
858299987
399908775
265943344
843435183
-91858086
85933465
-527071026
854986358
-939682678
583611481
440793069
-524397688
-687952525
-984268867
662573274
628605425
-288382593
-324777874
-231838421
194860725
26852869
-439699781
-191471031
645410396
-685431645
-309450924
319246181
-16347259
124407866
-626271118
-849871169
-747814080
593314261
-373803292
-858891841
-349450520
682137961
-368300484
-751376302
717002174
-916602110
49577506
-74051229
87414364
188570272
347382539
-84802952
909549672
-252220755
-863471219
-964813121
485942687
-618084589
-39791227
481207415
57441063
-733102343
-454982816
991923575
491118642
-962248056
953939105
-234805626
699050408
463641106
500863499
-26212619
620661783
-798155731
885092097
-979991690
-206070248
411841673
-94018895
372846222
-436888116
-317524841
100036556
774755894
315168234
204806682
369866480
616174303
-956474768
342065230
-701072308
202644334
-845372698
-214140286
217594516
473396043
-8159869
-797750258
390786200
-852271304
-785198372
321709055
606498711
-980137995
412700428
-748191133
594459810
-383933117
306939614
418304885
-441252436
-888036065
-335170622
403744668
705368457
566122567
-326020547
-556947059
-445514564
-562296769
274770360
100254893
-611301964
-477664553
80825630
-60670816
-841671004
-491984260
-587069706
654355316
949158201
-177490484
-417936404
-865816104
-251162048
-495271006
87073714
-124853705
-156696332
117380092
400300270
603253057
-503758209
-312208402
999418266
456126252
507815194
-162168015
883076622
40565235
384550494
-997867839
77867147
131961904
766374883
-499002511
-651973729
541409825
-605488459
482761076
-30367642
-818125025
325549218
-254908100
-862614611
159324253
80690481
-113077193
-958734751
587561176
338642105
-361696906
876318332
340966105
-509567622
-997339642
316846851
-410742386
755008614
467465006
435757817
-511221149
-891627516
649657615
395343021
-970092642
-796958260
-144825118
214281626
412072486
-239542232
376266267
481892272
581062495
-98935841
160669597
7682555
-733646315
395343021
-81413791
966329857
757190509
738815317
-672536402
294012414
-663175385
173662029
-691958727
-668740123
-103253336
440053757
-257097855
614125888
-820021760
-92882162
-999204777
-152777414
-761697662
-287798900
-119082963
-596087159
382153483
447902796
-90382347
-312622962
-477467116
-143975238
-252528826
-527508610
-914483419
-446797323
-463066843
-934990644
683615456
-165071191
720327021
-135086355
-971068049
246804753
-965399899
644511305
-757135829
769132725
-112836396
763896329
208971944
211125818
134000802
540108927
-910683927
-474063463
-740935623
-431162254
-411093354
-697595363
173001477
-193315184
-891489904
-398668682
75487413
243392296
-305096553
533641865
-936297366
-998952270
340227889
252627241
817565633
999528243
755343920
-822190713
915465427
-785035034
782232602
-831331410
-697668822
-422365280
804894267
-295873611
238254646
780979276
-202146556
768792242
520739760
-914629697
-144335660
-188453386
-854526878
-450441290
-978036382
-437216340
684450632
51667616
-40808907
-455109288
-969984376
480964506
-822845604
-84981011
659038930
-297719179
-609397936
951809481
-785448634
552841101
-421903371
-308993958
406336907
533572425
8944699
-944096487
866305053
-865155321
188739805
-323702958
-378041073
-39221294
-33588938
660149136
-348462313
-698951328
173171971
-841065386
369513758
642484256
-455407146
-257427175
426604170
-841671004
774558920
-230952411
536297892
-488487645
854141451
-499257654
620244406
573275328
-540058046
-703763750
774720428
-59528431
-518330383
811163552
-249743798
-595298118
-474753989
399140431
248184813
529185103
784581856
2488111
-404165644
-549859632
133782699
681569174
143427590
-820356067
-356474783
955992142
91252777
-210686585
-622984045
386331490
108152800
631946610
737974722
-56854825
-445843987
-193923311
871821687
-474889623
926563573
-831285031
667485112
922469758
-844955643
-969570601
-5099655
-838419111
567884061
110385644
20206295
870560493
-815879047
301742811
915760564
536297892
-233728278
875521613
-497159525
616364306
-350361955
379527482
-202989836
879498964
-59370558
-927732610
-352809803
-58556284
-563686502
995479199
-2368855
250065133
498850003
-659646895
996214037
-11172206
575522854
562544156
916727009
-492868813
-284266866
354058799
-906149494
776646402
811084455
421351430
829806661
-227015509
61415141
-373450565
897900439
899195605
690471962
-16264970
461008824
-904470706
737887597
-676451569
-33588938
147486579
-576034303
-359747844
129659265
944929676
382460152
-856714179
-181659899
360942560
-98787128
18474425
-726873074
-296106469
-38419007
-450553005
-865446860
-163893666
596477500
176513269
834789508
737723386
-824628765
-88124135
533463433
-531246951
-610432381
662570459
687495724
-551590354
-667471462
552114852
436771512
974524858
610872069
-652674648
-643678461
940446746
583142277
-921019713
172556069
64652190
-229353458
137640020
182228463
-762920688
987606784
-737775960
740706500
-165963942
793443380
934671791
-487077648
410682492
377579196
958160164
41030138
-156907828
-763153546
393464942
-672861115
172836444
340026161
896616374
-141361867
-591275741
-565767397
104203521
-20655042
-404874599
713887537
672649109
954665324
732965481
918647805
-389151930
466366392
85933465
-922113080
-307522562
-980242173
232115886
-780768993
872781779
701499450
-52112703
-632909588
-594671769
107072341
-809993563
110440442
240869203
605486798
-220211160
139676276
831735049
-978374532
956321745
285925995
-488582528
495747005
-576034303
925116682
-514907450
-985157361
-537555203
-185357373
-538305947
-269721098
-9432090
588962390
-937825014
740706500
265486734
287815962
-943279539
-785845137
163130822
228979752
634403370
184888602
-604669894
15969613
315112241
-855050641
-714460966
891434298
431922723
-256670349
-757950478
-952206997
115317665
573597652
334774781
-478240867
50827756
982647895
-44791562
-326829107
-621969527
-42698085
-128774905
248184813
116989602
-310949529
396480149
-2975830
-336122846
82474693
631647483
-203571295
844722415
-859107407
122527186
-510989646
983511295
486167235
-610878283
589972657
332964038
-844472761
-586555847
922680540
-933749295
-122947070
361682269
-220981123
951476951
626771742
325617604
-572975666
731846806
312755220
-296636650
149780901
294325962
524137952
551156465
-308576606
-824283669
-343562195
-777435944
613591381
-296836572
-788044867
-451824736
891943734
407543338
573275328
83690193
-218829774
560599535
38887204
57136062
-881412650
-463149978
-562296769
41336856
-528293483
-900716743
-397511877
-924312168
-648653154
-680674556
896503542
-640852788
-182442580
941672613
863938080
-422643634
-22671406
272779467
-157848462
-474836280
-456684517
-351724759
-757230581
-494645561
95786124
307029642
972773870
416642493
563620531
125734535
-593433345
-500959184
758934989
-574824397
-981721358
-822875866
-760001507
917718080
333435506
-515868908
-274079903
-139450832
-882212495
256175994
916727009
-689824085
-604594899
756742863
-808554252
547539165
-588571022
533252238
601076480
192365885
-384623022
484312664
260139692
-906149494
-257977092
764999394
-629126312
247231117
212798542
-129333546
-947873559
571170658
-243600805
203389674
-21676655
-346379827
-821490912
500906104
879776625
581884264
-816326060
760930381
409503933
-878560477
-788541502
-672779210
-243370113
-974194110
-341829903
220961270
-339266081
-319692042
605658362
685226315
969082433
-957757369
587597011
440251463
501706504
-870862491
-322130255
938590062
89234943
-352727972
429777683
157591877
-62284261
855606623
-671075299
-978447868
-328990412
200191011
957157646
-50989269
-511568594
-645145771
626602480
895865524
331438822
878115175
-20531261
-261663298
129699274
438153109
-350154230
984320210
148540758
393032685
-580718424
-616686794
70191155
368474421
67077728
-713493696
-653045604
705951532
-103126163
-205752610
-9057640
-902266620
387694923
611265989
-766910483
581675063
134447091
-811901588
905107148
40428607
482761076
-40759567
-254187503
112345222
-846825180
65679035
-862703057
416033328
-669875462
546760265
982895594
-252407357
-426762057
998466887
375062311
-132855410
-970611757
286594165
-463824960
-951277633
-477270678
-162168015
-152956384
324357157
-384377735
-52431238
33058077
147241587
-328990412
673442812
-430998105
-605700487
586950611
-504192357
519884829
21924579
-762353192
191517168
286817575
529699261
851840645
-564122093
-552566509
-706322874
-199500686
851312197
456447
390786200
-510486036
790711260
472290755
-224852266
-240294358
390786200
563369044
66067548
-593601871
-364035583
-830668266
128547794
783308614
-906460653
-490449356
311617940
-674631618
503288951
910043781
442532345
678200560
-115115770
-55859459
844659336
-247917729
265713296
-581131105
462312225
-687787414
-751334430
352298278
-301213451
28868723
-273224004
808657590
370972529
-528410501
977307220
-520357483
326501304
265943344
854968539
-200074219
-238653942
-338888385
530974772
-304314875
-967506344
718315223
-546828588
-627287810
-45686152
-996827976
563165820
-802199375
567427018
-720918115
-339906310
-664202767
457605302
-313821137
-144241174
146245635
-423779306
-579599171
953539779
-922765285
-467575795
-964070667
-417925138
-885142791
54580524
-140546414
-784699890
-370485370
38734495
-631115214
-101112690
197349076
-819310743
-244603139
5860272
-415250006
-531021433
-465970078
-16399517
-490313683
-125272140
-184179742
-601499054
710898662
90849975
685693160
524900770
189994701
971595939
-559777763
-375916986
-240121911
701450895
792067809
637990762
905684392
484386968
414287791
-109204926
-891909360
-376966116
-993866955
203297316
-567650851
-557347756
4360674
708052136
716534432
-483381192
-969176360
-202851126
879021340
-995565930
-451000638
238976717
786061058
727574512
685816555
447880865
257079041
787205038
661781947
-127813865
747086720
-550157167
110898571
545484966
-995565930
35055052
-156662416
-632486305
-546791432
-318470498
-64883959
179046479
707979067
106718925
-77029713
-848890455
905288593
682954160
202526030
-653127926
502091419
-52767437
-350361955
810405233
297642622
221932147
-715842395
164689243
586513152
667791586
-662775038
-81993186
867989069
567427018
867090392
-452910878
-406970117
585793943
-726273793
386166233
-56854825
-437318652
839497719
-490621962
247147340
-400448006
-964943059
840093495
61243735
872781779
695878271
-299573807
-678563099
-462498044
-595080864
353898661
555896972
727589718
279677323
550774920
700425495
277996070
740043087
-27762740
68923528
673831097
-106164130
247947641
984778944
-408043134
295416618
507121840
415568253
-69387680
824133981
654681429
-351886081
-814094486
885367100
-196070180
-834716401
234946728
-871327598
-872268329
-983320564
-251386568
786537458
584067325
-830736781
186354258
220613272
-205003719
-364966722
230473947
-526494651
851063919
863450016
124726601
-78255544
502006001
606055093
-979155444
-516727136
-506305917
759132645
89878334
-587644591
-590429681
443775874
482310612
-618605584
808728244
-784855289
551923655
-474449189
932975871
-904828505
-58434998
-555516099
-132801302
-839917081
668797860
-165298401
-820029303
957157646
-671632483
597149815
-442853229
607824942
-396072691
963724024
573986119
-188179418
60369111
75895709
406336907
607045339
429210974
-392792667
-727614684
937160266
-391423129
-806762907
542018482
-592442086
-314985139
-935667645
490434513
687900641
48168453
-157692199
484914760
-862297282
-427857128
21826325
-242234527
-800065489
-221647964
979046762
630279958
90664217
-589244725
755180717
-670477886
-107815487
-537542758
435896433
-101971607
-21150227
-489798472
425663860
595239289
227294923
-709954748
-908837754
268527602
639168753
154229936
928088668
-752971222
912345054
-718209883
-435407951
-675362474
-450912484
902926087
-63735421
-43154130
513772264
-86146874
682349781
-830077001
-180738731
-548463989
407230553
-453547846
30636295
512561959
-316803844
-820553514
-855135768
358615070
-508965902
-227606836
-773569800
-178234865
-800485637
-461070934
135815467
835595473
-12734264
-297255733
740323053
753803
-207854661
-542007634
-764905436
-827693010
-630794727
-15151480
-400448006
-655854337
-237030076
-846642666
-210656111
132605404
-267162491
-526325729
501531204
-738719678
843692819
549157345
-360627866
712794921
-736667993
608591573
-217512545
518865914
266529401
297910803
674851233
743936197
-676784016
165002101
839370384
-277655567
685693160
-243419475
803953027
-83580605
476931617
-363628106
650312773
-372798293
852873172
593352396
577634920
-716631301
-192640235
413270557
627322607
293509436
-550658062
-756817425
-978595554
220379417
-753975278
-427155655
-142273906
-852818007
268274512
748293096
299556532
-232717350
-259388137
-422982945
-780973803
-545905384
-940749038
-450352315
-647088634
-47529875
-554998991
-21780889
475300715
269208427
-215238349
-668698013
32393665
-835236564
74850653
385265830
495532600
925932884
817748647
-123029511
275197391
436149917
918834369
534381023
-975158838
669217138
875838932
964278197
2611323
402556165
26766914
322895725
-34955729
-21192098
356289444
-105849287
-651784453
610771298
118439976
-83421990
491332440
-246609753
323250503
339288837
-542566114
961174621
-959397907
596592147
642677815
-636986384
-335464009
-434265248
-571089959
-754709046
-61011041
-798981333
809405659
424791559
-319796827
204452616
604380785
545113444
757855088
-774206874
39027181
209178809
489234742
-477723443
993789589
-154448878
-587511222
-248746379
171425454
-110423322
-889650838
865662799
205242856
-413144416
673831097
813473744
587722276
-668288790
-749106594
233983439
919408500
-396910814
787170014
849539006
-195045245
758669583
716585487
913703643
892095985
-412359949
64731840
811357664
-847072793
-81849141
-953194393
495581767
-138588377
-258342499
1461248
124353175
954329747
-292784326
89808503
-384891502
163274736
613839377
-344165084
-285492289
-388172102
-540963849
-535668928
-64627682
-736953925
-540367918
202346525
-96115711
813853534
723649851
407178042
321533586
-848250226
739427720
450843558
227000694
-134743056
393751175
-639679245
-329999344
-233304033
-713424737
-969776284
817493617
-990973985
-45672819
458917867
-697958147
-614636209
-383262016
-707496679
624854559
-338561667
-67836527
-361010477
739626501
-869101704
8189934
-667291854
694650585
-243079616
-202989836
-730965875
93525465
-832068596
179769859
426121074
788487947
-843513818
-85681975
815849476
844301832
22690270
-905399944
-433085254
195188407
902331658
999633944
-6504314
523835080
-437021673
-233140644
823667479
-996221594
-372680824
-327646906
-853125887
-685095281
816920708
464936009
475775128
931483220
249201186
-795575577
-285492289
-326557710
65858677
-492915657
719145521
382069520
87763681
-720752605
802682406
815191690
463760597
-456512977
200191011
4910247
396958368
-391328463
271602553
634484644
674114476
-435300890
755876448
-778012789
953414333
755733327
-893006408
700261826
-645156091
-144460569
244996488
336112075
-706322874
-207795468
203389674
-49970330
167636725
654572794
544054705
354454388
-331621444
-800367504
309900940
867213959
245600363
24154957
-104269147
860880591
-447101559
600534867
-115401752
316846851
437573156
44049858
-511862675
-99009321
-60727515
-521653705
84385696
352087554
372434022
-147594867
682576116
-830586440
442508749
-601165310
-252220755
523156039
-126516676
-185774444
664973987
-378868406
555029613
-92099846
-901371163
789605150
-931746871
-784108335
399908775
-558276742
-438229175
157369755
798819585
433426099
257139182
957647986
434669971
-82886487
-676751642
604380785
106486667
-126317590
-909466152
-417057998
818844156
-770862794
107037361
-375194508
-160572598
-905399944
116253690
-652165178
417961550
-350026649
-889840047
-195045245
584014140
913330472
258050923
-489608230
-432067725
440144663
927086540
794899457
-864422423
977958878
-122986124
209528245
-510668622
-599198926
-415391932
-653019361
-789905702
-362043168
172511444
-779960262
553460286
161373766
-2668701
-655694562
-882108513
854526381
-977586978
-470210814
-802553748
-806282589
230690101
68660926
635042344
-725264922
210513263
-415359846
-890604318
-676784016
117805060
-640493885
-732652999
-877164240
201893983
571170658
-408239560
13250418
674619055
546053491
867386681
-93977778
706296135
937943070
386991773
426055941
-911860259
934937543
415454564
157591877
-34325103
880218051
-968169702
-41621219
500326454
284041227
294819617
-533348561
700952335
-157540700
850426926
73392946
-902478678
31796687
661433317
696877635
-442190388
-463066843
-447101559
-980701662
-199560554
423067122
-785156926
-174754797
-761375616
464607624
955112424
219259573
938632446
994225163
-660177732
994675192
-771048171
898911221
-730199578
967962741
306238242
-715770766
104203521
908251472
-605417910
309207169
719333349
-592481143
-586555847
998428061
-435703569
-436115805
728237363
-500468312
453034325
-230588774
232886090
708334797
-487378241
372508541
295865595
-790093080
-238497310
846881484
510784229
-942225684
279005390
-676338776
96152128
-694794024
623118299
-467806286
-488582528
-94671730
694241638
-278977771
94941119
56890483
-89148325
-625148484
-129965797
-878345930
-798359215
-988475460
-622684453
-905006949
-890307701
-527200450
140140577
-106863405
9172871
952551370
-785869208
-51716369
87155884
610607416
200191011
-530741189
-556545857
350278365
988222892
58660755
512747923
-223540679
-721472364
-171400200
630491725
504952627
-287292576
-252887060
-702543658
752107216
-77204799
-145757913
251916957
-295953700
-920594985
-939346009
-320177797
363076460
371486083
71160470
802409495
691708112
-441142282
-316986416
-351495944
921356271
-621817585
-106677829
77728107
387134049
-326557710
339965779
849539006
-70031428
-979198314
503288951
-57196468
-710902858
-591605016
415806211
-719847971
-594389265
-15833342
-859068095
-848583011
542936291
-129431019
754261395
455852664
-893390359
192170695
-753921139
-605331124
-180359561
-621196064
402324527
-608453925
959236324
288390811
473333588
513511899
-264926190
-763518358
768376834
-273127135
-276993333
395343021
232435288
-60835184
-735395740
-623691381
787316917
-33554667
-69756133
69165406
142885727
160195763
-608687104
-291469514
338112744
930331794
-82461916
-356971392
96380131
733294249
-747978802
-400879415
-282775245
224074988
-276227275
532971185
-733391735
-717432645
388275113
13250418
523977171
-126941559
-633740381
-780303918
-297177349
906802076
-908583650
569642197
-921269521
185582065
-654328146
999528243
-247595715
-722876493
150894206
660335707
-784081915
369475122
917526034
-83007307
-831083290
968566978
-651882260
463837831
663881306
-916073688
-90382347
-657585481
462796246
-54850605
521511926
371738350
483900306
-853988944
756839000
-445843987
-254152446
586339236
-73232809
50465602
106948607
278035578
937472730
5236046
699650353
757284148
386758304
513300915
214942934
990791945
-344776523
-14957270
-336318191
683733937
546349703
-94789919
741104013
117249343
-650197802
-543016652
152566644
-94789919
878881638
896707436
-358977398
-761604698
-456938984
467222405
887423037
-924126109
-214454130
654355316
-552930222
-716584330
-666823295
347678841
217468502
-60835184
849904394
933620987
-940274773
948252667
-231750733
961133621
44535376
771536179
-571517397
141159027
-724403979
-434762982
-272445777
639081266
220559858
163087427
-45686152
-476668664
-73638117
304335106
243986795
-877912734
868997193
-333126046
747688404
794899457
660485048
739626501
-532390181
973636289
-503596992
-715379357
-248048843
-176777700
-838419111
-91071908
79239401
626950368
-910615976
-207009286
17301477
-160572598
-133158851
-494891713
-221377284
774491754
-145476123
-522873106
816217181
-59513591
-130460181
884222754
419465571
187022853
156751883
469865157
111722005
-157801933
114640542
445646718
-616064631
169075466
-173038046
5706681
-441694368
-933565103
-166876725
272431604
-720172344
-717893679
560938467
-164331746
95786124
-992056009
-828060050
921741914
-783202358
-160152474
-309047752
-423227160
-524310605
967420188
-241751662
-629558698
444221771
-48779133
-2138493
-85397307
-109736297
-754966569
489633413
-360256741
910927790
599457153
357762062
-532283894
696593154
-841811692
299055033
-614382890
983028646
469611092
-455794546
-437793865
90321541
-37955413
-749597926
803152349
-52112703
-17421759
770555847
905884692
-630547459
433339070
515119776
-866954131
-15959715
-486876440
359624034
641158678
-73059983
-392425554
942732670
394750160
-653799151
380582252
-512493069
555105656
-835427189
-526225150
-454783663
-648298931
949301197
-491831598
-73712709
827978234
148804780
-60170804
518497086
-762321785
-409016204
554189522
-385019314
597883010
-655010699
514427351
-228014324
973863777
-644500854
-141262319
628045654
748440830
265009320
895683821
-369264037
142168987
-263657210
959355452
-229579109
-574824397
898079764
-745983214
-548174177
551330963
823539886
-10087701
624118881
-941089998
585570868
-275977750
481140278
-946485978
171425454
422873105
-131682282
-876060340
727053348
-73059983
263134000
-192962817
-978867609
823067079
552679744
-309832745
-171175095
-127090331
470300762
636286584
808657590
-678467470
-15192356
128211092
-571850724
-714371634
-744908186
-376966116
700655124
383804302
-665667123
-782678258
16649989
-515242938
-51874415
524717474
538296305
732665341
245600363
-245095927
-846236911
-572671070
282690872
-246487460
142465752
209698101
341070318
635272455
230006709
-909032574
942291201
-244603139
-578712578
78286668
902443036
945166930
-707083758
976234789
258675066
-972458935
-652880599
-58710511
353268737
-509041434
-46846179
-907811711
426257751
-396029064
-245494723
954998065
194958402
942136379
-511437932
854917913
-337810776
463540597
980410917
-298417556
-66927725
-149189897
397506244
-715895601
-721561906
27474663
-550340963
-765655755
213079576
-935248680
-852373852
-924456394
820733940
-119082963
300017886
133310521
988317847
-959868452
850869235
853523772
395372744
-407435168
-325972748
-927450112
548767189
-781119655
-948091875
732185021
707979067
-37280255
501296723
-772453406
-419852999
859833085
-319864190
-868038285
-504192357
818844156
147073774
59068189
-79381094
291809114
932179626
-154334715
886852764
379375882
613991916
-234022957
93095700
408799565
-827915286
-679333556
-508609404
-216455848
712224556
271403353
305519464
973364509
56271069
607488178
-321471177
826376391
305246475
-145726332
528243749
852472003
655836836
-767920757
259022396
49235815
468410178
156015250
32659705
877320902
-404012995
-332747318
-443117371
-138016183
-941803869
-568269124
-617661131
585666645
-730419566
-957616519
991576193
44535376
-25921715
276921502
-765133744
-309365481
524737621
-80876300
-555938465
-15151480
986300030
-936880298
-674295757
-784020299
901373162
-218130150
90664217
-861894760
543749331
-618223287
686466
83204587
399140431
199799304
663666811
140830813
519629507
182609293
-570446284
248436090
-929467896
121964991
435146878
-161513588
-804054985
-937313409
266795360
-352540744
-45064986
-169456226
-250621265
-336910581
174957397
78142929
273077984
485521807
493874454
337140388
-427438828
-533348561
-407798425
983580643
684697648
229581818
-122882298
402928070
697032922
460351290
-796958260
174396155
-405151367
-339165480
626073643
-726172029
283630725
-451697176
822412404
-479351786
-860449862
772609321
70804453
34168367
-971952094
235898735
-116203002
680824203
-767468646
914049228
-901113556
-8814467
-58710511
449075010
-267357538
510523512
-809103557
172071258
356611793
-886795996
536600996
-441044295
870162681
27260938
-821158206
720244723
-841065386
-640766727
-330649586
363317323
232324361
73051103
14725195
-41030115
-618505898
-322699152
-725833571
-555516099
-736903465
121964991
-840535193
41030138
759565124
585969526
742224931
-237931326
246928928
-988804868
137859969
983314887
276868439
647094154
-274417501
791754077
-171649354
728947430
-265288210
-772380985
449114058
-806965370
881474777
133125253
-954513520
494480713
436928093
-411291028
546716195
681706346
288953446
-813935653
-656226505
672202770
375953293
743221961
832846535
171135891
-476668664
108287823
-702076790
-993866955
174796855
226767852
771592520
719250986
526684263
124726601
413429942
-662709974
-174370974
-133613802
967065676
-211208669
940110404
-997590224
-898080090
195811375
-542566114
-319862363
498115922
-787573905
-201150867
-249589958
120203320
148200987
641119631
683534381
-285730121
-663175385
-51283154
143540364
263015799
135575341
-9514418
-910518278
-835427189
-855135768
-556133470
344760709
-93608687
-377131922
-16825057
-489487612
734649256
503228691
-863901349
430813371
148699519
-758282138
82719627
-404468047
-447558517
-456054444
419215787
-437706945
619053226
-639028709
435668416
283267034
622432475
525222288
-754928533
-710631809
528107065
-435357271
-331209042
-114364507
-278602544
-92522405
688688756
71778214
-991036615
-860781231
38286898
42754602
668797860
551785194
-338130376
146804033
-169302467
382328991
720005241
760752671
-764040578
-863292936
830782295
-875690870
628045654
542548823
767968202
266873266
-422893833
-399519479
-819390887
40108946
-624332321
-680966637
294553212
-775062066
-423791275
416156883
847140013
44935585
786123513
252979740
298083636
209867534
841004468
725883174
-992024255
-26976180
891494017
-466648487
-402474396
852625194
230113390
-851317579
-28912782
-900034307
-791738910
-628363241
-345114710
-851252142
888889951
286220492
-455895718
-329856646
491396870
671608607
979046762
-472068237
-594671769
-996329064
249072697
116973216
-861361104
-929935045
223978409
703407914
323736186
454132847
403113293
-513920710
-496771358
942032986
363036478
269208427
-150711474
503037479
-131505507
173862051
220379417
944172751
-695868089
-24459578
-133329180
269852145
175875917
-798461294
-72434341
-531503894
74184886
-261721780
825862621
-905731464
-588042714
-783744696
15654986
328425432
-127154220
-620745178
844569300
-176083278
884678425
290934582
-70505164
989732345
965635774
528705481
-340738412
-430411660
-439536715
-857088991
-731721968
874895253
945550072
-517172420
-946271053
469635068
802682406
-604594899
449606854
596592147
-335796916
137968451
-337736788
443191438
153308648
417612441
923428036
448196844
258675066
522736325
477766644
57652748
3738843
92154175
427879202
-449719354
-621614557
-168335236
-463149978
-214006769
377745903
805041079
17066136
-568086926
-33282559
-283901682
642677815
-202345974
85813067
-464277315
585570868
432727324
-80987986
-863055769
639586673
-942071598
550528539
263801225
343977412
-10328136
-759951702
-350661196
305957512
577583523
-56374299
-760925080
-289912845
-854592162
781132113
-78298319
871821687
878541360
-145476123
909630565
962038242
935929595
320709454
-373267930
238254646
-753328721
-812952219
434669971
-508088886
104281064
67114535
-317466181
-357495530
-574378602
-267795825
788262475
770555847
139036750
711693101
-116695697
305957512
803671148
291975446
366759637
-4689509
-249400961
568648108
752265528
-956474768
-926450894
305440301
459011433
-65141291
761224378
74698074
-112191262
296045327
-866520215
-193042764
-82708293
192870695
-864033348
-296655851
339689543
843757257
-608518490
349687113
-965376745
-215316894
-700561191
449748405
-249400961
212336804
-813470578
-469869510
431922723
498957223
826714265
581083857
-834386414
110052577
403744668
-646682655
191632879
352769279
-731316811
-80643117
-960200715
-531021433
-649745036
-960164638
-838780523
-632909588
-77472212
-6893039
-126765364
-199618959
-912994648
-623691381
-117367503
914382936
929584571
557828343
846017292
-778506069
901373162
-895032158
-698012225
23497625
-222749224
611919313
-23270552
832621609
260761067
-281939272
-324185716
297298356
-482094742
-280217832
-33019322
271573027
-324999656
590232958
-308113168
-273947717
-726488927
-417725178
-20392998
-624747030
491992781
306442132
827652076
-447101559
429076803
-90487843
247880354
-283520107
-257566785
-539755893
196164718
116434811
823719920
-446481702
-310341049
612615088
951929661
730567177
-914629697
-840805301
738656989
-419134813
-65141291
-21407708
34657607
179659238
-992288241
884908625
-138040087
841969698
-965752926
778979631
882731373
615417945
198649275
-349254859
646632628
-310862256
967962741
766971851
-334717058
491396870
-252139948
-243750473
-909466152
592838749
541473738
-128994813
492642848
-228030878
198548072
314876598
-228744052
506651486
902728049
-882154501
300142043
-146231019
747688404
94220253
694929126
281379909
643880434
158104858
87991489
-162284482
94383413
400603859
624740340
496341975
466708696
872781779
-847659958
945367007
-148417326
-462678186
-823860177
-242643574
-818125025
900812673
-347056112
-797467173
889609213
227726495
333435506
-703645135
177746957
-984981302
-425773627
451947652
-130849929
983476665
-42698085
43367754
-859654022
-122031988
53544049
-459071374
863037382
-552930222
265106135
114425649
-570586043
832274325
-761359944
431395421
-642516373
-352683805
-438035590
201660430
-766910483
790732400
376419078
-594978633
799765025
-668832071
482043876
894709486
-164138383
963724024
-862186036
744554788
-449070806
-390561570
-196957226
95500753
-816448669
-137030078
-203069430
419168258
-497908755
-854068801
997041924
-69465448
-904470706
827410846
-523607626
-704246665
-616393306
281564212
-668209670
-12761754
836094767
-38153513
-804984181
708994021
-802872573
877894405
199799304
-360127539
-510287249
-267536156
-875802430
-968842608
39722171
-531356525
-218898561
405673513
436064288
556358850
128387177
-791017707
-819310743
429777683
-368521521
252066556
-932823748
714854091
-286319148
466389213
-402380315
-906683477
956525287
-155514158
-460531565
-252087072
131352467
939889349
-183128466
751080150
900238896
-588340528
200527724
-463102778
693195736
-606611206
699404931
563252271
-197931484
-819403430
-858645615
-365143034
235683456
-439422944
559188846
804532307
-233087880
-288492479
918206309
377042635
748547298
-682521458
-243239415
979721205
-825970796
-95926947
-821267137
301057317
908440188
-470210814
529974926
-983657809
-329468809
144468
706244707
-88962135
61045562
-91071908
-926163865
-317618633
928957106
-317747672
975005156
244816184
-461489197
200377262
-614229023
-162655104
-41565722
863037382
948443109
437262999
838757508
-81724480
69010624
288097360
-19927552
989859364
221932147
812186923
87991489
934033141
-26813371
892883996
-83825833
413632212
764396933
-445757131
831037587
196406714
-771189211
523835080
661305650
-376090921
324537321
-667137534
215801389
675972419
-144762727
-660906063
-98354311
350167928
-149704298
404966560
-492023375
544268917
-790635375
-759810090
929096279
-564594104
-717893679
180174399
110851482
-844018264
984013977
511044867
-559953275
-973916514
-892701355
-744711100
-862186036
437412891
-792858904
386166233
575054386
296506073
831037587
-169248733
-803404247
755965332
-398080000
961338219
-959747218
-577232654
-490081723
-897531643
-864613513
104760237
45630966
102845442
-205028247
964897268
535162591
-889360544
968356036
-323173006
947830892
-530879909
972351258
223011395
-811037568
1838484
-952824844
-705998835
32393665
670379535
285899414
-373597495
-966192895
-15423412
-429989916
-122327222
-904470706
155129416
670694979
-701864486
475775128
940609390
-878818620
-567168114
-50878778
47978840
-723965147
-983032370
-974500553
737602095
-533522420
-125272140
-16555487
139712185
394125915
79807916
892647552
763202356
650135318
-761532044
655836836
98708577
937472730
-270825109
177006501
-284566234
-301442394
435146878
-139951035
822910961
-569863499
-573993920
-823006634
655997697
368374576
-987879941
760708281
629776038
-440447951
73718604
-643005503
-153949560
497984706
391180713
528032682
-927450112
208307715
-360445686
331089801
253657082
-827756581
814546672
-6746754
134284270
-178563362
322401091
468761616
2991818
19052334
-266569145
-936694154
126629013
-611376486
313504030
-704405624
541792675
-162837091
933553006
-727963058
-543972411
557886746
80948625
-457609364
641182463
-308212
-96115711
-616851238
228079332
501008680
676309789
-904188907
67329520
-173807910
148083674
-801055359
761728221
-54366719
-65032927
337391014
593234246
-91421010
208604752
475775128
-134187538
-729976158
391716896
360755194
-140420058
975843048
-130936160
904823582
-126474541
-780591159
-543445307
420586172
-868096113
236107192
-351513310
4557964
-274943883
-306681521
-589584466
254975125
242536740
252109300
881369317
976195208
-556850393
-683103724
895861876
-341419498
-738196913
-606266400
-815753544
-551590354
-328803291
301558728
-963299575
-844472761
707106154
-829194806
346684579
751173666
-216345144
-553288383
164689243
217880853
-155514158
-96216309
-765573314
-569471177
-280773469
-586183782
647737480
525268493
562259176
867386681
707979067
-165531121
767735924
634148004
961724834
277775037
885092097
859384304
-763710713
916727009
-675223326
75827280
170077353
-593786220
-141671294
507815194
150041316
614716468
717849596
762528364
-289264829
330355647
-978473821
142437557
691250412
-223540679
-394942096
-758415438
-863535603
-54412354
807244617
-235050673
565376789
-206825945
-107301773
805889149
124212642
-906527309
-317860285
-811152367
-706636262
-354805058
-569808983
-720629017
972086122
754423842
-723806567
155683984
829980045
661969483
-925902139
995535702
-492195185
987210276
-119467941
-799504254
-213809941
723211821
-533626835
-444529376
985445155
331089801
991013822
727589718
-649281587
788086667
525549877
-650792642
391873186
-901165605
-115164957
-64072275
-560130577
-641442312
34632482
739541791
-234072292
-139998501
-980701662
-702234018
439463668
-381744503
-591547242
305744180
-668698013
179659238
-377163371
448805149
-45086411
-631371410
988902042
15840141
572756086
308084344
-317590294
509493806
-638492498
-858499960
-796958260
-508319541
154152157
-581890904
-106539923
761528840
-855493372
-551795828
-763922451
349315137
-428229301
-322197512
-789273857
155552518
-842518307
666901811
-43563257
-218829774
-689520349
979247018
-203844143
13779564
817600180
-896820732
255719338
656193550
307993348
266795360
-290377280
-796833641
855120418
749273610
630554508
-569645660
618181158
-700825769
-734908269
922579326
418304885
-363479026
188469995
470306318
-324014400
-419012423
-105345501
335676391
118156194
-622984045
-411376190
163313760
82719627
545902935
457355806
368433479
-125665167
-982555842
-344889734
-879006923
375438498
119992882
353008031
-386047785
88813636
-848674682
-266394197
511391093
-206620336
314599606
759970700
-622341899
286183131
-596267774
-801964523
-228517902
736546769
-31685468
-218719149
858963803
458510105
-836366140
984778944
909704432
-939929391
649445241
454239128
-354085527
328027234
580766817
-800787799
-900324315
-260574771
687900641
605045841
-497908755
-822047854
130954875
-190515478
342302905
738174790
536013130
-699406329
754423842
-891749783
-283166677
683008829
-418333919
587930591
-344165084
992313683
818614211
490655510
-980385552
680241627
-616375859
-580176875
-466825724
-761452316
612764139
-792858904
-105431410
-540178294
-68989784
-924101791
985845977
131107411
-371538958
234703041
-245599757
747246219
204502368
-580582161
223488509
58611571
-811720213
88101067
140771275
-822531140
125957415
-430411660
-268849331
195713521
919690712
-740256682
821149985
-911581014
-694645408
-12005666
974290104
485078259
-199500686
-932823748
586849776
-313412539
263015799
-456900899
-330881581
179769859
-133674403
391930888
124912939
-545370258
-313611594
646851658
-767685616
669781525
693288148
-489995051
143056961
285121835
-597108232
-161912270
-716162007
353594621
893160935
-177683941
-29134360
41336856
-151536956
276198931
360253344
-742462200
217817997
-248620058
920392988
-979991690
23738708
427451176
814494370
-946389936
503558523
851448515
-295679307
-718363448
79084044
35468231
-688527169
133409045
-6027908
28434126
-121492995
-680061057
797037225
-61463270
833883460
-820499862
900419005
733151022
-584706805
376656670
-376966116
797757127
785495339
-502251155
28579110
102011527
146233222
476341842
826051906
-797391042
-312138094
-314489690
-588401825
-222899415
-108171732
130954875
493402440
-198843067
-596087159
-32854175
-35485055
-303766593
-718363448
648487127
-499630911
959759857
903873054
-871550514
719075522
-24809875
875295862
-544502252
-904266067
157289288
9798215
556018869
35993805
437468464
928088668
695015058
147708143
-98519441
353008031
787263692
-930094912
978025095
-555419509
-297971670
890558859
-595234394
-374175810
-158633665
628380409
18125076
-995880738
570330575
-425576254
181738850
641158678
-793891715
285425635
414852784
-469592676
700325120
-872799608
264132588
-219010988
-881947592
-584326108
548376136
-196540902
-657752809
-887899120
-864899411
-934054954
-554259487
832921955
304756337
-273380167
191013507
-609222433
960283872
-739889325
70158913
632246640
887264189
-769817748
957265075
-572169008
-656050087
-201937030
439147674
958500578
-723270260
-927582741
777930823
-213005423
306819563
549323603
-412726548
626464496
745606965
-75567731
605830959
-124853705
-313509599
-499919113
142827886
-159689750
-113388551
32807062
819133739
414287791
-312622962
182037914
45388483
-364409244
-936151293
-849257991
547760228
696538066
-695622615
-250636110
-794711604
-875096563
-112493660
2188959
-855545373
354659012
-499630911
135742348
-325873037
314424516
819269137
749366441
623413317
-406579367
-222600601
-191691617
584789628
901772889
-489608230
-947517333
-765099784
565457508
46124961
-459517405
899065178
734028016
-943059334
665586726
-313198741
118338421
-333210793
901067229
548903381
218748135
352298278
19070004
826229210
-521063441
824790488
624025136
-692459115
-437753375
639514860
-982388664
913466920
972773
868040822
342097485
908219826
-741504744
-794279482
582170731
982495273
-194305802
731498245
970508533
558572810
311953107
343316571
-920594985
-283901682
739626501
924763442
410154696
-892755545
164689243
-583217107
652771029
127055446
-764582054
-579355330
-356402507
-433561332
2991818
-776232550
-820203950
438398684
433148481
-466114714
-140265507
495451478
919450214
508262943
-321471177
99344163
30021843
420307433
583960723
794899457
18935977
-357495530
-584706805
407495495
-425905522
408409862
-999789937
-292487253
899728930
412444275
-382062228
515717322
174396155
329337395
-379293624
-134771307
930979431
-903116481
61415141
802483745
-997274990
820870897
-588215027
809821223
-207008791
713526932
-831622306
697087945
-128573199
594827210
252421068
-126941559
-192640235
977564234
218542500
-324978367
456205106
-292580699
114669505
796876784
-5468115
439812561
894668952
483245175
141120945
-384377735
83383437
811852538
605486798
-405777355
-261036450
21512600
109605655
483868718
-873190553
237521217
-480651358
752301489
-360127539
931979884
-925336548
-186553893
-791810789
861904657
450482974
284227896
860998358
-142043303
-400404514
-443643445
864318852
984077791
-85792703
378137001
373607260
-147325097
-735395740
-945967172
-583511285
845313952
-156696332
-120311774
100217363
382706576
-554198756
825570980
238130930
-566164017
664594669
49488272
-371075068
-276118449
-24948141
-477755042
997357038
919033210
-625811638
-740010475
-821338250
-32863360
264103968
151855078
-177542400
-629927135
26446571
-961107310
-77953153
429192903
-188799795
-895975348
773752121
-735865570
261073559
-254456702
485736712
-56197796
215742218
395037944
-618605584
434097456
-575528823
49985981
41815351
-155303812
-703126725
-373128837
-863055769
239075259
67869508
-420415136
-900707851
14534875
-554602563
398126500
-552566509
-609188855
-184179742
736492692
-702451062
-13267657
-634235528
-724523947
-628918934
644328552
618181158
459680663
-151143075
-897713443
627399043
-353423173
-366247498
294062384
-49776381
793180741
-575528823
791754077
206302325
-399588918
-387795553
322123399
358948638
-838493930
-841966662
-697139902
894668952
-219489785
538212774
-872015091
-389598932
887627948
267471650
-445308510
31762645
-657585481
321024667
-900130772
-70505164
164211327
630011952
556750275
-758463321
582170731
-410959176
972293825
-446364378
-235128458
-180168044
-536263068
-300286773
-122327222
-424312917
208951665
-200857661
-666493897
-299573807
87414364
-602675916
-985103168
-143675747
-854175233
698795272
388322853
-5099655
-918709476
-532673682
-644921374
331582499
-82708293
-456057509
133209904
-549616670
471707408
-813822591
754014972
-191057268
106164313
-280548816
-621433342
-69610549
-965335381
-541211140
-148113571
744940472
-731859722
605281509
862050682
-774056097
-907437673
3349764
-859387136
-883080062
-20655042
204902418
151187782
700363339
590997280
-509672438
-365319945
125137379
329167049
911306323
-615623211
-657286959
383820856
597467600
666851409
-758317882
862122665
346865223
-256338222
701894668
-853768479
-748785317
-585580331
483868718
342302905
-766265661
113951775
873779703
-954032069
154152157
-528537814
-740534743
656820207
-328585406
-842507588
748665345
380278038
-624747030
-594031009
283630725
258193767
368151853
321963270
-813230052
501706504
-61092853
557399330
652036599
-700966715
151444131
944510079
-381321485
-353355463
-479554756
-373803292
977790579
222564867
364033138
-91858086
476240217
162797501
313331359
321874925
-749723813
-616029664
-966406633
-531503894
-502829837
643016811
464250900
821554387
-82109669
373132595
-482369243
-62564065
-282652495
513085663
-970611757
15938991
-102263434
893060835
-980137995
-103126163
-137485430
851448515
685693160
840027482
1304103
563865507
-850155917
-812539775
302476019
-137961213
-562638939
901111617
-194543235
937160266
869443989
561485505
230821706
50267813
237230578
347191603
-325368357
-773081363
189785491
138218932
-669280295
179561184
-891382210
-259742832
71025428
349579335
231739332
188570272
238531912
852528377
-988527078
158621033
137082912
956818602
-850540055
924552063
290679634
556851289
-184179742
829057483
-488582528
-314401947
-775327964
-29239453
-138625845
-965236868
14041225
412435272
561051850
-236264585
361218447
893673724
249008484
-822701089
280822741
-570617688
-373511916
-390133710
66867299
441720719
-477667536
648251518
-988389991
-308576606
-595019951
-427141977
51422756
-827756581
734649256
597467600
153530799
993239098
-629644069
-746668070
-281120115
-250803555
39911469
-509756352
427752292
918074061
888052077
-686535205
-342855500
294749370
707064759
-411818112
-300982300
850426926
-72567021
605830959
992570251
224065415
617458605
549415864
673532340
-94251607
278803945
-872317239
688688756
-692147508
723798572
439629462
-960906144
92673649
-508202601
-642910560
-815116918
985296384
379610350
92707332
-748348768
-47287173
-298302729
-443422676
688848869
-586437374
463760597
-741504744
391873186
829638430
923912772
874412517
-450098907
272352554
231883556
-743988298
651631299
891943734
-697992656
963878405
-780146311
508155896
-896820732
57205321
-772124533
646807411
-815938095
-772380985
933480524
653603402
162098801
973002341
531343542
-180807379
338086285
-922318093
140771275
-172554369
-354085527
-801764195
-758007751
668468982
-849571278
-582171460
815111969
-698810435
-741407808
169537667
-614156580
-784462736
-994554191
587292868
246804753
-471387912
132605404
868126047
286352284
-372559094
-496619252
-851252142
494147137
-662471494
690315960
-911182713
941552536
370607663
-50524317
863154279
-49970330
865806338
580090740
447880865
-538188642
184888602
-313035056
-709129717
-692596688
-765204368
532711281
-391216267
-710793593
466943232
-281939272
548903381
108426513
433286774
281379909
-538675274
-154334715
303849049
-906826621
833821754
-978595554
-310463468
701253579
744749791
378651718
525885174
942787821
-77204799
272928304
484242593
-392468153
169848208
519560152
360253344
735208222
-409285152
411841673
284542435
-993529495
-942995428
-12344481
-339334136
-160357434
708052136
-927976990
478992997
-650489604
-828060050
-984981302
788148476
-788256172
587528798
136604985
-394525768
292730627
773928715
-323173006
-92373958
639514860
99886532
-178901068
-654328146
-759591431
936367125
-922288488
144460790
-374185088
926178431
387726760
-401100969
241560229
49344935
-143095989
888942957
-289425463
-357372467
178318550
-469869510
-417344446
242918934
474773562
-639522880
93259661
104946445
170392462
652848883
-905072599
903035345
-799504254
317815629
199360997
-286961650
-370587061
-88334306
-435102803
-787849694
458993409
847747840
920932027
-516612540
774491754
-932493732
816839977
-395652258
164047295
-861676888
-1240452
-57196468
-228296590
-382579293
646670641
-585398877
925343233
-991876690
556750275
23766144
-874021573
-27797106
450482974
37760749
-605926821
12213641
588054873
580155680
-645374470
-133067834
-43563257
-628163043
435902476
-207046268
-529949907
962229755
335032393
-72271027
-436115805
853807145
926227079
501090619
896008327
-410959176
361986634
-236052428
853019070
762693489
496341975
-217794342
369029016
-732652999
-893118389
-394335536
981559768
543386392
-509652224
998814257
-827693010
-562785314
798043019
430018515
-715089913
105395291
724412655
-501100329
908152394
-396995772
725940428
231476709
254786360
-618827337
936299898
-839624633
-311163304
-180665172
822116170
542730399
-463047252
124726601
160022683
627080720
-642061097
-791918625
-300515519
-698661613
337795569
766602459
-647175261
-988166917
332520060
353282202
371238117
-258673909
853085865
-807647423
-619551240
935821129
574192072
-252407357
-467480263
72211388
557668490
-974500553
937472730
956455816
199837806
-81724480
-529670389
746994800
478097203
338860272
827106831
833009811
-151143075
734139945
331780069
-293022746
-809084105
324809006
266284685
-376003200
785646952
-304747198
-628087358
-884383981
698933705
-538520044
-613708786
-543264434
706378240
399908775
690652005
-958524024
898501191
-258673909
-479257991
-833870695
-675498167
47622726
53685731
345164550
-715157110
501745424
199446352
-842507588
790952504
-750564251
-742414159
967612168
-740146670
661781947
-475800482
166988596
-552566509
-610342403
-239845899
-133811344
326398412
-806583065
56081279
-641378719
940901567
-491071979
-187237813
-866757846
-405704067
-298571353
-840274456
-632033343
-456938984
232652583
-720450941
-360957614
15342775
927542411
263427999
561267105
553933900
-851642170
-714514925
-196328655
567884061
801443152
360942560
-11068192
-227715993
-143356202
-431532191
-586982511
138935285
214099005
177211840
-847832301
205537522
685546939
184098051
409810584
-556213274
-627850517
-285419348
743221961
-348462313
-594238434
-301857452
315251410
-888947688
-978918182
677271772
-583813327
228079332
-177898587
248619306
-775062066
-586437374
-593747896
652771029
-408239560
581388389
-479554756
405167717
-918300879
159859195
443615221
150509372
-140853064
-844839984
472962114
-562514902
-753060098
216642059
193791891
317524095
-299672358
-497659628
-421307397
478992997
-750159748
143056961
-796488552
-549616670
-194849350
545484966
366759637
873224233
-134087957
-91575612
-240940086
-898594921
459657987
-236182265
-82297424
-341264474
-602010007
49175924
288028507
-707235580
74529709
725021937
14303271
-219489785
-591283738
348365302
908205609
-309166692
589237284
22766877
-740146670
615066238
126084844
303363670
-996221594
-477314980
872685565
-358290406
-182442580
499492435
475483326
283563846
262924590
-886455855
-581743795
-881167571
-691759466
248619306
824646042
-808822964
457431681
-502748221
871540082
174439723
969952499
-349565712
-931999169
-144539026
177610605
-630863202
-628214056
-453907961
-53609145
748854537
763305733
-363737951
-974500553
173355809
-289912845
-873190553
260678611
249674044
-169745189
270246222
-23021135
957471274
-595019951
534436480
850869235
-116077955
-598426689
-828682314
-498129555
-869362664
-221647964
103408316
-419761537
-942782322
776013720
348577291
-33588938
439172266
-348800218
439180277
-906257778
-127753828
-750355360
-222654383
-240976852
-189325486
-547387525
-379875764
779312282
-525542523
741841630
458396735
-839624633
-249842577
-366007590
887695938
125806851
184636556
404513724
-327932883
627631902
757284148
198548072
-684951134
-503904921
283630725
-735682420
583354119
-6464392
-786601738
42926453
208557000
316846851
-337379685
-912974941
-421855333
331205145
171332029
449984022
314876598
-967681773
-310391621
245434712
-829697353
971361763
232239921
397908967
189994701
-99236248
-984268867
-875358733
-581506386
309576410
-303156984
444207557
302293673
384191156
-190443451
-253154614
-526469961
251125918
-692166914
679687207
-304009409
-391619005
545747679
34761959
-115115770
-13629847
302519806
-26615883
-830245140
-362903518
128677546
-202571520
771383048
360541722
894177731
-422982945
142242068
55421086
58069432
666407976
379782754
-987978930
406669324
-968842608
92308094
-610878283
36210771
-141776378
297072683
-829320272
-827842528
385696
342467127
548107453
177746957
-962925680
-44651292
-404705065
876231848
-279340399
-334235654
-653348097
-413490682
-833169407
416574146
-433261586
191742931
-279591736
509067443
549605611
-587644591
322471765
705110226
995479199
-981284935
-830077001
474992975
-165173026
-487845059
-807080141
-460377155
907475898
692092643
-148417326
-175599512
-295754001
523977171
518640885
606006388
578530129
653212601
-239332384
478097203
365980806
-845747921
-582288437
-106226392
347504109
-444213649
596072449
301970990
-397543699
533010008
784002997
-295517549
893673724
-367195145
-298381075
-694491365
332797523
402872690
146121531
-875299606
-36840312
252022866
-290900906
-423913403
-626774254
862234884
-122533302
868542133
989872111
900419005
-180543221
23050420
-683046196
-421277174
-513906286
427812389
-152956384
279578009
490899700
-248422791
-346978313
181478570
-215107275
-390750144
24597128
-428715877
695147828
-524310605
769048354
-981056185
782726515
-757814401
313891752
568486497
992952136
590549091
545638033
-642359996
-738662426
-791385107
-187054870
-732983980
-552025894
-237152622
-62608049
-271162084
-621433342
800429677
-332402085
-786012584
52681894
90305272
864643057
-373482645
696503440
682239122
-89676171
-418527899
88822335
234730178
1569150
405655864
318272293
-656790428
-612202293
722308979
183792742
-94402183
867386681
804894267
850239577
-799804843
682717784
-348181249
-70403256
628045654
655707104
-76272583
-507176835
409636791
-933090057
974205048
-65442486
-195842604
-188162467
-81360022
-566019667
-857769907
-595062673
890851934
-853512665
-38511904
-876562085
-312208402
-418435815
-499951378
984348816
-398477004
650821754
-341113371
-686535205
-585065402
755424340
512490325
-771734318
422090371
515935063
-984424568
9798215
478992997
-602123961
-799844807
-923692726
-637630138
383932033
-328922803
-545267070
434551195
912505216
760378644
-486073064
207192660
-14233555
119764179
813448146
-499074645
800550283
551330963
-383749967
-755043491
808657590
823949828
-763101156
311482746
936540560
536408959
798819585
-401358898
90059366
627631902
841638755
34342582
76584954
-581587705
-654743182
-263285276
-318140317
915211057
408844515
49344935
-154616175
380702487
701232884
118925658
259898262
370614110
479864067
-20911722
-913502199
278347728
-414606162
-123029511
-268078538
96618481
799205578
-511116200
-136817715
-328408924
293862922
890940976
-115891961
-997905583
94717846
239931816
434551195
662297233
-869235313
-563448775
-2138493
930089684
412305732
-591676883
655092891
37323561
294515531
556851289
-78633294
912723867
222634524
630389253
-156954698
279857008
-363025725
-892363641
-728707061
-384729379
-373934792
-954219908
893073537
-581961789
314876598
166754434
543170483
-897426085
-652165178
-70052319
935821129
463436389
118745424
62350787
856728941
422993551
257854117
454900997
357529033
-40037527
-259966090
-836586011
-511862675
268562574
-633740381
451771956
-918201697
-97699612
505263838
-31213450
-82109669
-236162792
963365954
424881946
132825378
364939633
-245095927
159673825
108120395
-971992065
-612202293
72806692
-736903465
758582939
692392884
-186611249
401902178
101508646
480819391
-103853051
664594669
-366755569
-39786970
-58039042
937278323
310428579
-134038177
957551765
815481340
315863867
771216484
-42725786
-935753768
112905465
-55859459
294343736
353437339
220083209
-601663429
-278097153
-838060826
161903934
-243948362
491918066
-956905244
-297282874
137227791
-377163371
-341501269
440008875
-10767608
-652165178
-578453902
918535387
-687557118
556750275
90534393
674303585
-542474188
217464235
-797227964
992313683
258675066
57794540
-750564251
547760228
-306613075
30777146
-200574934
273077984
477565500
991576193
491691285
-365143034
-42829930
-447884665
355769428
260556536
282417629
-289078082
-737014984
860786003
-951236106
314381497
-146683922
780870866
-971192660
-974688240
-50933377
41677761
178462193
585570868
-952377575
622938495
510549994
-43154130
736116056
917377123
873779703
556358850
51422756
-677896803
-177959124
905288593
460472721
-971068049
519150742
-916489839
700053083
617992535
-773412172
360404486
859833085
-912083745
255142262
-160219262
34469280
-880332477
-57499305
998050113
590997280
-357063750
-646426145
-441044295
-729107413
158130768
-95176731
-899176845
-795513573
-314905700
522830525
-484275405
-354747963
781860266
-549194207
-111422877
-391747174
389798111
-386229643
-440123001
-725264922
307260358
911306323
893901014
-595847593
-711269265
-966146286
-428125783
57527605
385030580
931276997
-597433556
282582585
636619538
534047214
-275337356
589481787
41239280
637757036
-99188000
382352639
151187782
583965446
-103973269
-652480421
162723533
-904838476
642557432
185617976
730025124
-20952318
611836072
-696097172
-122312155
854813826
25313989
-993866955
-200344779
-209159059
-467834657
-50445482
15342775
521653386
-472400073
684591445
-233959102
-589491570
854386593
917145250
969350095
465272507
375154095
-516501425
315628544
-51331740
-177431120
-266298162
729278718
-282775245
-43454254
-375156452
-477951965
-410225483
-152150525
107216258
958730183
-453754975
-674465658
678963185
-11260438
156942262
-160572598
-421021801
-712071458
-890856098
-803606061
-228117110
-62453219
760217784
918074061
-869921515
-438757061
-396641336
-386552639
-595133996
146037169
-485514238
456432399
338579191
-495565489
253238238
37968210
65268045
219084723
-420577572
970040627
-664352086
-534434681
-867195853
-793069782
401568424
737256690
979463716
187322783
-573129885
-13619076
421843597
750707589
-443831690
-141029015
-879646700
843270431
-558689973
712794921
634605715
-365646071
-544607663
-676572350
264141873
-147390240
-31452159
-149839457
492516919
775159640
377073231
300761189
-546754033
226273224
304139272
-626161810
856064427
939735476
364913375
294343736
218879118
-456451430
-335076788
598328858
739217079
-414268876
-146743686
-248583290
-654925438
372731162
919268278
-552782085
226408840
-380368811
-733309643
-319818616
626738988
-195332427
-38822946
759132645
278498346
216728705
289363378
555896972
805188979
-485394249
-5775216
211863436
-918487386
-407943158
324442040
838983570
-180472399
371444709
-230952411
-961905112
-149502684
93314194
-659162701
185705518
-322590126
735878115
-616064631
-549255021
574245629
-657286959
-941089998
-797084223
-651784453
70645344
648090330
462080896
302476019
130260537
665586726
32927772
67447489
69379545
-254321072
-291843346
790194906
-434450656
-843306960
-813935653
-896474549
227910778
-185935470
-466579528
790337804
696049467
752993219
-243600805
344036522
710898662
-944253821
-878818620
828674341
-617383483
-685538010
491943500
343456383
-584515113
692100191
-765936403
-222513831
672649109
399332787
961522599
611063255
-6580610
-611376486
-105232795
886398097
457587741
589952125
-582481501
-266565514
-777551967
-806815388
-55309300
-635017129
149564422
949388456
-346888103
-834864765
-959274421
263301064
-905640614
534519581
905559482
-684565785
-135120682
223368533
-880198095
102460524
654424184
687606143
244411355
-304009409
235510129
-326233971
725154984
-175022984
-7338246
-379293019
-667137534
-532485011
683561984
-374697815
363856753
-889637141
-11511459
-959130041
599549230
826229210
-401601439
-935667645
730896789
-513920710
-925336548
986222289
118572167
-753589509
470574609
431834062
238489269
86559343
-747277374
243075783
-75589269
813595378
246557037
57205321
-429632547
380702487
-159252491
-481356887
424970800
166304595
221363020
-218130150
532711281
624490445
-761452316
853807145
931227152
475574056
-509777489
152098348
282958846
-536153676
6843340
728600097
522527947
-729141148
117035155
-165906113
-932823748
176044408
-53875929
-452178618
-246378892
-346311585
640562473
-781034813
-53506058
484086697
-281818309
-823860177
772725015
-693441962
866569698
665210988
419368172
-814544686
-894099171
-446512447
-171400200
931075350
102380787
944929676
-595311054
472543730
-445149272
-540367918
485044638
-660848141
606006388
-928225213
717002174
-477318036
745445111
-197185118
397270812
429900152
677487882
234278703
198529052
206001122
-864427117
-504192357
-730269441
375548080
-897666091
-497659628
-650565569
-233218568
-678295201
212136885
707266242
700150550
-384628575
-588136360
492683537
-969176360
-774684433
969291323
-331696760
-222513831
516937067
751949066
-316340536
116602830
-101612284
-157160295
339257182
-55635359
-40749924
339080977
-766759926
-280076183
802949119
718126094
208149191
753511985
-564416178
723457513
698063202
494260601
-398055602
-495608298
-527508610
930331794
-120064411
-611612618
-643358251
150160839
601467563
-734843286
-873286235
313005486
59952725
181274047
-94738443
435239305
622159410
989429123
-642539744
844983346
805301713
-384533462
-718498952
-17472778
417101296
-761375616
428507153
-757764569
681269684
698795272
95064687
-828866802
712288858
-323253812
-638232230
-91792489
-949487494
986561542
466739905
134625295
993205114
-133300169
900537223
626950368
-377859109
586447152
-931232661
-85759205
-386424245
744218079
-372991519
-702076790
-579301877
-528194375
-527623233
676800373
-723806567
634148004
-372415059
796986267
-241545954
624440656
-679839151
-102808843
-66126773
-159327151
-916489839
-536937346
-211574026
-67528648
-748160961
-629495258
180868758
-222113288
140100821
-175558284
-517055549
298606169
-956905244
-268636415
-167939685
927766102
-216778099
274373769
588222710
-154261838
-801438491
-926663165
-502610053
613765305
698679782
517537543
825328265
311482746
620351980
323524252
-991036615
-932555454
-214696296
867090392
-460606507
936367125
790033101
366475004
-253252679
-126075421
-581032786
-828262695
766169536
84951416
30885372
-900716743
-888470796
-657007596
-818846194
798153157
748799035
-813765716
376307613
-384377735
-316552739
608713761
-360750099
-923261318
105916072
968707313
-122713361
-215493404
-297896931
814920012
747982070
-57750015
-279219922
932591665
-271090718
-778892371
-950736306
-587069706
582497137
-551795828
587528798
998683402
310469680
-312250059
691213735
15591896
-688386461
-816399778
-811244426
236996476
404408514
440532434
-403823315
673714345
-752158685
892366533
863729833
775441509
683356482
-25921715
193505886
975395116
60696855
-765556618
-271716573
-144633214
382706576
-129899779
-369801839
869975082
302608680
-241875472
-880867297
52068591
608090430
858299987
-408043134
-838912140
728724480
-191148251
-871274357
258326060
33009606
-646758560
966329857
512254560
224263501
771916773
836614637
963618867
-842776409
620100350
-722925925
-209159059
787263692
673051419
-741681889
-472809048
406139156
957510486
351900484
614094064
764141698
713910846
417184821
-322809427
-789589325
948728387
-454024362
-750102086
-753709795
760378644
-488392070
724892816
951144043
-35331545
-48451257
-219489785
-671264572
125935395
-215238349
-995973473
459557708
410266208
-302709687
454529005
-415788108
346684579
-392972821
-683345926
310223503
215016393
82440828
-263514359
-965014645
-426842755
874244326
-293744005
-356706734
-217665000
-308773249
-797750258
-798981333
749959397
-290748203
-406341721
-876737249
-835564540
313253719
-909177706
866203593
-215585388
489633413
664973987
187847064
488188105
342504248
249674044
-181478384
205960680
202087662
-22059563
726614384
-207311091
-822190713
124726601
-45583462
392574882
898394899
-716631301
449578697
618488574
-358109581
271403353
487541743
406383744
590443007
687635497
563165820
586067045
-78298319
-560836512
305775319
342176519
97279333
727053348
-352301548
161474455
-928560659
-982388664
-296507790
-497022742
604105839
-15612083
-948261163
344469434
-170398740
-163696848
464308634
911204936
-285946183
820053115
269506853
-615424750
449724090
-342760868
714978065
480285738
-436345580
-480115558
-961932723
-280700882
-842056066
413906882
859870531
456549139
-318016890
52644565
-339906310
-789490152
60451276
-177585206
-741949735
880191361
-88807095
-110971333
517949266
282248288
-312379916
-496151875
-822531140
43479063
399415675
-787670601
765613237
595577994
-571850724
-484840907
-232550884
-620831738
830676126
841882353
279578009
-436585489
406337665
-84430135
106214609
-867195853
-534434681
-844664730
967962741
-209549479
877894405
-283673931
-242403435
-462473749
649097727
908800896
-446113939
188775531
950274559
157572401
705951532
855149567
-838801503
469841678
-674881087
874071703
-137216950
-184365004
-311163304
-145146618
-407741947
736015345
311556280
-222493670
727972285
306607488
-739075606
-127243706
-798848583
457915847
-951936363
967420188
744143318
-537502529
-278842380
-471387912
-238812233
449075010
-600343031
-6863925
816483535
-903389261
-461268425
-256137762
-3948532
-276363109
199048057
-895786284
-350680357
-336075399
285461009
-286861344
776305625
-88683307
756987829
-759690525
571900806
607877231
-903116481
-960906144
98800704
-979991690
-165906113
-701957392
-446328300
-459323882
-844130725
-663625082
741665257
-249064659
-143095989
238771749
-872582051
-111578816
516300719
350243472
-104360048
419672461
455404139
-694794024
814643214
653943098
-129217826
545931214
223634226
422304267
973636289
-675929594
-429947476
270961202
541163597
-855811598
953539779
859231049
901628482
117380092
265486734
-342256463
935189184
-568269124
-240065333
-842518307
925905441
70645344
-646912801
304395306
-105232795
166555088
510346205
588271564
185830641
-411818112
-857786453
-867823794
-944923888
-342652095
235971614
-596180108
423312791
685263773
-537433947
206184223
943315269
379296870
-469697403
931483220
717133091
748077044
-837182867
210246512
-619764910
-383415848
-674881087
937943070
208831138
-505439595
972217297
-698791520
524476553
-24191196
-581032786
905495838
740272824
877507611
124866610
-145652475
-172317916
349150041
677994234
411143071
304901075
843100911
-424449204
-744777154
-834805868
413850281
232474233
-17587514
565178874
-428209109
-955310239
-575356754
233954024
487508397
-730636346
-340651286
160884646
-397634783
-332607095
-841980888
-471982037
-85090168
819445584
696538066
-584706805
656725701
662829064
-684096428
-214310870
-428305240
957946895
732965481
196180881
-141262319
-315916545
52932674
-719749467
137640020
625771332
394647365
149626315
363317323
42918964
258050923
835788184
992207907
-869921515
-85792703
-285926423
-972975111
169441525
-405459722
-749703159
764470205
-52193941
138918643
-572953886
13505127
-760062992
-359416392
-222340202
420253292
234122322
-115401752
310024371
2548117
211074723
434669971
807645079
-401704007
-802701376
871480765
271097423
902881014
414287791
944701264
-384891502
-128656202
803555107
255924326
-843167360
377914142
171425454
420954696
563369044
-471834952
-20655042
46259843
731089583
521653386
-565322644
507066756
-242643574
417101296
694063367
-745567525
-237188269
-517172420
-936543688
704660996
-382760180
693322792
-974811030
-762309689
353776751
477279008
302798501
-820616540
-659039915
395037944
-21921166
653827612
-932823748
-614821003
-69934931
-337061423
-369965969
797037225
-966015947
212639103
847489556
17239123
180982125
-110818365
-784207578
-83437956
823330215
834670478
-81342470
-433407831
-409105069
319617446
-35113871
-228468741
363659873
606951755
338642105
-777289450
700655124
-290235534
-784699890
-214376818
103301250
-9514418
143427590
544026550
486672244
-457609364
-366649062
-24127158
-883346972
-191504173
-72434341
-579301877
-870728485
-104269147
-550103528
-466879892
918206309
-436690986
276198931
901934062
-376187610
-22322992
-320303790
-338423543
162389344
-336220834
992136933
245089420
-92571880
-785869208
87878795
371599424
265009320
-407038196
90160956
308504645
483483983
-348031780
825229894
-277163292
726775627
436657788
883180448
-260241135
904235435
356921431
-95428103
676739369
630942350
641463671
302293673
-926953584
-101358774
741841630
-272058052
67721677
792231884
326963669
-635107251
327527957
641378250
-212679055
-477888168
246572216
899855709
704751933
-808288193
717379619
-647421915
277395827
-811244426
768517754
-318140317
-543184773
-484922947
153939348
-360812612
-802284053
940312106
587459149
964032486
243202957
-504382317
516512723
142623940
-625960917
511944462
-619261326
877507611
-49135537
499184640
-881767421
-508019995
708334797
175064969
-46135685
-408533669
226245995
-550539519
908800896
201056798
581565210
-266382243
-123625159
-506491442
747432527
-732983980
973636289
-594545098
-736667993
481207415
890312181
196306328
-160152474
411846776
-956474768
431020254
-107815487
700261826
-100332253
506586014
-336957468
-232938127
719028393
-723554003
558894660
-603279073
-102331117
-691435670
564815717
761528840
-642636816
923143446
665307958
-587069706
180431889
599766237
-609879882
517204818
454310226
355576435
-584229083
35877679
-585524462
-791918625
-177249108
493926480
-921297074
-180620041
-248954775
-162284482
-719119938
-964261554
-139450832
354025490
-612836793
917708179
131117255
494147137
336052807
804101187
-446364378
-507007820
24504252
-890210059
332520060
359332305
93411424
-468953288
675575957
-184390197
835616945
691284576
-107592286
18736366
924525873
866679295
-362179276
-84947914
557059598
-844086969
-108113334
-635071030
817308467
820053115
205397544
750512304
-339424999
-684848863
-746427843
714138748
773317586
-411571209
514727249
-271357202
81794772
851282548
820666940
751080150
859358769
225534733
-556018673
-577088567
-418164427
417145112
-442278993
-948710237
621160297
726907601
233148170
309207169
735791223
-47718818
-694491365
950692816
675766789
-594341481
-253417886
36321705
-276690704
778369623
18559674
-923078086
-175333969
665857733
91402434
190050513
612328233
203999102
-493390799
824790488
877480591
617060863
59839055
-327153092
-601620240
26312845
-590159366
773677918
954329747
-653956249
271844485
330776526
-632033343
615417945
747688404
-74695985
846923606
-266147626
-446688506
-496383925
103639661
-531752447
880365402
648117253
-258342499
-601745237
987953563
-992773607
827410846
589613448
665586726
-170262081
-300737680
927723693
-84228916
375369087
448248278
-543938255
134592104
-571914360
-714959278
-484507789
-44094449
-850155917
-628363241
-151351701
834774199
-918601427
354562350
323401770
911964374
-61463270
-868096113
-963035487
176777414
-731623114
538296305
275537321
684089638
-325873037
584687888
309059435
299763779
-194188991
-134087957
860998358
-618876989
140771275
-721163407
494480713
-215107275
-897306808
-901446463
35880945
-267071618
521653386
240619191
788523425
590082305
-701957392
-504977118
597883010
268131018
122683248
864251062
127223929
-172654382
-832533975
-763899176
-241304095
230690101
259340045
217026509
907067286
-736096916
-877934243
541135900
373303827
381546599
173171971
325549218
-395696735
136928452
-841966662
-139155068
12307624
-382227281
-448832401
-278389751
854456584
-469810768
893779880
215354850
459286282
-380024047
544117968
-941667547
589237284
-172477515
761229432
46561591
-230588774
520288260
-57439425
638181604
-388305649
864948183
347126192
500232283
-306530055
-415281257
-423616466
-903695426
-884050216
-19822218
-575400432
760435964
135377133
-627197915
725109382
100875675
-305183413
726008000
693544926
-680021172
-985638606
177006501
56890483
471327337
703202179
450204914
915098008
-57863713
-806160042
593167027
231705211
601306306
283065284
235668725
-990346015
909200407
-624533454
-488885629
-626636135
-309785760
-828060050
-291801164
378651718
716296069
9349337
-775176572
-268989485
-936737151
-164401128
-949572216
570330575
-769976562
109504865
-482686655
734327852
108234837
462730672
-898135690
205613501
-720531193
-236052428
973908156
-863695072
369494622
-414453885
97889695
21884185
48069965
215016393
35055052
-517480140
-268775654
-690118727
-569209773
-451697176
879956298
-430347128
-801480024
-524610031
-955344641
-96822535
-600477907
468123164
-509438401
573597652
-1667948
432727324
952866164
-693353847
-139023439
-289180261
-31884036
479701691
-895356899
721468868
-427857128
730006841
-644635026
-323207704
462730672
-991847269
-898292134
615144547
-867783217
-735104401
-164810100
344760709
811524954
254178458
-797951449
92524640
379208890
-863452755
258278892
-748602090
-974854384
970440678
599848082
-210588751
-309996740
-934819360
-672414321
-720012526
753803
804894267
768376834
-391104234
244166571
594580056
74314161
69420820
-236374889
124912939
-73406290
-848948572
516334028
433286774
-996221594
77233896
243268021
-222841831
-336775808
265858908
-805306325
602461546
961209944
246804753
-634449803
-900430312
-678127583
57205321
405340611
171678165
-618585940
358154247
-342141488
-552220310
-895099109
-299063277
-259966090
-419852999
-74549341
-397062445
-222541467
95786124
-136014816
735740648
-331696760
-600477907
-781450024
743741417
28579110
-169922206
55258340
-545012821
-375194508
167675673
998428061
435455292
518865914
740063239
-618040308
-927247770
3862387
659904515
115865200
645369855
-218829774
-847966479
-961584811
86179056
-330318634
901934062
804067192
-235128458
-620522118
-58513973
267414222
-973916514
10127106
-977886894
668270498
226823318
-289883350
-182747708
-873677073
-90733672
-107476345
-143621533
157708890
193346421
-525542523
829320914
649326051
346394184
417184821
482169427
854456584
-124904542
-282356264
752951279
83197140
925253826
-65280322
792325716
491634190
806547750
-145436197
658264646
36192919
-367851389
711829594
946535253
475300715
865964058
-763659815
-109279196
505377104
-109204926
-635905219
-463694460
-319091479
-165173026
166188079
776464249
193295511
390434012
-24191196
-345549210
689880365
-37029650
-629949659
385696
708598139
463436389
759905325
783215898
272147319
452850620
-833997439
245600363
835056732
208344318
-846131492
492236327
-659938734
274143415
-486664624
-699066149
-94942183
355821165
-100082212
640192276
867386681
-751826382
-540178294
-489225922
-488801582
-782858112
566968938
-358329783
-630040507
790132641
56919855
-735104401
570931685
438059332
-141671294
-957661520
143789235
-867823794
964942185
96436746
-872799608
-776153352
160981068
-105431410
146444367
-647302092
30885372
-942225684
-910953573
87878795
213096993
590549091
725940428
771216484
356947759
660149136
-523413873
107037361
638656954
-804371029
-141739009
377162672
422902186
193830881
-410631232
-681027086
41239280
-454385372
649938913
577678967
-762164713
982336740
-637187572
255924326
-541701022
-510813378
-67598466
-47786769
-597748883
-498430617
862863688
35829411
247280525
-745857259
395037944
804556237
942223522
262158582
-773604098
629013985
869151056
-548463989
-571033136
774035387
-963299575
-734113987
-825142480
-168100346
972379889
-31138631
-115531188
466631301
-129697799
339144595
918577077
748799035
-717415020
-500161910
478709497
-215731207
717002174
-148495609
-130158077
278386134
43933071
201837857
-813470578
-480651358
60984153
-753728057
-105725902
716534432
893275236
546293114
-684951134
605042701
-661960238
-227295465
92951794
182202738
-492995103
-476061337
623041164
-369701246
196673948
964431525
203204872
935317972
915922562
767237073
377463657
-872799608
225061101
586881989
95685596
609545794
857304560
808332889
787170014
-8895888
-902769483
-839433227
-900810001
267203768
453784115
-992024255
-988804868
522711910
660515575
-718424774
337485014
-457609364
376012013
-677099055
-242030565
-376260594
-931614409
937864883
-729866944
-994161444
-352727972
583943207
810440022
-569261770
20379096
171194768
127232128
-525134986
-497074750
-373168121
439172266
715504670
349489187
-704849153
683942764
-322250620
799564031
928390887
188469995
-968842608
-843836686
629013985
343456383
154152157
698933705
-394678114
416359617
814643214
613513813
-117690013
257079041
288813591
-916209346
-758131681
-470154324
-552348031
479490007
-806965370
552547891
932644351
404700918
-584797845
-508357632
-411376190
-324717778
841045489
3469127
423249409
722012478
31413064
56271069
457702592
-876130162
-215028566
-811901588
333893935
944388266
214314855
-673189336
-434514561
431616895
432797990
552679744
-387836590
-713493696
-779796421
-661742966
74011778
334039911
725849967
-946389936
389798111
18032904
-467959410
462864455
-640722962
510784229
442002435
-441333490
38044961
952638672
833992342
438197883
-29084327
-204203683
899075920
-283987843
-314149865
306641513
-262744904
70645344
727256936
-977685258
335168590
-198252155
-328001282
387208444
808166963
225340953
-337092065
231084742
681465469
-99538857
-987065686
928088668
-182442580
-915712135
-161041650
464226367
952927775
-465472691
85745336
-262886341
185476195
-33961998
-493844095
427892650
901520671
-431803513
838310206
-995565930
-140140595
986429083
-318692712
957551765
-644921374
337924468
-417504925
483522763
915700247
53796576
711829594
-47805800
706568932
50726557
-959327476
679445596
-689048958
879201728
-341302023
135742348
594163160
133277445
-787324984
549323603
-750499463
791192591
911952339
670492498
-286342486
-573338970
-274513215
455662525
-891175231
593096746
203457816
-141856762
-566751679
-783427275
-168548649
533213358
-471748411
221502404
-463824960
376128437
-257327431
2131387
-564691315
-499845370
265168352
-170793944
918206309
309820549
-180168044
385084910
433773938
682890931
-110281427
287432216
695034599
-994482976
-99952173
888889951
283563846
221363020
542742217
-215864258
-496328744
855740140
49732764
-883346972
111490245
-293534621
711526978
928088668
-458343447
581732445
-688471079
604380785
23050420
-408898418
790218872
779199592
843837894
20762056
378827879
-592983254
105395291
-972345046
527137637
-59624632
-325206164
-514243941
-289264829
-604403772
-807767831
-3627673
-434762982
-615783337
639932909
-506354511
-292197788
177849662
693967248
433339070
477336303
-429758982
-392562028
-594524842
-445663179
511272183
314650015
-408431764
22119573
-758735058
-934133287
391180713
579861296
-216182554
-517894469
424970800
-712071458
-694724550
-704246665
756515215
929464384
-905313649
753363872
-922318093
-890164765
-37850052
-725819778
440008875
-467959410
-360375553
74995719
528154403
-914070562
-299219295
339757918
-544322436
-240228139
-486141720
737602095
690471962
441143555
582170731
-245333105
-975790054
-788742283
29278624
479943299
-228723301
49060824
159157408
659505093
-688323062
181370828
-2531073
-861302910
679248835
-272766935
742688107
-879519406
491790117
716148782
214281626
-623949939
-433349500
721645920
783881764
691796469
-29381165
-801764195
300422175
-654511354
488970038
-83825833
314303302
283804371
994455331
-784207578
-971963908
61045562
281154402
-604081458
-329670217
389623894
-411599444
-839624633
-815508515
661174945
-497449118
-485394249
-565322644
922694878
702276756
-949090174
-93588608
-264538257
395732570
-773037088
854456584
554722186
413736585
-111884549
-962510570
231012774
-289788984
318902027
-900124888
-538188642
-21745464
-711269265
-330932538
-518126066
-325475394
568366316
-378604318
-501820963
794092674
-348031780
912345054
311808194
54941907
-960614876
540445313
201988746
-75239706
677703731
83740537
442308546
-595133996
-661477920
127799065
-574618382
30858276
487003782
422873105
-105822410
189515946
-691054710
912345054
-400020874
-953194393
494800529
-487509573
137023447
-375343273
-636259827
323401770
593519788
929641022
-345811025
-518845922
-901943933
-476411995
-619056241
-557347756
137274236
-533725762
983314887
-848038099
438392007
25972858
-49970330
91252777
640042104
265060237
276498787
-326963377
-220396167
979662346
-900810001
-978522671
189785491
-492485662
592945917
849308752
-239199959
957788593
847918496
-443872629
-928164236
648775796
-33309630
851282548
-980242173
-995565930
-689573873
598630252
865905885
720441700
-558838177
-868650422
802682406
558306602
-388819985
-687787414
-204343543
920805480
759074227
-261347373
470045485
913413583
-182191044
285350652
966663276
-591612349
645101252
-824600964
908704255
-894047376
644721711
633756916
921819881
409761769
-112609309
154897104
185476195
-789905702
207008579
616174303
920249056
-226553296
664382747
-211792622
68660926
-454024362
149933107
900419005
610136927
-751569273
745606965
617969915
-568871855
-131114669
-654284248
624854559
24927198
-17702511
752603521
77531294
589659642
578499585
849835795
714305816
447389188
525222288
-456329068
-234579632
-185117697
-912974941
-936019247
-995515592
-63610992
-849871169
-194911150
853500160
-933565103
-680247876
-158530054
213384615
294080346
922195694
-695622615
594942118
-754709046
888253452
-210794589
615306110
-510530885
-523087281
210875823
771044738
406669324
-92316437
595239289
919450214
-233336845
-615056152
795781198
-236695366
538218693
-24809875
-717757584
-76156357
916807770
801368847
-666823295
244679706
-194188991
840027482
337453662
-438173698
997954708
845438748
840027482
472983833
-825410587
-744495704
-289912845
933620987
18198881
-577971940
-582860340
606306922
145584368
755876448
-695518106
-527584268
-525542523
-927927990
525415596
594827210
-871001434
401004264
-320723547
562544156
-918709476
-282201099
972773
-792335252
-674720400
704575703
-518445058
-863695072
880777518
-294761885
-634328747
-824470926
-128365011
288790765
-687261595
177500567
765071267
-874202398
539512807
533993025
488970038
-368827498
40707789
812566152
59914656
-717521058
32619759
-33084783
680756047
560832963
-632033343
563514439
266374118
851193606
-656349784
465886700
-60902652
-103126163
-768477411
-380198430
-192826942
-408431764
1975066
700053083
575182913
922680540
573474632
-768514841
-204759990
-698242111
747057641
-578100788
-733309643
938312309
-767836244
-432802296
-659938734
862622455
-988417405
984906917
823988790
505263838
766704066
734028016
-414430593
185705518
249020119
958160164
123320493
-390981712
-307423482
-34325103
-19600310
-853638211
178318550
-943188612
73953549
225340953
-318016890
245165745
317906747
-310463468
-36122806
512712977
-997555156
178755445
845655636
-934133287
40804067
-537737476
484907039
-998459489
-88234194
-988417405
-837812641
-407062784
167935412
678323760
801215585
831037587
854281054
-726873074
-897078421
-786490094
-391064628
532233635
206884290
178625423
979157829
507066756
478992997
640361333
865043280
900206043
-12936864
988487145
846379556
-840663654
886072529
-92099846
-217335725
367901987
464123154
-270825109
575054386
415228108
-423616466
410458943
-951472304
581415114
-650046467
-679165537
-970497364
134813308
258326060
-838493930
765908494
-890573886
-695192613
800303022
856196230
-523413873
171425454
-162588729
-924695745
37968210
-599683871
216536632
570822790
-361010477
316139795
-894880078
691499635
-691759466
-697139902
143056961
270594138
175064969
-123161961
-911744639
-613030490
476502720
-637630138
65172982
248184813
-112045615
-299864846
208557000
-136034140
683375394
-734253415
-797044474
862234884
-251759444
-403183255
795245643
346470242
-327454945
494357652
954576801
-92099846
848999738
-640493885
-112412552
-604292421
329917361
723575935
-45686152
-432194705
233901294
410472317
-429542566
-122137169
782726515
99536323
-565818044
575453405
-255067209
-174560511
288790765
37770955
592016161
-464448582
227457451
540108927
656305006
17619483
291165478
-901814139
-106414133
472421286
-77029713
-590159366
-462818559
415228108
920997906
-122882298
801832319
-611376486
-853248563
-870090830
100083201
-890014897
-488582528
12863319
-783866278
-606556571
487292145
-83319932
216901422
-805306325
143828563
-13125784
278283204
-39100141
-282912722
-956777133
557177112
-483583395
-58776681
-225906407
927704348
44688979
510488355
-998300670
-298945630
527162300
-866046163
-545422528
-781223363
-675577204
976849411
-515959843
667485112
387916423
625623729
-417504925
154795903
-867221082
255719338
-480933769
-959397907
151427241
-81849141
-778506069
-378662502
-221538492
-645321112
-348537970
325214063
81093386
633446766
708598139
-897016690
734494901
-754869786
259181762
274334455
-178311899
192026016
924443438
440482376
338803919
387241290
506680592
580441362
-821267137
-777357646
-536623920
-743539595
404700918
290331840
837130406
-739443450
-613806999
85314795
783976884
400975352
-214994046
450967258
577459199
341705187
-838060826
436149917
888219385
-503307961
79758991
779566802
847828226
686746150
944212186
-153949560
494006629
288900360
471707408
-311367833
320709454
-742025715
729466134
960140352
676407636
-158408688
217676224
-684277935
-177023497
303973291
-181595505
-431587289
315965502
763896329
234409058
760561117
506586014
-621988959
516300719
225534733
112017772
88445552
340175730
218688984
-664294049
-329468809
-301803414
-962754338
590368869
-643005503
-522591627
931876430
26370122
232652583
-373535369
738815317
-635733289
20762056
-643877648
9172871
-260692082
318902027
858299987
919780660
-287105704
-728081965
-110752629
451203002
-672381829
-593915312
576177988
957236890
-23559404
-554259487
607585082
-947770560
-621433342
369662768
903178047
185102654
589095886
-962998680
481371818
152204579
-392425554
-518602903
-699155534
248948566
-797044474
718067962
255436969
-772819393
748665345
959093315
-294929202
340598925
246399356
42779231
896770037
991653396
-556133470
787746536
606043720
961820588
-378004512
71606426
244166571
141992623
-194760460
-805913920
-571816935
-902400162
735828082
637990762
-682653334
454028272
-776391342
96118804
369662768
-206640121
-416364920
-110132494
-577385841
-123686794
-405219826
-983476389
-974299954
-561663328
335744299
256921708
665586726
-230247518
703904582
709628217
-370355575
991985408
747432527
84951416
-724456916
874412517
-433145666
679646639
-521740550
440208041
-295077516
-382956468
983314887
-479469743
-285492289
-367851389
-633525223
799663868
-666994969
-69934931
251397308
64344364
-543424325
-579058044
696235638
-412677914
365442701
-860798936
451152798
237963228
767147182
-646243864
93542265
-697165221
332520060
-58827797
-301803414
-920278408
810213047
-373347376
-994224575
122527186
-611020812
458172052
-792130169
953463824
845863361
-983320564
653742942
-702336139
759636867
-881901812
770087227
-399146255
83383437
701742901
-494200
977430506
397270812
-424554539
-722021961
-92099846
-972040433
-549983382
512490325
-425402833
675575957
-200074219
-769450130
-625608802
-723588629
352456216
65268045
-689282684
710192817
-423616466
-646596068
162512072
-503000139
-190733701
-458791300
504112258
291809114
-774094114
347678841
-366238030
-123625159
628499725
342906475
716787865
-498264262
87296076
-583073739
328964622
-25078849
-799804843
-121285898
-494379416
633718802
-555938465
-656898091
-699195919
-391064628
674206672
-575400432
-13023786
824494934
58525262
357670791
511652295
-35113871
-78542383
-115013327
617946408
180147042
-270192861
714138748
16030872
150713943
346222465
77278662
283563846
790247553
-688083861
-817057014
-856838478
960024366
513563444
-313412539
81794772
324563269
-905928820
92619481
25855805
-571517397
-687595579
851312197
529335108
-182730198
229876701
55752602
169537667
-55192796
64319636
779743306
-831214168
497029224
992737830
959500400
-194941308
-432707693
208263599
476931617
104481771
-620389116
158096316
893746892
251668131
-240940086
-743495318
-814411847
-890573886
771865057
263801225
115317665
467885093
854018100
725468451
814032797
631682530
-195842604
453838422
-694794024
-944466163
-96270545
831374210
-3153337
944058979
587763041
-584460378
-951296587
-894718425
506189031
755692316
265858908
518640885
117673537
710420898
539512807
-632909588
-829420250
-976656039
214833848
-268343258
73051103
-528537814
-646303229
701742901
-341013893
728354899
77728107
-921037805
-665872383
-523947839
-28436149
121964991
215354850
-931746871
-310391621
964705369
648981859
-145218402
904418194
248619306
-739828811
-888710803
804383179
365442701
842311360
-102216121
-769693499
-464495452
-715157110
-931746871
338157174
3738843
-94789919
367593900
836358717
231165638
-226911498
122269370
-276052931
-790635375
258868881
201215478
206118656
934232665
812186923
-201002396
242821708
89911512
121605019
308709946
328964622
-984881767
150659058
615914811
-34537089
-609879882
661191532
-526952595
-857473836
-530347470
938896503
717188088
-544559074
-750102086
951809481
380548254
-468740691
954047384
-213296929
626487572
359038654
-757135829
-550620231
395133808
400088344
991768862
834183786
-339334136
558102638
87532890
580155680
784636909
-998476654
-315147339
-216005533
314876598
-758131681
103494383
-403271499
-732503148
-941141558
-271435382
401411351
222246408
-565888399
-350680357
723457513
436207126
-330393474
-194688884
763346858
-376875540
140771275
-721030206
988140358
557099380
-370355575
411379166
231165638
-617895534
582759914
605026023
511652295
-934433690
524394068
-305317745
-730486970
756347242
502356302
-298485500
205754909
-687397631
258533038
-559281200
-232577200
734941542
841576036
-306530055
-161356293
977171211
161373766
428956891
-837624270
823330215
70944864
-75349570
-576034303
251668131
915700247
655493024
-356853775
-250352077
254315549
-470460344
302293673
686535180
689750616
528941764
875746182
-585580331
-385019314
866305053
-21956701
717698437
-348088538
19939488
188897969
471861585
-217497334
-646132333
-559152589
-747814080
-840582161
-268257674
-129333546
-606962449
-53428576
842768144
-332130162
904678514
779929125
216092261
-694491365
-391064628
634148004
854813826
134512230
-967194670
838538220
423249409
928600348
-393313797
855740140
575626006
838116896
-130984098
-62523689
-413398998
-731789932
433819397
-797637952
-679333556
782892996
-498563614
879041545
623947689
-68181626
-895418414
-717310290
-437753375
976356426
863037382
-800184366
118992504
-655171595
-662842306
-325628737
-429155041
-542107786
-291408437
608698248
-803710976
210246512
-203448639
-230952411
263863592
813101457
-509608813
-711269265
-678033507
-849717066
-703931605
685857682
169441525
-175289425
-808288193
-798810409
305440301
392160424
652248968
842756898
976277629
-114941580
-213044082
450381755
983028646
812912665
885261740
905884692
415806211
-406545517
-877580920
-299102898
-33309630
571900806
-966539681
-56939057
654681429
934671791
-888470796
541163597
-166996759
-229098022
-663046235
84710468
771216484
785203634
-44094449
911218339
936418874
147294643
779258215
141589527
-472801305
983314887
-595019951
-315548499
-663803126
809196903
-831394147
-207695138
-193887424
-270990084
440505378
-67619283
262605832
-65181354
42648689
-279148837
-600630514
-381292475
-185613036
-341906497
904110235
-330160137
840877684
-336050908
58525262
-281788113
947940773
520626267
-352727972
-704687866
-876192391
434391632
-310391621
-678467470
155049957
-31884036
762670149
-756269731
-232550884
-918709476
968071915
921872057
-938597943
-813358453
213079576
-259027737
140288398
-766639005
-166034530
-792130169
311617940
525858259
-361010477
-533106213
-661648520
772057247
-538305947
789605150
-160467397
119387293
261749191
906876478
-302589952
48168453
514107258
392074367
-411894648
-623208525
-510813378
-573755299
843612192
-515775944
868869241
605694725
268020539
-337266577
-670720978
180106002
451455943
-852921616
-743663896
-109381144
-849871169
-996941480
113208284
-844232323
840441944
206118656
-900961489
-413684184
832621609
-252220755
347382539
207838365
803953027
913626016
952266884
-489608230
71635753
-586627508
397717907
-812053588
-857769907
839208438
-737484223
902658599
-129217826
-371075068
865336128
-13955335
439147674
-132855410
9621550
-824363661
838728235
-581276811
-320823303
513285783
69698584
953054537
641477865
-338423543
202644334
119992882
-440588387
-292766700
-5779120
248803836
956779526
-930701209
-265313948
250065133
-433729797
987055290
326787281
-906257778
807645079
955742023
376656670
499745096
133074274
-645539301
612146746
530122052
733687205
53039134
415124109
-273380167
-301442394
603430645
-932940164
50726557
-109100182
295837065
395654654
-787087508
838757508
509776788
446807148
-517480140
-468831869
-505278449
-730199578
-706284417
615620769
-793457428
-656963011
738474164
128677546
189730849
-945860769
231012774
765250782
-354734125
-655489839
912345054
90244097
345887493
26682859
761469593
15460366
674734567
442879807
-303304732
798130306
-435829372
-946039782
-410910700
681892222
-602923401
-480806233
986976765
919780660
881329499
611386902
491903761
-369701246
-574258838
-932047712
-237212254
-202851126
14478508
-820616540
-478037884
-906149494
659660814
-537737476
-653931132
675461625
-790426196
579735476
-879838003
208041570
-40370855
-857786453
-249400961
-768096920
893873556
-710407218
-242827326
-950088923
385030580
-686535205
-737566426
629398830
338189798
-798810409
-177097744
-768514841
856402701
-182442580
-739889325
-755707176
-480457827
-957901091
959785024
257427473
-663461315
289117577
-130936160
-189164867
64801555
356611793
870432290
109079901
-249368146
508326397
-109480454
262218539
-886848958
-102216121
-888947688
-572671070
900419005
-200344779
-885702871
-998212739
857711028
977430506
952453345
780979276
-981781842
890339053
792067809
591316147
633916351
-222541467
-573338970
523545196
643529175
-204343543
-701296739
337795569
-720668442
80551772
-440328760
676350231
214541622
105831994
-321201358
-434184098
85273352
142465752
-974299954
611197598
-242827326
722764403
-190128303
973707727
-348462313
424451777
-228776762
924147778
708505427
-60988311
384680858
479120342
-418333919
-382138339
629013985
34429790
-48196864
570651183
-802701376
-89515632
-792465444
479509754
-897965360
972603124
-369078868
416156883
-861026761
446655320
639040683
-959854135
166662628
105660541
62537282
-481834368
576285011
708646284
-955024293
-845537289
-336369087
-238050046
21068665
-617530924
320585878
450843558
252679298
466457507
-208770322
-258434339
-768514841
-442799891
412700428
324103498
434845192
589900052
-785347458
-262125425
422621451
617546335
43431968
475775128
542018482
-328682168
-795325908
596431980
-599318317
192170695
-885954729
999746689
258739857
626282472
325377989
-122312155
-735260813
212639103
-290611206
-926337178
-34661780
803152349
737974722
-669280295
345202738
-104146495
15103597
-256137762
-321745605
57205321
-346763085
-518147922
-771261778
353594621
-861220771
-319637994
-339185035
-879209313
33241370
-585681783
-557172448
-798810409
-54850605
317312689
697022693
82719627
-189478245
599176092
444614472
77355632
-104962247
414097817
-986340158
-147913349
22425814
37968210
-287396173
-431795750
-613253328
-38364967
-209486757
-312862751
-559686557
-377185670
-629704413
68744276
673901779
108032328
-452975555
-110132494
992737830
383899500
848829124
-171369232
324588192
-270209109
-46988677
-487509573
-967137930
759175922
-154448878
-263081336
-902533757
982844059
-947517333
246928928
716715385
78142929
430228334
-996329064
800870052
324297112
609677163
-305713396
-661742966
52561586
-845877381
787170014
-371363392
696148895
-986025882
-846322008
-696356479
636619538
-137485430
532272478
304948873
909549672
249768297
-109893530
717188088
100378299
-5817947
-531871132
-314783750
643212507
604665943
-353149971
210690871
515600844
394125915
990791945
653742942
-177179253
233148170
469142337
107072341
-197035724
-147733545
-115744401
225488156
-906149494
-476061337
360942560
-117936528
-342604640
-807133589
586722983
361505460
-873753308
-908034806
-481560486
308365699
604665943
-141856762
541792675
248619306
-277904239
-226894072
600716597
570090487
756742863
-650575127
839208438
-798684445
438597612
730567177
-531134287
-755300849
-420076116
367809168
-338700712
-887008050
884836072
-188291884
-153949560
847412288
857711028
-371198653
-896911918
-712956177
141992623
888209647
336590268
665008737
149160977
308755514
112037969
141330899
-800617570
847552277
-9912959
66067548
578990087
-34128054
644764011
-227015509
166754434
-450912484
-722132683
-288890804
-481834368
903419242
-837964394
156790879
-529411252
954329747
-328095979
516195794
-918523730
-811441324
-208623294
-962583873
398555550
468410178
-629083176
782726515
112778094
-292197788
-9338832
867586106
-950858289
564564592
-8895888
-661344877
-345416226
-754074582
-562296769
-618605584
284861529
311166969
394462989
681378287
316445194
6965932
-416921834
-593250960
-653292082
-791471659
-200413117
-906826621
653827612
854590134
-838912140
763068054
-697002997
-867606323
-175678666
732504073
-470202096
-488097737
865638345
-100156796
-769450130
-683345926
509878335
-707235580
-784835272
539778825
-850290828
982255357
-796833641
-591547242
-679439969
372008733
231555268
647808525
-285892169
-651686440
-115891961
-562720182
-703126725
-886455855
-248239611
6315284
-659608841
316578451
250003142
195811375
-624467330
745975140
740493950
464916918
-110481996
-945524048
6965932
289547206
-459404813
-874021573
-922765285
17239123
766515207
-743196203
622159410
-878560477
122027165
-478915151
-67245920
-834914554
210888194
221363020
57441063
959874932
103330859
-873049234
751080150
-202029543
435401197
-379440590
-736667993
-39732609
-448832401
-746641976
-501417610
345462021
455766267
-892894554
207838365
-394420582
395289718
17461015
-549616670
130799292
189007868
773853000
-837470031
193505886
-694011293
917249788
907458659
-936214200
846358100
328614087
-912674509
-100854900
-856284254
289875055
100083201
510784229
693288148
166662628
-290900906
-212022910
463146432
-390762411
-317974380
-953194393
169616823
-914098100
-882501970
-708007960
891158020
-773909542
656449945
986950776
332906698
247411798
1461248
-143042445
930810988
-746222056
-340846502
969673576
920670703
431616895
937160266
739427720
-183989924
75747359
-353569336
37968210
430018515
-668323903
-240824507
719508396
-623691381
735878115
-229098022
776813021
-167965796
-66015815
-10660137
375794480
278035578
-737775960
-292849721
-647968767
-806762907
-515706559
-79164137
-234579632
850239577
227221741
-955421720
-923580073
260352826
622938495
-602327946
-514174819
-794321897
-422241087
-894099171
-284485585
-609571543
-532485011
321112381
-82845842
994725232
497560826
97889695
-588401825
-537355943
106948607
-243710778
-280849070
-744550026
698944782
67537578
860241016
628045654
579163164
714779999
79562212
358154247
942116258
21884185
-618398026
845162469
585054679
-987304358
557356986
-798981333
-761853370
482140500
291042017
-885257430
66838505
29278624
-484840907
473193381
377700510
-461864241
69760424
488188105
-353609200
-259388137
676613302
-215839765
495111346
-942849656
737372567
-78011435
-165173026
928390887
-396169331
-160004464
734028016
157428647
453424559
-694405729
669747272
-308949594
284542435
-330649586
869384329
647016373
172511444
659528183
118855492
351207824
-631371410
-958087282
-210871088
812110892
760378644
-657231615
549415864
-277248088
-62109809
903873054
835184266
-266020347
-37767454
533555240
-554530282
-444286003
-106798572
-63962847
-862393688
-636471303
-850602386
-431162254
-279495608
-356671811
-100749367
988576921
673442812
998050113
-473471891
482805109
709747845
-664812656
-422432907
46008967
-59962122
18736366
-758605629
96152128
938896503
-101358774
-518274578
812566152
98341348
149780901
-226101218
388520546
116011184
-294282327
772806637
525549877
-108753768
-197949941
-744869354
-891382210
-698091472
735560113
-521466913
-516314044
445997064
393071529
686962400
80254142
-464099591
-641581138
575054386
-365494888
-987511438
-372991519
-573338970
408149393
-61570322
-271915486
-926337178
-420076116
362074213
-719458648
-919450728
-448219732
397103143
-946231833
-143785495
471327337
-291408437
-676879366
223634226
648671589
-551220207
486835116
210134199
-589757918
225216482
78142929
81518822
-453040587
845655636
-705439314
399629834
-765573314
582934824
-372798293
-699704308
-550340963
-476549156
-472400073
-720629017
-268989485
528941764
-306159588
-732973776
-228597438
-578258664
-844955643
-127243706
-546592279
-273127135
-698287322
920932027
174713944
19642586
-67699747
709098749
-626441279
181072162
826597996
379185692
701335995
-27905268
-441333490
499443936
301629454
-781930990
-963283020
-94591959
284542435
-157160295
180174399
-822931284
782017253
809405659
192870695
-632486305
403898991
-445514564
-252815873
538264969
-261896235
677519731
-936659846
-269150246
705110226
219084723
758266946
-138309521
-987805541
-534434681
532638936
-21676655
-354219919
456761214
719864500
-568346454
-282740639
77355632
-647302092
-363479026
-71572995
489684190
-212137929
-420725682
-998212739
422009440
-247223345
-783114218
-638268641
895162158
949765299
-664294049
-176934481
-291684365
-517116347
885713977
493113825
-219655046
-540367918
-171400200
-384628575
948728387
-483698594
-962548721
423002669
-773909542
878149713
489657592
-190576699
-642081597
-626411186
420566145
-217794342
956264951
-623949939
80551772
645503612
-302877207
-31508492
-89860827
936980019
930506262
-951775647
-657806098
629013985
562544156
-894718425
925544802
-463824960
971390700
358154247
367727853
960947191
430564339
-691116183
371249757
-911126012
641850034
713051452
-918201697
-430829008
-636388597
-498166629
-275989676
864796701
659374070
-981885580
346470242
-938997768
-475800482
-972040433
395564010
275814307
-804139070
-468831869
965676263
-867795996
142554020
-625932955
210134199
811977533
-636591912
-879883608
981128075
-306929227
764141698
-477044451
176276107
774266959
-758991454
-396910814
-676706683
-150827909
974388006
-184179742
597467600
-911126012
892682834
742024767
-60170804
-798568528
-569645660
-12144227
780064633
149564422
254715293
-860933231
-970688943
-941045083
-819509514
995861561
-566726396
-800617570
95380327
-149263098
-774684433
828991495
-732132949
-527408218
599372312
82719627
106951436
720505161
595913364
-341829903
-874994864
578379933
9172871
-182573765
977564234
554835871
121964991
-61957416
778918879
-490449356
771536179
576991384
-376676491
-98136217
-224331241
690708251
502504681
-332747318
-820029303
-799466062
920392988
-61879836
1370672
996071839
252584538
389599576
-581506386
277427675
-790695280
654355316
-930094164
671608607
970718340
224662706
-580115636
-442853229
337663017
-659608841
464308634
-356738001
-170826572
-850155917
-647685696
-281013755
-958941241
199224162
509287447
564575948
-407780033
832480773
214584626
-818846194
757949362
-480806233
-804674801
-423567334
905616769
611063255
-639304202
912633090
885092097
-284757994
-72331562
689052079
-286961650
938498032
-239988516
744008186
-125171420
676860638
-737042693
431867589
840295419
-217416241
129485892
642215461
-669340945
-683299264
-735535103
-253227603
430732179
521133499
945768250
-300286773
815111969
-276303291
604478887
-878257433
823330215
-176458196
-406649344
-896766065
1752027
534193358
-5545938
-815116918
-238436589
872612982
-696883435
-87571124
376569547
935929595
-826701653
-537831094
510462934
782232602
-2758095
-536899431
-353031537
-372991519
498494949
565863836
41336856
43276499
195318895
282248288
-565192743
-514907450
28521570
-691549384
-291245433
379185692
372220974
713202781
309189762
-64964317
795699595
193543505
-559281200
-461962278
-227463636
-415048191
298263191
229287289
647438289
-528326984
499443936
915382024
652771029
192870695
-438858281
834849189
-248480958
574678069
-561715572
416413924
-444113470
183697519
147294643
310379637
388061235
923664362
172708570
194183824
512885260
-697958147
-725996069
844023244
507121840
-642832575
734989910
-761922518
-190344484
-747564477
-408533669
-348975134
440332489
-767185918
-319864190
-755161593
-164691291
163433373
458917867
-819834789
-165367980
-469817675
-137626141
529185103
173862051
749146430
954569843
791192591
635719552
861301130
-240824507
294907110
563478861
996369064
827978234
-773206120
369417528
708826071
780353518
35877679
735560113
-217861947
37968210
-688575700
692074337
532444201
393936159
-741138141
139849675
-673533467
467222405
931182126
-724318266
323467306
-340698733
367128146
-908876225
872160931
654769693
-340791420
696503440
-807421996
-255199448
-930327326
884090881
273605759
-365143034
-246221385
-983277253
469841678
-166952660
442643028
644721711
-505439595
183853506
-451336831
184287763
867710733
28626982
806057587
-251690224
-404705065
-282514744
827087164
-542445796
-126862726
356394995
-3861247
370048477
-534197891
601796010
-11833620
976422990
611197598
602657019
528661772
-375421981
673737987
-513800170
568014834
-90023332
125965778
782017253
-313611594
959355452
-41847173
193896536
62670579
941042492
112037969
876095459
-579651935
-14864183
920670703
147568781
-109406213
-786358018
-949090174
-716631301
-147594867
793282872
-717432645
849458215
679445596
-91702883
-33823192
44777025
-370150939
131019239
587459149
208671628
607400877
892647552
750587975
-172047280
54435350
-415681774
-242200303
271169908
-612335313
764663698
708505427
135913707
377190389
223221934
512490325
416046305
22642198
-833112962
264260189
-967060212
-627738064
966538325
597939979
-172477515
842551364
885988707
241450475
946193890
272190102
835019475
101807769
-645477266
226245995
205087345
476407540
426784660
718426857
-882108513
-304839059
241450475
850869235
970927065
-38511904
939697034
-247749822
-703645135
149432342
-240121911
420954696
238976717
194221955
769638437
48168453
-765936403
-111316868
354454388
-822875866
-84545719
-890014897
-296271173
134646980
149257315
798081164
940901567
-196745242
800550283
898911221
474851293
926772692
276047624
-473072332
-449386395
-586183782
862050682
-342913015
-414897406
707979067
-107954197
810405233
-188291884
12662835
289450773
-80186004
875185469
-199319594
-896820732
845655636
10876787
-536963878
-844502165
576401753
-96216309
-606744849
-552566509
-35113871
-679949329
-991475378
945307930
-334192069
-153840246
290679634
-479974385
-6027908
904289077
-341175609
-747066730
-522631489
-85215491
-528194375
817646681
-489274034
572119395
357580318
-732530982
101986386
252679298
-849571278
-592073950
584233923
-221729344
-637950544
231165638
-371075068
-598688138
-688575700
729728312
-650197802
-341302023
-933123379
693696521
-122986124
-429989916
-960906144
-152150525
100699955
98903278
-375421981
292811703
728678126
559644708
741841630
394197405
-946389936
303026387
-220211160
739427720
-23169309
92338437
406383744
-137679720
901934062
-969926856
136293889
170733222
347191603
-832212968
760378644
429777683
260996126
-786431560
-18237283
610901198
-988804868
-481834368
-204693495
-984198836
401401598
-471748411
360404486
881752761
449578697
405974364
620193175
-212292124
529785753
-475720085
722308979
-9767673
-958383419
-260726066
338732591
664765604
42290762
553216900
-220541758
-178894089
866203593
346548711
263776722
473610475
984320210
562204392
597063541
723457513
-823678080
605865022
101726143
385451277
-788727377
-234714875
-599129477
-436115805
-307198913
51527908
-219938207
441560949
-94134805
563711634
-286342486
178784839
-957246154
-508234752
-900124888
248909182
394647365
-147403396
-393162975
696049467
648310595
-463025381
-793529765
977564234
385936329
-825391641
576556457
959874932
246738589
999218525
-816465623
897588147
-8056948
679248835
205087345
-338175576
597952763
398860475
-591581707
293266703
885498377
676350231
775809102
-175262878
-336122846
92154175
-115238784
-747144150
826229210
-968842608
-177249108
-384785940
-538188642
510784229
579111909
1370672
369417528
763001011
-19074606
-82708293
891226825
-321471177
-323315131
-708643227
929365311
333612019
99632736
326398412
-585398877
293481831
770555847
-361464541
581850867
737038508
444847148
-780063793
-524143612
983314887
489633413
447880865
-109893530
-57369627
-500535744
-32385552
339288837
-232717350
-130269976
-935558365
484645770
31762645
-83140387
-379136244
-755300849
-973729609
-229947405
103240032
-499845370
182874017
-956716544
951563125
523835080
466569711
-375516161
-934887701
431922723
63568466
412181362
147708143
971055739
542826049
222726346
466631301
606725753
715931021
-853812309
373303827
135377133
45450455
-14357205
898394899
765397885
-330881581
-675283729
-878818620
-679681326
204075747
-564952986
-336707027
-2462703
60881783
-369321565
605658362
-810576051
-619992200
-105359659
-253789623
954900432
366614940
905684392
762378470
-205373478
-802480993
-235680033
521169244
259898262
22150090
-248377926
-928164236
155012475
168111247
319617446
-137779846
320552477
493402440
-709166789
428197573
959093315
-418190160
793621249
302781211
3303200
357128656
-386502144
753511985
318824663
-306027906
284861529
475692454
147486579
-959891509
611773644
-229702055
562772407
777011956
-60369571
-505032165
-635405098
970718340
996369064
-781119655
-450848126
251397308
524532354
-176885632
476800719
796449535
751980204
-389679441
862584709
-12144227
-739518651
-767468646
269208427
-796634993
401753881
624740340
392434440
-124697465
875636446
535820166
-372917552
740323053
572864136
-189394227
347971681
-594785995
-871868325
-694052728
653392028
-786358018
-835582979
438451444
-626271118
164211327
-827572579
-171175095
122269370
-445032609
-661306853
-315548499
-558838177
-69756133
-119047440
-107301773
805991123
-415260585
877480591
-78981992
52068591
598260005
-298043573
-722553839
-163116362
306331297
-319587566
715559234
520027331
636619538
806868856
-844404272
535397187
-669128968
808249227
-509929184
-215585388
232291304
-220541758
-140347571
-850735490
688202195
-898807146
876318332
993582484
69601250
864218790
-452163073
83727282
-936864104
514462948
959355452
-506354511
548903381
-596991583
499942001
-663725855
-338798886
177500567
831901489
231883556
-742114918
468213292
-863901349
284041227
364781054
-480651358
-298571353
-623762277
114967927
357415814
739946068
209761630
-500867514
913530332
-992288241
289085789
977790579
863133618
584357158
762975617
-322517314
-299362741
-482674171
929191413
-688843151
-671075299
107936339
-231959315
-565148496
-492687550
-474889623
-356088673
-351686300
280276874
104835689
553460286
-309503689
-134905025
-706671734
662166477
606498711
-818233852
-717265984
-603547462
-674371422
-678295201
-486594579
-101358774
-753975278
-368300484
-82192257
-108171732
-31508492
108957645
534239302
415957050
7749682
-397424660
-514818776
41030138
-739828811
502725864
377285923
-786358018
-888853560
-809238696
-190208559
931876430
593159158
913808595
221423152
-640061461
355971449
-985800571
108552428
-972040433
-180472399
-605700487
206582122
-840535193
753992598
237449791
261303665
-21921166
-307678744
-971712920
-153949560
-802420588
722511256
20353133
-842681648
517803342
654471806
875370825
676504737
808332889
-853611266
-491665498
998050113
-322250620
-566109042
-467480263
584442574
275442790
-763360057
76304107
-110211584
975027535
-451000638
708598139
-160152474
629966846
-408661843
593737154
114337495
-649308735
690269529
-722876493
248694021
726995243
-963612910
-523001083
546293114
354087762
-569135915
-65810790
-740010475
-243841273
70345247
-758991454
-592983254
-309695838
-519582337
-461767972
911017066
-891007135
-273550135
762528364
276498787
-983320564
-754178286
108855663
547539165
-915809031
-93548490
595896814
-804762365
981589903
731640813
-650895164
-525429144
-774302870
549746748
-452007903
764871599
299450530
-620478497
-164895690
789659203
-397094033
855997580
-652361797
-57901171
555670932
789890758
-179655261
629894796
-331909033
-129022492
950344153
431677190
-413684184
713887537
57652748
842849570
-200387753
-194653736
663131183
90934710
525179065
-126768293
-698341251
693967248
-7667457
-301384829
993205114
-99080016
17239123
359201942
827158645
-703828519
121822612
576556457
84844703
361682269
-622341899
-729156285
285771992
-276118449
-505831271
3395919
-509232845
-184381013
233599398
554122514
-204759990
-75523413
716534432
-875690870
950055040
-624533454
-355299345
-483739002
161474455
512390760
188102678
-243573542
-338602079
196090378
450131623
64437699
-399588918
514427351
81576775
10127106
-296507790
-516314044
-360256741
321709055
143828563
-839624633
316321434
841004468
-979165960
594827210
950274559
740272824
639441134
443244981
-662980898
58024857
-190947468
-644009680
282248288
-61271315
163433373
-809993563
713449994
294318017
-325514850
-436345580
-104360048
-681318037
174528842
-298417556
-567449599
706742547
710275899
591482469
-302151564
682279327
-366722981
-895356899
-73295364
967184153
-61879836
742688107
823827137
356643925
11961492
631715900
871497643
-526494651
1513270
-298753692
-540846957
-536937346
-247595715
830070658
-718927568
445997064
4939933
64193026
-276227275
-53248425
-238008216
-574176330
351095726
-183608928
871951273
666689362
383036608
344848803
189730849
450436508
724030801
954635494
589900052
-952691550
-636471303
667923342
171332029
-553647527
205960680
287472311
8087092
-729141148
-814044268
-106750181
634962298
699312714
-917071461
129485892
-287523624
578323730
268635859
201487289
-144460569
991065619
-993193769
841175972
753211913
800550283
503558523
-70052319
-615499739
-153534371
-65055736
453272951
-830625039
-581916853
695752793
-658771979
-955634344
259340045
-82406138
576678628
604639797
294035797
472712878
716148782
-588042714
-583122294
-135663406
4123396
274081688
717935970
-902769483
-725833571
207326125
-223939551
796906291
-292361913
-750159748
539939571
-111372412
35224652
366723059
474331085
189576792
-803466100
89878334
114218859
236996476
789211552
-942849656
424438401
-492627337
-194504940
293461172
809104126
-154448878
-244169338
-559053943
173001477
262178446
-200857661
-447572139
462312225
-102083390
-877607605
479120342
270961202
572119395
554968021
-56845148
-902613434
81031627
-460945966
-632597521
-39859577
986485873
-49970330
833246607
-885106558
-367424857
-674881087
-363406114
-537831094
334998244
170426275
-837964394
-263710511
351791037
-796634993
600534867
-853284048
-740010475
678323760
-138016183
-196991938
-125074499
-427141977
-134984884
401902178
-484275405
773096425
474992975
190382112
924381839
236659359
64550034
757718930
-128732359
-678033507
681036246
677590522
164991641
-317348661
-208001802
709098749
-590964170
108171015
990177260
-691914033
123065960
597522452
510163775
468452020
791370117
921872057
-24123160
411143071
560349712
338365782
742816054
828230027
-485548549
-693906653
-628664604
-336603155
194592192
536859304
147568781
576863169
87414364
973022257
94594970
-970092642
70428699
-519882448
-336075399
517069213
-998476654
-45672819
446807148
73718604
-313611594
548442254
336895234
600832559
-801496072
-148524659
194592192
-899394618
282791112
-963663281
870960258
-234072292
-738897228
-358916383
-585738385
167326262
-736493262
-722259042
-410910700
-325368357
494480713
53588403
586897698
-534893811
-784318079
-662920688
173662029
163602930
522575205
39549481
372192468
629482329
199111723
-530171374
-128573199
913703643
-267571597
16188764
734028016
73279109
-641358656
-869812751
705730820
684898259
-65194064
-10488626
-606340121
956706596
-304314875
470045485
672425337
31331746
-704687866
-962333607
49235815
301130313
-559640224
453424559
-796634993
125492381
840027482
938396376
-165381795
670188247
-785966141
710898662
15054672
364913375
842849570
-8026513
-100966734
211762904
-266609393
-875845854
798819585
679962265
-801176288
739824527
-165173026
-382956468
-230496707
-963663281
812110892
-328393256
-773604098
582226311
-471197320
-888853560
-771404206
4420029
-127154220
453784115
220738191
93095700
-465799293
-782570821
167636725
-168325281
60777226
868724083
-171514183
-735223699
622024306
-798684445
474637724
-437753375
-112045615
-476668664
-913985229
708793007
-116088277
899855709
-816972776
-681913063
-494525351
109180794
-615715951
408966888
610382390
255142262
571170658
156942262
838230386
-692838389
-900716743
-405876674
-711987030
796449535
-203589101
-770552539
-532451543
-656681788
-983032370
-991251241
320388726
841576036
-425302740
-760333916
285790170
693421497
900140855
40428607
-447500547
-340063442
591095165
605694725
-767430431
-248021728
123065960
-877765962
369866480
-853638211
625272533
231165638
34094019
-203844143
-710375867
966329857
-723189542
-816194833
459536051
-779137579
-334632782
-648393450
483368805
-875802430
774720428
845493678
700187082
254786360
890558859
-943696372
-676879366
794645630
-972362820
-115550644
-616254528
-909069899
-648045591
-38893706
-818372193
408409862
169441525
97540660
307756342
-855694167
-75032281
756415695
-514855267
-358006087
406597098
-551795828
-135097743
786123513
-210359545
450204914
552328223
848238304
351835554
626242699
-979155444
-886897054
-459517405
-63514383
-482221647
-459517405
-514657654
468123164
773853000
-290478269
-99538857
-604517394
-797951449
822596371
812912665
14944110
-849871169
165419227
-984078547
360203150
-789886320
176496271
540035363
-440847991
796195618
986950776
422380837
-194340959
134447091
272715140
22642198
-928426921
18559674
-51283154
921441990
851978448
-342689849
439013929
-827632993
383783304
-832417061
962689601
-931894632
801588432
-478406527
325350689
664636489
-838377896
649238411
759432760
882454015
623817111
-568346454
869042172
681892222
548542906
-599683871
-990426923
451732250
-985280808
-488234894
-669808547
341500182
-460143684
-396910814
485881856
548060799
330895429
-670333147
114136317
280759143
-932555454
-657126334
-227715993
-301349569
708994021
26852869
418494484
-868096113
647593254
570884111
37065914
-284039483
160195763
646113758
-885059222
-58827797
-697147691
681569174
674841514
-146397896
-174861343
-84088822
-132246607
-483698594
-15775775
958889705
-676980600
846265410
535040682
-199061102
-372991519
808862644
-817249197
-549859632
247127551
706244707
-232119906
768376834
-72212086
977854812
-711178202
967387566
57893301
-664522863
-972993784
-176217031
713382450
413429942
155472984
602789760
-470631298
843953370
-219690903
-801589689
38712962
-602039879
300116786
-58149368
-503307961
-401100969
-89515632
579843165
334863882
-458676082
423384787
-970688943
900735961
54901079
-438968260
103673807
-355058946
-262563995
-591175170
713449994
-870728485
896985069
969673576
-755065384
-453754975
-400359845
-728081965
-243072099
301396179
649903473
857711028
-433697156
-180807379
81312173
25423478
-997058912
134447091
156453187
-475666478
-499241760
675217121
851840645
-488158526
556018869
258063186
-57369627
-416428735
-859968864
638948126
-762083430
-885747471
178099303
-582481501
-984078547
871480765
588962390
268527602
-344816982
-15495984
463974954
415926220
-276118449
868642356
527120739
-897208850
448850094
-415121535
-192575046
443483250
-636171261
877785055
-875690870
-191644573
863701987
-987249340
66931279
118507216
-347261843
-294141944
760752671
247110548
-184997022
-645758817
126130393
672327488
41476465
701653134
-152032254
990045507
686085780
-751931979
-456094605
98329956
-45852650
565178874
-275491639
769269030
912844785
252627241
-510989646
-502058318
-677099055
722219359
927886508
279586
690399182
677213530
173662029
-221226885
-516104385
-705194546
-447101559
-116878016
-767185918
-716321353
-775176572
-553725160
-464277315
973022257
472874663
-934788091
-288890804
277719779
-291408437
843757257
-400359845
632246640
-601913623
524080939
823248711
-472951283
860786003
597654457
422927077
-259581974
496341975
365801351
423312791
-36415928
-487411437
-358109581
63647972
-207695138
6772100
189912256
11800600
868724083
-971712920
-972653019
-901371163
127799065
232239921
761728221
-932823748
203389674
-918709476
-21603485
998050113
39722171
-965884088
-932267032
-985526763
971028906
817023306
-139155068
979046762
-828571056
-51108833
-144664142
-861451305
-602858003
-365494888
659214295
988306969
432897057
623118299
806486160
-647466126
578990087
610520778
263015799
502006001
359929138
176044408
-499630911
-933350753
-863535603
-982637128
-496383925
-906757276
-556850393
-688981542
-335938869
237881857
-723965147
-479169209
-803547653
-781560843
520877539
332047224
-580802475
-843513818
-161912270
-571579184
-300628959
297924028
129485892
-672940488
929584571
-192306605
-750986416
-232717350
-543744558
737602095
-27011469
352298278
99344163
-441044295
161373766
224662706
-739518651
194042877
472543730
-304598929
-15048735
285899414
97249784
618578192
355508457
659425368
730802491
27980267
-232968263
-418813379
-88362189
-891749783
-896342416
648174564
836140390
-806123956
-377765317
-599971187
-268572080
301244871
-2718589
225369879
194281893
300655746
-979855630
480384266
-149502684
613644715
-223197076
-529856859
804698566
-997905583
-810718223
458041993
-701427561
87285630
185582065
231012774
634148004
249506283
172157708
-433829529
375548080
466631301
-589757918
-578933138
680327846
-677287219
-78981992
-407062784
962142071
917615121
-272975615
-756851392
633350851
201487289
198068076
-134087957
-546811427
-967194670
-724456916
-750499463
-337266577
-525251163
-528114317
316379987
-360891485
414823929
200465492
297910803
-322517314
-5679408
555105656
853356701
-95573921
432618412
201106040
922502940
329337395
35055052
-178272409
-437706945
-234456044
601076480
-627792950
921585074
735878115
-303291811
-489487612
173662029
765331181
-285492289
160669597
-141397416
-915853952
528243749
-165857990
877480591
785852817
407495495
952222467
-736797739
-277655567
-405595337
52239500
824646042
125771943
153696368
-694052728
786591707
-96732140
-832212968
-655743760
984320210
-860516334
-575400432
-633998593
-199618959
-532214038
827699337
482761076
497582864
69285437
135876302
930979431
155683984
130799292
290172352
723004523
403898991
924056832
731809388
-988572324
-820773150
-448984144
-188179418
535747115
-499630911
725849967
488833647
549847844
839370384
942454555
-825783039
-255994099
-764905436
634862240
939555200
63357356
637990762
-71275907
291067397
-970497364
289343365
-826922279
558964364
505407490
-705325274
205087345
166988596
-169052075
536013130
186472792
64984960
140182344
-14141647
380471629
-60751629
-645539301
-232741065
382460152
-752697778
-658823822
-191691617
378694042
462107967
-114594441
-571850724
600723428
-973572545
-817272491
-523679716
-957939100
557059598
734741699
-39694187
332800928
882842973
-943845425
-625212670
396361160
718492336
812696664
164444194
428956891
-655772188
388872255
216071786
-327646906
-713782102
266981315
644721711
-782582131
-894099171
-44761317
-428006496
402324527
-32644547
-900324315
-629039061
667331280
189030828
519302551
575626006
193830881
-289763730
669521086
903954440
-215493404
-984148517
979517087
-50244336
-267536156
-754966569
-669694508
393398910
136293889
592981781
327817027
-750027397
809196903
-238497310
899455904
238976717
627080720
-968842608
242851451
-129431019
177315140
-218356902
-672351277
-319091479
878486836
-324681400
-62848437
-645156091
-788228976
538014126
-583852256
-711269265
408916697
835616945
861606751
-627287810
-704148911
-188868015
-188868015
134000802
-879842861
-201361624
-525812125
788148476
-466879892
-701864486
-333452259
561921644
6888360
622579035
571900806
-67374809
-572029499
-917260448
-505221372
7451071
-286895375
-251690224
-475146473
-987462626
354970349
-497074750
905107148
-854183015
-961734766
-700235933
973821416
-780063793
-347261843
192385018
62670579
914775337
-255162414
953321741
-652303498
701894668
960454048
414097817
-401454008
-628494149
-164130391
-592767672
323904215
-176153073
947374897
-259010181
-359815568
-884050216
289170587
-64854689
-995515592
161474455
-589435345
111799219
-363124712
-885954729
226624906
209065261
527120739
-157181809
-756709708
401401598
1935561
974936415
-516298546
478709497
-174861343
946948164
211495875
-987448815
-325475394
-522873106
102589698
550211622
782892996
-450912484
-470327788
-701224527
267797030
-565888399
749881445
-824628765
-732046426
134568226
997764671
-49970330
952551370
104055425
212136885
26066757
-978036382
514427351
655572625
-722164184
639734511
-522297122
508621286
-661975117
-107097786
565863836
221062173
-946165086
-665905207
639719859
792231884
358009090
921771642
-213044082
924468956
559086309
140182344
323693057
314415471
947001860
908800896
-818966591
-910135155
130169074
-578712578
-746256037
180936116
208622180
-509903700
-95176731
281109553
360755194
-69514280
-528114317
-626124565
-158234556
-646132333
-621433342
854917913
-39764808
-412229693
201922176
239806519
-141170137
-561814769
-636471303
219514029
-452910878
-439057785
-871832663
-777173752
4557964
377980216
-809399532
610628473
-127515254
702967831
729658933
-453172597
745225066
-556646039
311916175
-113542686
104445535
-39859577
513418485
-706560053
331733743
-575280854
-523157205
502156463
-429496293
-3883597
-527798218
-888580760
753772025
-708483205
263273713
-702141326
55504574
-191341787
-995960906
-318016890
470175132
460992714
858324434
580720402
894335786
221502404
257611016
37443522
409962650
455921804
89001329
-939244067
479171738
606643005
612056581
117506990
923516246
-15833342
-62523689
-606061485
501706504
284227896
-714959278
524957286
269506853
-68181626
-797044474
522995525
-169052075
-18763465
-345069684
-128573199
857304560
-890337414
589411873
-651379091
96471513
-839486734
-329265123
-559557380
-127914251
-259742832
403391448
-296655851
235905379
164847867
106164313
69512087
-107419084
-90958557
-413266844
726614384
558749857
-586555847
-202284819
645429840
-570617688
-891990741
-998619093
-987374217
778369623
756316734
923614901
448938417
-340000290
-881645154
497984706
378651718
925253826
453034325
-519089404
102589698
-984881767
-644009680
22642198
6965932
492236327
-862847651
592542918
-37537487
935189184
-183608928
553082161
498850003
712162933
543386392
-15833342
805188979
156015250
870432290
265858908
913530332
-352131665
-357063750
6510161
-412726548
583454410
772335709
-441846527
586801657
-569576504
991443372
499984939
-941990417
-886835272
663881306
-374645278
-247426412
-8895888
-208396652
677590522
-824178940
-104766828
276655357
65986009
-816671677
430381409
-288188863
-637400595
324990198
555029613
629137413
942291201
612615088
684089638
-299141957
260181530
-179920701
-484050119
-230588774
614716468
-731859722
388989493
711728482
740706500
-588164627
617409382
900206043
-802199375
-755646054
297527806
428662610
243518252
942446323
-961932723
163313760
179251820
216610735
-150372166
-238050046
-913196638
362839397
-98482020
-837291623
-62780466
-69387680
-977523447
606950711
240869203
883337785
374335450
-265737304
129752437
694810794
797163781
393936159
567646596
849696986
-592535397
562853383
-7166101
129394538
597063541
-476220793
308504645
866837468
299587082
-379619126
-438672824
60299303
153431651
-241264014
-418461323
-373781605
-945235208
-810433476
-156907828
467512711
-899255662
-119778323
-6504314
-779796421
-950964607
-151129273
199048057
36509052
779345626
-494405125
-163893666
-7606723
-307716014
479746139
-114864531
137274236
881329499
-44263793
-170826572
606684609
-602443362
-720002021
-533106213
729466134
412289094
-531463279
-788107932
221502404
315101379
-698660347
-938138104
803323149
94486115
773317586
375335741
901589825
114136317
-523679716
28985259
672649109
-157566561
-746477009
672425337
299840426
-397268982
632605094
451152798
464098694
-345290799
605658362
432190476
-609681461
-810649265
890769286
968566978
-843062951
41829072
-942310524
923247570
263863592
781071920
-659698548
-910683927
193814261
-563638309
-425986906
-246083011
475151713
-199726124
157028307
557828343
856680674
-754709046
-405459722
-702290867
-844894226
-510530885
-881645154
191924465
-565983367
-445663179
17886720
465026313
735026583
404754786
901413035
-755920952
-83798958
-836783149
-676879366
-41230234
319202106
517129082
647094154
-717065567
347746614
-172752824
672466169
-669116097
390525595
-643005503
602312315
552937741
-136428158
-170644864
-269560529
477565500
-645539301
-177807078
-619992200
535636208
-507488426
383834936
89176580
761528840
-666385441
-843062951
-419382560
969915322
85933465
350859323
-96862123
-303488220
650427375
167409039
-57750015
-631618878
-431684255
-474063463
43367754
994968718
413028272
479966484
326006663
-687952525
880741636
713910846
-114423918
-465413352
-522983239
547304029
176662930
-580052570
-907811711
984488423
95893287
-877994423
557697241
-489720209
517338234
382460152
683470805
-382285711
42290762
978544029
695034599
339757918
-762203234
-70886609
-542474188
878331238
-97667826
971872075
-302709687
-496151875
-254321072
-210932338
828385104
866203593
-188868015
-637464014
912469009
-697294414
279677323
-643678461
57652748
45167782
884781198
99344163
858299987
276921502
-740146670
-457362087
534861674
965524763
-566208370
255348809
111590051
203680887
470454702
46212168
-457208990
-371451274
336590268
-14141647
-437448691
5439742
446195033
-687001661
-576889091
-688575700
268872809
-857168632
616496214
583611481
122543574
479943299
684089638
-163810669
-460531565
456615605
-885668251
-65036772
773574356
805889149
85703041
-888014754
987148101
-651029964
209698101
541499314
428757783
-736667993
889161409
-901562279
782017253
118382753
-965931852
-888434276
-571328641
-736797739
-459517405
747246219
99050835
166188079
836681282
657344063
-875690870
-214574431
-180751833
260090164
734139945
294487196
-387436965
-174228638
-53506058
319202106
575150642
705990310
-565246306
648635522
-397634783
313891752
-225906407
542742217
-813076641
-249558681
390786200
260031550
103218387
-857786453
841576036
542730399
127390898
-702104556
650427375
-286961650
499443936
-951851560
-284266866
-939929391
701668915
-185711245
-338175576
-388106777
460007173
861734611
-432750442
-418461323
-922865608
-554881854
37699733
56483189
756061970
-544130141
-437255486
-306997169
-23169309
869975082
771044738
-174520776
124866610
-128732359
757840514
-444604079
936980019
950055040
-79772887
383036608
-8564991
96118804
835993790
59914656
-900810001
779683335
56271069
376266267
-519428864
385084910
-749350556
-366007590
860091618
176213532
-684729080
-495183428
58755468
640025933
-421978714
-462651696
-614324532
-726533974
745523806
-609849537
633359315
469559824
-577281813
-340346355
-397128673
431922723
-868096113
596072449
498115922
-402474396
-680966637
-538103590
511815470
-900716743
561335262
-395910604
262605832
258193767
-423567334
-893486253
-939929391
223634226
793368142
-648298931
363566948
534381023
900650581
247555120
651721401
-588147033
-381525374
845531615
-392866421
927611765
310870929
-925386805
711728482
-944012129
-404912600
-332246271
-324717778
755180717
226739030
348246251
220913688
525992333
993582484
385983939
-880641271
578990087
758266946
-399455711
-16168002
-12144227
-3627673
718492336
-716631301
-486801059
-152472324
295564028
40565235
-322056919
665202228
764707325
260453821
944212186
-685903056
-324014400
-296655851
-402148661
-413871081
-678962728
230173038
-766910483
585969526
313982050
288451277
222065259
-146231019
259963874
326963669
898654066
794092674
-852434917
342393669
412916008
528604043
348086029
-639287652
-611915325
500604109
776295164
-75678202
589311416
52029831
-669007574
777930823
-784699890
514163394
-50244336
-188291884
454762856
467421676
-958734751
-814544686
549323603
-243501154
-68181626
500232283
562270821
431616895
331582499
-558560288
-976913791
-776078327
300926934
-131639630
-487826195
-764063066
-205101218
663666811
927368800
-176083278
238671174
-764509498
-38339292
-549737374
640530051
-378562321
-109838030
148301829
-489890684
2247086
588152964
-636171261
655997697
329222761
-201433360
-787887854
-319378488
-555839484
-935617121
-84802952
-891990741
614018845
259181762
-58710511
-803533884
828224485
492236327
727652747
559668452
587930591
597964487
-583720151
-48989164
-444850006
501296723
-115090132
937995273
-120215660
887775055
-427765293
517031112
-715668288
-567168114
-213296929
300017886
-910225548
536091731
181162130
849308752
-381965620
-97864924
-648938898
-608883095
87155884
-654056309
182037914
-718576140
-693649366
-109736297
261630382
648090330
153597273
-686813007
-211436814
-633458830
466291330
-143273685
-531871132
-992602596
-717103134
170803296
-568765805
-78255544
-396035868
-991847269
-6464392
-358936240
239806519
352980908
-324442150
-361860324
635719552
30525081
-45086411
531574308
10623136
717379619
-694724550
670129031
550437322
-298753692
683292511
-244134180
223634226
-664554206
-635905219
-399236004
141758608
-528771909
358709059
690346101
-981200412
-343269941
-488158526
-941564190
-264770360
-307793411
914464650
197051076
493926480
950717495
343121241
371283773
547304029
-52529209
-463102778
-810190801
606006388
863037382
-905946787
-98720633
-482846883
-388923776
-789077533
235193051
-164691291
392427238
930169240
-182091148
-55615286
73113718
140288398
-397322144
629894796
409244109
-349565712
137746479
432190476
-604594899
204194930
782232602
-997979872
849458215
499184640
-107153379
-23775978
-439199555
927542411
-387436965
-316856275
-152395868
631454190
-560738869
835616945
-536419185
-155214514
700150550
-521740550
-182573765
-269169450
-5099655
509181021
425898069
76079905
980752781
319456846
-918300879
416733577
958379059
-934054954
355769428
-252695504
-31274031
412435272
282417629
508922413
-993788992
-792465444
471896545
578558708
-226518480
91436597
547636703
-158408688
274373769
90747569
514307329
-471060385
-685143878
961724834
365341652
717849596
-806902413
-722259042
322317780
-225949657
-275357753
342302905
320994527
894668952
603542120
-669910217
221932147
-570988908
-133981846
246185801
541564260
33483326
-303304732
-432392224
936149266
-140638011
689565164
604940786
182659541
-235434501
-952928195
100927253
-43154130
64193026
245211557
-348012214
780064633
71624543
389853814
-938844547
13058327
703904582
-404012995
643016811
284802229
-346598303
340802079
767735924
-777357646
-337226330
670625320
-91858086
-175216304
380886617
-583647418
-727134187
-953559775
758855169
-782238965
697448417
761847032
68744276
-171979679
383519964
-742705101
451043579
-70662889
484859811
-64883959
-943534636
728985995
338260003
884908625
730896789
178341418
-206388340
583416938
833009811
856402701
327817027
-843306960
-585036430
104541704
-107815487
-164138383
-959747218
908515733
-733372
506680592
437058372
59068189
931691540
44680640
-62284261
515012168
-455185440
-131760686
-637909177
-403507140
533213358
-461864241
-451841433
-630590792
-714959278
-799159751
204601686
-258943478
-665667123
-198308689
127223929
-304314875
190382112
817162026
-733993908
-67303649
-694177200
821524093
794394166
-878477799
-404413295
673398995
505826767
21271593
-822173924
646504999
-820203950
-268636415
-123809787
-168204552
658722185
435401197
-674493320
-243419475
-663175385
-328144069
182784614
358948638
656689171
-195930425
-934314640
-324573668
-365787807
-248048843
347382539
609545794
-914825244
147047252
939555200
891494017
-452910878
-598745396
-120703416
-529856859
982255357
65268045
258081265
458420106
20056022
975790132
-316369727
-233479073
458306853
-687001661
10127106
-434498676
-675080497
28052867
598234414
456126252
311556280
268228897
-423227160
-422589685
261720795
-892830429
410867811
-990253240
-778867018
949301197
108704220
-888756955
-652674648
-29381165
509679997
-53428576
118338421
324103498
222601462
155902148
-38893706
-586924110
-166923530
344919042
370607663
376656670
507815194
-302962461
-340738412
-839857295
31275158
-856587085
-351280936
292571121
-327153092
-588593697
-393568360
276237969
-929619824
-842851342
-11460256
-63361782
774491754
-950493688
889776576
-658823822
284462052
379847727
-43154130
82279544
-910896984
21695025
861956849
-110662374
-940874655
539778825
-399146255
71087489
997041924
-168621799
-44628972
-37647955
-561362378
-196436481
-947079073
597883010
949605886
355971449
974205048
573474632
237423896
-65307782
-542865913
-663046235
190768389
421699439
-372312848
597939979
17461015
198700786
611288314
-362179276
-63514383
613513813
155303300
-28704802
90696372
113208284
655460837
763959842
-2299744
-519367213
635780717
-89277233
818998569
-682472277
-825948732
-22582528
-964498203
608090430
505277975
-649953458
-150777731
492094763
608947394
937472730
975278592
991923575
744708862
-433085254
665911736
-394046732
386364907
633873816
773677918
712693115
777875123
989394641
735682068
737602095
-286845739
815037190
-516501425
676654765
-38229938
-953949608
-784983578
888471259
-530092848
716411346
178784839
-149415361
-646426145
-899309027
-128108991
977677910
814032797
-560705696
-198597140
-833997439
-100453735
210778068
-910615976
-779643341
576047099
-41307095
-898135690
-181259104
-501886912
437412891
-756709708
-74924502
369866480
-230588774
596931167
-661742966
-6395301
936149266
-174520776
-560548524
-460826321
546349703
-883419926
-825667416
-602379536
602221039
-245599757
-541082431
64133896
762206678
-415788108
676330753
448727865
-698613242
-676572350
234548973
197853666
-100537789
-482846883
301317757
723567314
-922965523
448558565
890312181
-226786885
-75239706
-380368811
640066001
353776751
478474194
-550032178
393936159
977937593
-42283579
951144043
-130072190
-641830997
789809285
942446323
-142661006
-296836572
-420415136
-968711062
-773671792
-722021961
-401664997
129627280
845959241
706544053
130012440
843372984
-860516334
-538706143
884090881
244411355
476321724
940901567
-760881268
-95176731
159530694
500060517
161373766
-355058946
-409674030
-954513520
690269529
-455624004
491430739
414553987
722122100
513418485
525310999
-187817308
-744640891
876450765
139849675
478709497
170919809
-102897461
-564691315
741049928
-652165178
610002802
835353859
458510105
-317747672
-858030050
-414413422
691920251
-917581503
301629454
225355079
66668868
-421947602
-715157110
118338421
926508236
-339334136
674114476
924429075
-124875757
-512074949
-346242456
415534601
-385019314
-842518307
-384628575
976422990
-955921634
757718930
-416619551
551030349
-230080102
-773756856
716002228
532383442
-557009888
37080628
858773832
227457451
-224549177
-672414321
773752121
-247693659
675453129
-88066799
660851667
704660996
-459323882
138077902
786537458
-141996604
114136317
-218356902
-726773923
342667683
694401904
908934391
766704066
161166668
-582779425
918074061
-520357483
316049064
119132773
-729355321
-685844739
-906757276
445872049
-728346633
744008186
64984960
611836072
-791017707
922968602
481207415
893994218
605658362
185476195
510346205
581062495
227824875
99019350
-759705499
379782754
909875098
-60709954
-167764802
986561542
-875138390
-948091875
427752292
909038975
191822126
-730800442
-73931276
523394765
-974573352
80825630
962012655
-804613984
-355489773
-299182958
186057917
-437611229
264451296
-239845899
906665343
417689800
781270484
891011979
829511763
-834170697
-564873387
-359946676
235598807
733687205
542317014
-978036382
12022499
-765204368
-144226318
-343823482
-30406318
-634058028
967962741
182784614
-254187503
-30106898
324537321
883482724
645279374
559509099
467664074
-885257430
409636791
-566673591
565178874
-368905778
875521613
-769158502
-700106747
-178774771
217632891
-531828823
-29370172
-893223760
-952928195
107301062
318231873
-278602544
-516104385
351207824
-382285711
-724684283
519330010
916412663
473543498
156339678
-121755029
344680625
-823376664
527930010
695500537
-595982505
-219582333
560399102
-619834396
-164401128
-194340959
655493024
-460945966
957946895
250692050
-349273492
57441063
-12996997
-456329068
-434237901
419277667
-389282809
-343602216
-880091461
-750736683
-954378170
-828571056
997426161
-924781268
161373766
-609641490
638998830
-353770628
254689976
-715157110
430645280
-56810087
820958926
-568829468
82430396
-762275238
-745567525
-80470218
652771029
720628221
-367581369
-697383411
-587427262
287118247
572387234
-901446463
-144945623
400320821
-856149999
-64688160
361505460
945514044
519150742
599584465
872397324
768792242
-999871083
-114197790
-422539887
-940609382
-580280829
630418867
-939744680
708077985
-568647915
309797368
-985945131
718663051
146112173
-531417547
-295228002
632797268
-531941102
800870052
-81285030
-106539923
-719164063
-260174773
735425880
-868413174
-884756816
-186611249
-792335252
270062143
959785024
-287105704
-350224375
943315269
-644679366
-131203340
863672240
-468477033
-767766371
-601569181
653546991
197148182
-593943765
-711826103
-631706668
-582288437
-281818309
-19300968
781585924
-329856646
-5592786
518115563
925058866
-973148656
-338353600
24546732
177431130
-270531353
-127593824
-241682312
522766407
878149713
-196045686
302248635
-827136965
677487882
-798255073
-108906810
-548463989
-467718668
624025136
-451406326
724641230
-626441279
-144825118
-389679441
280216481
474106532
-265506406
207008579
365091912
859833085
578132271
153514668
-926337178
-932207351
311490273
683470805
351939969
557630193
-333609906
501531204
553539991
-347913336
842996848
-596839758
-611612618
-956735550
437468464
-181686444
-18457213
-259742832
-626719908
949414807
123987748
5999659
-961794798
50255610
-276580655
855828307
-854148646
163130822
68122988
-284566234
-693649366
855356726
277290025
-662971267
-528886481
-86498706
383519964
180982125
-480651358
911676384
-277655567
-188868015
215762418
690818519
422902186
-162232643
-574824397
841284374
271602553
693288148
-376003200
-874560704
448938417
959093315
100083201
-915105832
-729866944
923291906
908251472
-828948688
-996827976
-799385865
-457362087
44535376
-96318831
-724815591
716907753
-119625409
55618145
565948876
833793780
-376260594
532070573
-20410629
-817035206
-775598176
-609188855
272246477
-78298319
603852518
-350361955
634862240
-363910089
140771275
638397892
-510071181
120421607
-801176288
-265671703
-905399944
838013385
313982050
20413747
-440655850
458041993
-151998948
886174908
139903833
-713782102
40108946
281485916
-122986124
924056832
-941428890
-681557557
-420577572
-945524048
-986227086
184098051
-954093971
-466467974
126842163
-534995076
567478425
245600363
567266510
-720289314
452987506
850090059
-646132333
-326487985
147136798
-361010477
-213809941
-227015509
-507176835
-304747198
-627792950
361929374
-703828519
94486115
-398518936
946535253
-584262954
-748191133
-401879886
-286386566
309013957
-70505164
290391270
-109736297
831335833
-228468741
143540364
177006501
-431162254
-934621175
-972782908
-778506069
38377782
225464110
685975979
-303579688
798479690
-824780847
-242827326
-326557710
-963398181
-762475093
762596738
557438597
167067420
690269529
175389403
125561387
994602976
558572810
-566440209
-786601738
255649435
179150540
-546828588
540690312
-20410629
-693353847
904418194
337140388
276417192
537792558
314876598
937182832
-228077386
588152964
801030135
-855307321
554581705
374124515
293541325
839370384
-9694343
507491906
-695391159
641477865
729955812
-430224296
-151638293
-380319135
-379440590
806873962
-600511115
85703041
-570644089
931075350
208081508
549062124
257906311
720804545
195054845
-20000637
175666398
907002949
294907110
-113745341
501374074
703158932
420814764
-831648895
990251499
-306325947
-509672438
439944692
141536250
-248048843
-563546721
838310206
419132678
953756470
-698660347
140637106
369152739
204311951
-285148945
850090059
580047618
-471280938
-629644069
172333047
-511259522
148301829
-654362795
-950789749
-412399725
914464650
532517794
-9263207
843147865
-221226885
5521135
-471893687
400819898
-705696401
-837315298
-383896827
260453821
-98720633
42390490
-552930222
-473177445
281839673
861301130
275152557
-681913063
703318253
17301477
414139495
775052793
704251071
-418435815
957157646
-66015815
616318293
518640885
-76414030
-811571887
785203634
775809102
302118059
940901567
425285742
-869921515
-338602079
-529949907
573762226
-375421981
-372798293
254432492
703407914
-615783337
698643475
-221613099
-651784453
-73638117
-142760068
-825053968
94329003
390434012
724756000
150041316
587783641
-256137762
-542260205
-959093681
-354219919
162098801
22834093
748854537
2247086
-558838177
-28959305
-523679716
249566765
696282869
-849257991
-312557239
465026313
348246251
604076120
-151143075
-887398352
-885257430
-913956536
417612441
-808288193
-110784
-700182184
-313611594
-926568618
633813601
123228362
744355449
-467959410
908310541
432414872
389798111
-583122294
-42367370
-731859722
-859820192
-943858044
-903116481
-985280808
-833355854
501090619
-291074571
-8159869
139225047
590368869
332728680
512179159
-979368340
-542677400
-69347927
775159640
576863169
842685100
450326416
-797531787
-984424568
441211834
-530574396
-392642989
94368478
46466675
193932777
-175856035
-11346972
-800162331
698333060
-265079990
-871352071
101092283
-110132494
-552474552
-372653818
-732235321
450638009
743265431
869420007
15743285
-322590126
584495577
-791291006
-543852017
734838233
-850021756
571900806
-425845071
571391441
159324253
-22369786
636333326
105895217
-281455695
859833085
-150150905
-106539923
683470805
-496746327
-502905529
608432927
-543972411
-1171751
-810791947
-50244336
434487789
-217170667
412181362
-388644717
281002767
527700140
-765573314
-290900906
401269831
-340434260
-785603746
884423025
34831825
39911469
-105294551
-565090157
524532354
829487730
834563950
-580115636
832480773
215872731
-980043349
978511680
-732874850
221502404
115317665
-567168114
-75317403
-506075466
923561139
70428699
520594087
201955673
196306328
-982144133
448196844
294210852
652902454
-379827463
911501172
-360049
-210465726
-778506069
-678404478
32897097
220467800
-201052872
116046164
-215493404
-689048958
-242403435
-580454050
-112723625
439534851
-823365380
51648270
-211887296
-841891323
-440782007
607045339
-637253685
720054059
-457860746
-786012584
358461308
-909729505
10745237
-721863223
451455943
-761922518
-361360816
10745237
-664109678
-715914452
369475122
-65442486
872685565
-56402488
404998111
-698341251
-987742061
-91421010
899646361
602995424
-167091281
849539006
251453969
388420621
-266812417
532070573
581850867
-169255860
-282775245
724712036
510290686
-861676888
158888929
333749557
40859601
189912256
-414790476
-180359561
-103973269
-730921969
-760829566
-715450458
-781336494
-456512977
-913881990
-676023950
292811703
-977226753
-993121207
476622827
-147212407
740927540
-955871016
117135241
-423379861
-32500777
85933465
622432475
223488509
94564230
-692596688
690269529
-173143680
-848206586
-244603139
-236758660
-490789022
-765463747
911772942
11800600
715207526
42810280
-585929114
-409596784
-568508752
933075367
913091511
-346416656
-187772205
354825792
-209041077
36289162
-571328641
169075466
-615360877
707434893
-546338810
467068979
164547369
-386127313
816309890
-867342457
673714345
34716426
192462563
-140140595
508922413
271622966
434669971
-680674556
-45583462
-340000290
351207824
95553435
146588204
877847511
80551772
760036601
-556545857
347250862
-36671330
252733458
-805788496
146233222
-49362075
159307437
-157393801
-15692308
-578848318
-91858086
-144226318
628301346
738866066
-379293624
-282775245
611836072
282898708
29609647
-415048191
-679316714
809887102
849539006
-980512002
-350309073
693195736
221154155
-869101704
-251988909
578990087
-62284261
-836272856
-968673109
-765367769
509493806
-547048087
-881832339
829384141
-989505878
731017061
820088892
-311506853
-209990997
-794794119
-349670317
509515849
-367055017
-450748309
158888929
-495484673
-733181960
-822673993
-332732073
-627104557
-334130678
911218339
554659936
486469531
607633037
-994937589
-777753443
986755669
-866789153
-976656039
-340028588
-862489561
771383048
-532673682
-408144910
-287736165
-434143206
755261131
345835278
-32644547
-100380520
808862644
643982858
808769668
42390490
-977886894
911114844
480166998
661512694
-225108339
-542896386
104619875
320859765
-881645154
623817111
479614123
918101324
327743300
-425258499
56115323
806158707
-963663281
660335707
-714514925
483868718
913709231
-958734751
241560229
-47718818
49985981
-513514604
-985995734
-392309114
809533527
151594749
-93440591
521511926
449114058
-652361797
-572029499
235343130
860461
898079764
-141776378
821149985
-307266390
-37329044
657239472
636687020
-509051054
342176519
-335740515
28234886
-503776530
253494841
669040926
826284369
617105748
-499199627
838835046
137640020
-70662889
444336597
418718907
4070585
-878818620
643212507
761528840
-639028709
349524731
-168943304
458591203
711453160
-825410587
206445223
-209549479
552114852
-660302605
-414453885
-927037024
28387331
426858845
185705518
302798501
324106613
460787104
-505278449
677846287
959759857
-937114273
-930181748
-874336068
624854559
465374267
-415498135
-213044082
-111458211
-869428359
12022499
249272707
483589982
247086
-302116977
677846287
-868329343
902099124
-812228581
-606611206
296624150
-786358018
-42392601
222726346
791511771
979157829
-543837078
498850003
-533941496
764141698
-418047573
724412655
-630324180
-41428999
-118279215
-559777763
66267333
-177023497
983457034
435401197
-613468805
538700482
-656963011
370792885
-980512002
-485606052
351074382
-283673931
-513345553
50883823
775809102
988140358
-993203758
-491364448
468410178
-5249504
-496383925
-832654595
635780717
-375194508
790033101
-579792284
-377859109
-553108862
-640493885
-955295110
38887204
640279132
596162037
897647991
655460837
-184502951
385030580
-728963104
227124136
-235060093
218320055
479402287
-355218661
826838092
-654743182
139225047
743730015
881832872
804244054
-402148661
-574808939
-210405087
802454297
-282086103
-321441962
242741730
8360404
-269286113
-651973729
708646284
642287371
-747342430
-686842591
-893083235
-5249504
-829349016
-364605465
609192102
378827879
627631902
494260601
-553841719
826597996
243736509
661472974
-599520793
-70031428
340751277
425466371
-437318652
-107054524
-249089315
796762144
-62453219
-509567622
-368498234
815481340
498438080
144175850
-668323903
-502350527
-82109669
575129810
9349337
681569174
564581835
669956332
470300762
-990003033
-338561667
-17655016
122527186
659374070
209083268
876450765
-947971543
-304702518
-524219656
-811244426
-150866758
-945751525
916845357
-784081915
407386359
-620012980
242307807
-860781231
956525287
67077728
629858918
4316075
14303271
832744329
210134199
170392462
-671632483
-253789623
-784515382
-510686489
-772150504
252301642
533993025
-307423482
-51469598
-504650373
-316472516
-917260448
-984078547
970771975
177161699
-378490321
402011962
-184018073
473193381
-998123874
410458943
-395848630
824211814
-681261600
-819310743
139344817
683063534
-861639788
-636388597
-201937030
338732591
-273774752
834997187
-198787093
400842412
346068848
579252732
-836609778
-189882388
645609608
304756337
-216345144
-646776812
904110235
847991368
-96055200
35586041
-128825714
-960527548
-130269976
-299362741
788262475
491535092
199446352
397270812
-474369069
44777025
-219655046
855740140
-925653725
-132246607
465851157
549323603
610506868
-813603625
845313952
-746886831
-762941736
161474455
-47359030
637329418
383672610
324103498
77584527
854456584
-749031392
288390811
-772302623
412480469
-688981542
-900324315
-296401856
-781803877
-71730897
-839579745
-289788984
71338818
-396169331
-753854063
198529052
-539024652
-965600888
-682290367
789031609
-507812573
317243491
874412517
207147215
-459908410
197997069
-184390197
-294551178
333893935
-23658305
-157323311
-312862751
-237832535
407977430
270836678
864318852
-139656231
805777941
555416693
-730975443
-375194508
58525262
-227812181
240490014
-973889231
21884185
212639103
-372420395
-928864556
546107078
-315548499
631102563
-48779133
232452595
999418266
423042767
-807061618
179561184
-308108701
419368172
-532232652
821606115
962915539
-300982300
914464650
554835871
-41455535
939948317
2718483
926725894
15743285
-185774444
810972132
-648045591
-828262695
-159327151
-662980898
298942457
-581688318
718819191
-166731134
-698473330
351666733
-922412784
-286124848
287710322
-443254661
210368858
882454015
738961292
193830881
-385559097
812750417
-297689045
-792945303
-464495452
664419722
196090378
427451176
-5817947
74184886
-780949491
-791619411
485872005
355971449
471707408
556393366
-192847560
564515882
-90327519
-228308633
-579861566
-513800170
-396781805
-694999732
-892647661
-613244207
-929225789
-558838177
-224331241
-101878634
-484050119
866478066
674114476
-338410122
667252792
-895518263
-971712920
-163499595
503367288
-935509313
49060824
517676079
305957512
-267071618
78945168
-725534121
266284685
-193446487
463926432
-627287810
99886532
-466648487
398414381
418933847
903873054
811524954
821860292
665991689
324874974
744008186
-601937308
-816889208
-73295364
694165470
-637537983
28868723
-555419509
-95176731
398687138
776224598
939213446
650821754
491722007
686371314
-796218353
685693160
596592147
494897201
859966044
-59880775
-696639239
-219312716
-455407146
-126317590
431480249
325818857
-412038210
-628769404
627739037
681063359
828429546
856680674
-357890045
-754383925
-775438666
517911231
-42042324
978511680
-307830631
89176580
-583647418
32962755
509164286
-927604911
-616393306
563711634
-645982419
317455388
396494467
223717453
-860516334
-294392809
604639797
639156668
-544761385
965246177
341167603
-198895748
669747272
673774979
-78857628
-28798078
968220812
149031177
-955871016
330445879
839421094
931876430
558393964
-789417669
720005241
-728556448
-267482141
271482468
-661226395
473903592
-599033686
-120877379
-331127780
-95715401
-250307887
-638492498
183583723
-184068937
-556081522
940312106
791192591
551701068
-326736835
752352925
-848843034
-241616562
-434710869
479490007
-22012761
829806661
618488574
952150945
585969526
943315269
-542007634
-418146718
306414043
-6504314
983711840
149564422
743011757
-809613745
918754517
108152800
978511680
494070835
189730849
-303913172
-981781842
-476061337
642215461
-316986416
918742213
884168331
862700483
-378455137
-391975198
615988825
439095954
-830482547
78860136
267210114
710420898
288105394
-144179793
344563488
210513263
-809973213
33669663
145749166
770262897
-638492498
-168444714
-64964317
784697696
783793949
-983320564
729658933
-63143500
869357785
-172388424
364312022
-544711356
-663725855
-850503627
909200407
965635774
-332246271
326963669
-981721358
597716822
253579545
783993121
838889107
-605182400
362602214
71338818
-534070097
-198708432
449724090
-790883513
122027165
-642447647
-177774473
-29420724
-702336139
-42283579
825677785
678652120
258063186
-549068715
122911105
-410083487
-592535397
-353843053
798742190
-374339221
371486083
-599971187
-910120295
-294903928
-571043429
128780602
-418836622
162389344
-273072280
436306701
-224121178
28868723
68809211
-782812526
3395919
574357359
566241778
855356726
-810190801
-871868325
-429758982
518720934
491829671
470300762
-764942408
936467093
278867268
322683978
-974661494
-338423543
-573205031
806372245
321444822
24504252
-99538857
-25831420
-234072292
-270370317
-186913126
-849717066
-488801582
-133794603
915700247
219196552
808166963
30777146
-916024902
-748854056
497168806
890197593
54766086
-971896772
273490017
-852970395
-67836527
55258340
118992504
461844562
351254285
737084329
-794343490
-571056818
-126862726
38677053
448428343
791370117
-650803767
-243239415
-959747218
569353829
-216632943
413270557
958379059
-263162072
893489923
-591795250
-122986124
963765945
-149502684
-563448775
-964261554
-373553156
-713700104
-808653655
601306306
121019735
648400103
-9429762
-575985077
919520536
-827533122
-713016573
-537164415
675766789
-926008573
-450441290
598543012
89176580
833896525
395037944
-926663165
973002341
-284485585
630974682
-756851392
-403507140
-569135915
221502404
-226189294
-725038516
732071112
86332577
471707408
-155012820
-613216174
785646952
-208396652
253494841
94717846
756198683
878406075
-953860056
279578009
846881484
166555088
880421558
-630118970
-279954346
214166389
-564416178
991956078
-520262033
264726413
-424312917
573317473
-421947602
935945954
977101039
-794794119
-617004644
260031550
-350224375
395867168
730423917
2221277
642484256
488532562
-682423293
214434422
-64484031
-925007914
-193837297
166754434
-970497364
373350858
-759183853
-57196468
-793891715
-475379901
298113852
31519119
-248239611
-505439595
-710712909
847552277
-541221268
986561542
180868758
700556097
-933350753
557059598
-253593371
-138708230
566122567
-48779133
-131682282
373619547
-489487612
156831554
688492652
542730399
-303488220
-643678461
129378483
-642910560
-132716870
-391699637
-768291300
896008327
-906683477
40707789
952866164
-165674848
-574982459
873712587
-919087735
321518721
739427720
-256137762
-407557332
322471765
-335464009
549618833
319264400
-462124213
-345938063
189239726
992625769
432469657
541347133
485624591
398002875
-93608687
-362394770
64193026
-206388340
64801555
852197920
-472268426
-415788108
-797125136
658722185
420814764
-456031480
133209904
-73014351
-900652003
-398904711
459779368
-756096536
-212056530
269925619
834293295
-709532958
-809835605
-503786113
652970072
-254187503
201138921
446655320
12220
-751992828
734327852
-944552374
485696692
144063738
915098008
604411088
-685538010
-266532257
72463396
52932674
-666208466
-792858904
-77573424
-191057268
870699433
800429677
391930888
-300357200
398496890
764968284
-696501324
-605201629
-520819777
-213809941
525664361
-217233945
-359747844
-553747926
678472739
515269453
-329200189
-547520420
-70662889
-796544801
246804753
-494272739
800765501
-727054566
332110659
-13125784
267631190
215801389
-772844460
-101112690
-684505673
493700382
674114476
-329800943
-673980577
-223540679
-310200766
432651275
-443138718
-660157554
179349265
29278624
-109032748
851448515
996019017
849731964
-84959301
-696317263
399109883
-100939039
-895700709
502326265
-905946787
-568647915
169537667
-548463989
-808159675
-873405170
619930507
-542218614
270812427
-7012843
406741764
-377441588
142334348
-858335354
-827632993
2286427
868592603
169075466
177006501
-875299606
-997730847
827484417
-358006087
721358483
-675167047
432414872
594459810
861439166
887423037
967750095
700715156
-59825047
-275618662
-770635709
-294245339
-909678207
205242856
-299826851
959878506
541011703
194592192
577459199
132825378
-818813529
302258133
260761067
-378735653
-212056530
-550340963
-501100329
-947517333
-634405344
30525081
-410387514
-56939057
-706284417
839119900
826902181
-133674403
8087092
997139367
-772895565
883180448
127417324
47156301
248374383
-773884961
191880586
568014834
-583611866
163925006
-517055549
649544755
-641253421
118475813
35733773
-734253415
-963398181
-646207369
-831609895
-532390181
-645982419
69802792
-193923311
100602609
-747814080
-31715523
-793190287
583702723
771971581
-590615808
885653582
-577103197
798479690
-716982443
-32944939
854816823
-697494189
647016373
-465250037
929641022
-713493696
-946878230
660851667
642141216
127119420
-742690562
-449719354
-949275419
-252887060
75615489
739050459
478333415
-394756882
-243501154
937472730
-533106213
83447431
517472354
915211057
-791590629
504981216
383353143
-4100224
473369360
-334705901
-175541123
-962661099
-348900713
-802661588
-983866442
963518467
545389745
808657590
-20042054
-364282633
-180472399
725849967
575299513
-784358576
530493644
106095771
-772107628
789022572
389355282
-208875640
-131090331
431616895
963385654
-648045591
-291843346
-874994864
258727461
-837315298
456615605
978511680
368017403
-87407329
83641841
381899338
-976276393
331402049
-218829774
-51984398
-881134051
480166998
170919809
-663653146
-629612973
-382862524
385767572
-112609309
193759243
-253789623
329081566
930592222
-809238696
-26143723
716296069
-508234752
-355836601
-761182054
790247553
-479554756
326221234
377579196
-202641332
569856243
107216258
-969570601
678882399
330968255
492841016
-286376464
452253813
-219865777
146080061
-641886888
-917528782
736546769
764638412
-842064001
-125272140
-641581138
474125047
-574258838
314876598
-382760180
-228999242
-81481655
-246275918
-233648234
-216182554
573597652
793949621
841810880
-506095392
170803296
-537653287
933075367
-378562321
800429677
787901667
760952619
597230799
802889595
-367424857
900007857
158686825
81406157
-304598929
-503389960
337546537
488386152
-721863223
-455306430
179150540
92782112
-271030515
754423842
158033064
-375421981
772206874
-473364829
-135351727
-543644425
530427768
-770173538
790602363
895162158
815481340
765542762
440086413
892845202
625482849
960246082
-923993986
532483765
-185181757
-661742966
-273380167
-874357523
-245599757
-38893706
-26143723
-487193098
701335995
241892839
-546395494
-947046576
538949882
216071786
-771309066
517415777
542649767
251333119
7879380
335168590
-938005166
-117441470
-332508594
-491299441
-398149994
134813308
130799292
-417344446
894912230
102589698
850869235
840877684
-430411660
-697442198
209065261
668700749
668575733
146804033
-559686557
-778147279
703520948
392828655
-343021416
378760420
316264791
-509777489
-222499562
32186016
385220974
-438234542
-420725682
-24166152
-461767972
-36415928
-39859577
-901943933
-106539923
-299219295
837060839
575743120
273006005
855120418
-549171587
-757230581
712005730
-684277935
-664352086
-869921515
-661742966
-472601420
-140092938
530427768
13250418
251333119
460077511
-571595252
-750899045
416981579
561267105
880927870
-526494651
494480713
-567694866
671051005
-870576379
421175940
-845820624
409849670
-671489053
464098694
744708862
-54161651
-614938009
98244317
312692086
706296135
-858324112
622432475
-98720633
717133091
645101252
103362081
-465178607
-688981542
-662971267
-112118556
656031344
713202781
-961226130
545969324
-298699224
391800088
820916792
530427768
971156480
-809399532
186984909
-98136217
343201086
269852145
-307522562
-187877869
436804287
677236831
-12104102
-122647568
-192575046
-959223200
924856687
-277248088
695257597
160195763
150442391
453424559
392828655
-989505878
96380131
238671174
-643358251
846606722
589788393
-854677664
-985800571
376052249
-314335443
-593052835
188570272
805966916
515638806
-830529756
-166120734
55796402
-918601427
-126062206
109504865
292641592
753085823
64584968
913944054
-259966090
-278602544
865210351
307893729
433286774
-343984468
-271576203
-547896544
-699994170
-167384155
-345716655
786508147
94717846
-735781517
491862537
640493820
499261092
-655171595
-724815591
-938537479
384500484
-844232323
-686842591
-631275484
-498789534
-425986906
312241970
-453040587
-591871551
202346525
527700140
998428061
29752847
-505831271
620661783
380308884
347504109
-546676950
-361553465
-98595286
-890059029
-981374159
338803919
-162510155
-133428582
929803242
-652741257
326601749
-263373838
525858259
801882411
59068189
529785753
-825667416
-148565096
43198207
-749540885
-122882298
314073283
-761922518
963365954
437826692
-517765602
-231613170
-803740139
-574338894
844547723
-492748725
-490449356
-298138953
513418485
682890931
-518508063
15977354
137274236
124377120
-968525727
981521941
651897585
-158776862
-851252142
-677028677
-711796257
-750499463
338353579
522859307
476931617
-848974086
-247537204
946124078
-797125136
615306110
149306224
114288467
-55369303
845767080
-203448639
-446113939
867821937
-478664706
761674093
-231544374
885258241
830161166
-102017100
272779467
-866679440
990364893
-473677349
-166996759
-933543510
-486381390
480438036
-53169241
452549753
-895099109
724756000
237449791
-316552739
510950931
-73712709
-839412452
719937275
859560988
-966608990
-722065834
-351886081
-149728258
913413583
-379619126
874845418
381899338
730006841
-655364573
65375280
271602553
-369965969
471037124
-11202611
-291176772
908673590
887058578
943315269
464936009
-318692712
570330575
-225131487
-870217236
-587418805
-87757346
582342231
197148182
-616851238
422621451
-939669508
-211208669
-306461767
914264214
-114197790
361799138
68408255
-619261326
-850735490
39294234
-500692673
-836609778
278867268
-957535356
-986227086
-443643445
422927077
-289912845
779071909
218813625
-864619070
354303189
979517087
-841546036
521265511
-105849287
-98595286
-752097270
652579463
-885954729
-987541665
-198540143
-355425179
781270484
740191843
-311367833
979517087
-288823975
-820616540
731809388
-92635124
-172654382
-213336649
-734478657
-387877478
-720400958
241892839
-330084575
999418266
801832319
-194305802
-246221385
452549753
-496090603
-888710803
-926042139
961724834
702158952
591877586
440825964
-463430743
530811600
128211092
-96115711
-660157554
179150540
-240065333
837486060
-487845059
-945665985
-374773879
127597816
-953480153
416788224
805188979
-591769197
-763257739
670447706
778369623
495139848
695257597
143979733
747829814
-261430599
-988994964
513659620
-881719377
-464627996
123228362
-72759485
-828231759
-946323473
-610878283
948252667
-406736881
-258673909
-54969181
767968202
127875603
-737089098
871230916
-447884665
-925386805
-856466258
-696356479
-459995179
-823695943
5900322
-273915557
104557662
-368122039
568096078
890636392
-178563362
-772695490
-687261595
919690712
-782678258
-166532471
-154172790
-184880557
-486724645
-957757369
218542500
-582288437
-213642181
-892755545
-256697047
-138820486
332368832
305150111
-520966089
794561981
870171046
-88234194
360404486
-294761885
-337460151
-272170573
357854209
-436839200
646149307
546542795
-112935582
951929661
129699274
547539165
637276447
-919578377
225892238
903000113
-525542523
673228851
-805306325
-819205062
878491232
-482094742
467790961
577459199
-590429681
-988572324
834670478
85064362
-630547459
-523413873
-222370193
119132773
985674092
790952504
-99495988
371599424
20616772
-797951449
636154360
-33961998
923291906
-992249942
-214649877
419672461
-291702089
919358520
-701864486
-832068596
87622310
438756671
605727122
817906799
-892187145
484503598
-235128458
-382285711
-569645660
157195046
-173392849
1104649
191071398
-925779039
281917375
-596521421
-894355567
-247426412
-85792703
-966866241
371283773
623891399
-4580382
181162130
-932047712
722979022
-159670288
-352895517
949158201
956648070
620958033
-700561191
525598839
-155354987
-507691139
-644588600
-813638913
780245219
268274512
-496090603
290852618
754423842
339324681
-728707061
-469300087
-321823808
618397625
-14141647
-3742181
-189478245
-760443525
-264538257
422902186
544411897
901793093
483003835
366537194
435146878
-281013755
-823812447
598449896
-185679396
-845372698
-754630269
-220951604
-440300270
394358669
965904547
709270098
349845583
-897531643
859231049
-8814467
-447199172
704751933
308677871
-654056309
-566623882
-735282127
-93893994
-696639239
244166571
-490313683
982737226
-102755942
-684191765
932152381
646504999
-784648932
699225450
523748691
-125383430
-787605670
-65613093
577943319
-898520279
-150150905
347971681
993205114
-816671677
314599606
-553346954
-25673078
241892839
-973326590
707434893
341705187
183792742
-590159366
-386047785
-851445244
860056605
9460429
225730940
497582864
-467959410
728237363
-665642661
576703767
526176059
798349935
-669430876
835019475
722993319
-250498387
-803218097
818286899
-165963942
-329631368
745445111
-315548499
-16399517
-712656099
183513994
-237716669
-686813007
-453172597
192462563
-955102586
585570868
869105728
-298753692
500863499
429825292
-164670825
-696501324
-433057410
-845747921
115539045
-812551427
163274736
66566183
96380131
-371852918
596518629
-300031251
680491776
794121595
848999738
-638492498
760378644
-428974627
-757719489
-927976990
865467941
-674371422
103917160
25589982
-966284326
899065178
-178486046
-734124163
172045943
-146718632
-464161230
6510161
-254751186
-838556585
-342652095
-313543688
18474425
-113307451
-80091955
184765363
662619519
167370736
-887181111
-227410785
787316917
315814900
-120703416
272284917
-218898561
645609608
-44926854
-47871270
826597996
-642873665
694810794
-366931918
-521325086
-129333546
-922965523
738355551
508578409
29300321
-644921374
-960396100
-707426771
-30607525
-867066278
263015799
-32611521
615231637
364139980
-294392809
-524132873
306534749
-80876300
143427590
685226315
142940345
901805887
516913460
-586924110
-685289620
-893316561
359584508
-103695072
-441669315
-70464528
590957166
98301816
-169642632
300568485
-37488040
-943657767
850239577
828455859
194642096
156493301
143761249
478142579
-596087159
-1525446
-521289995
-389282809
-167748947
264062064
-296218185
-754630269
49653295
-342504219
281694644
714348341
89375610
-292580699
-802958474
-40668911
122911105
-707235580
454421102
263015799
850300594
-531503894
114731957
-607848873
846606722
366614940
862122665
110167986
872567919
552328223
-374185088
-711437276
-813578706
-978829304
564072375
-568269124
-815116918
-49318738
-983320564
584911195
-894099171
32467312
535747115
836358717
945032527
-592966009
-469817675
-652856889
-728081965
-735936556
-395848630
-808288193
-573653838
-709679621
688202195
-7521596
865353115
343456383
499377754
916412663
-957757369
-373168121
581243298
215872731
-943122412
776879795
-65735897
-959503993
-939282961
78005668
-345572084
-491920233
245112099
-133015051
315895615
422513049
-861894760
-281939272
-347457467
-585738385
-876192391
69802792
238130930
781183805
420814764
200658026
-994773721
227169125
-536515509
-653127926
472543730
-801055359
-996003562
464607624
-731789932
557356986
389066967
933186518
-97205821
-706636262
-877476332
-920531296
174177335
304335106
316578451
420814764
467854637
-589017916
-748785317
-862766773
306549265
-163024051
-980988966
26218322
788984400
-57018377
884168331
11196781
184888602
661826403
527821682
422513049
339990613
-493844095
474637724
-93789636
381125109
-117495540
-648253223
557828343
373350858
399973732
-748575442
-186026242
69698584
641757271
933075367
-84366212
-545448536
372049720
-858548412
-241545954
-696384991
-795970038
739515859
1975066
363419028
377395389
-20000637
530122052
-433778895
-744908186
-938938
170077353
-241751662
815849476
-476549156
-689704274
-763518358
-608419241
-950493688
364509343
-106539923
189030828
-718209883
-720172344
515269453
-220278980
-419382560
100130955
-763518358
-57369627
608910078
664765604
718663051
535538178
-792956343
816760742
-461070934
-444059221
221220772
-983844631
-102971563
973744562
600644868
-681542089
-899157036
-896474549
504112258
577305774
-698012225
884423025
714978065
-59299166
322317780
-367817130
-786601738
600701302
204452616
-446688506
-97699612
63357356
-147981108
-166923530
604380785
-879756789
-145876564
-274728496
-6208160
-864812803
-222899415
281839673
363194133
99344163
-521414027
128211092
-872020584
879363374
478208403
-383005998
703585774
-610342403
410748203
-79497275
-354519951
-982555842
340175730
-433188080
550241652
288790765
119513678
140182344
304901075
-637950544
94146294
120203320
369866480
714978065
982117975
445060413
-283166677
960140352
-647685696
738355551
620715427
-767995531
629802504
813853534
811524954
184820486
629013985
-743311884
535747115
-652741257
-128774905
721739340
-221269287
649326051
-901446463
86559343
266056318
-910306870
-346527476
605202609
-261816505
-103794226
-275491639
478992997
-254048868
-92099846
828714848
-525628047
669080669
314525649
-210143548
454568615
-896426165
800870052
-716373786
-440622056
-412399725
-740655481
544537664
489291580
835788184
-606294718
448938417
-746348160
-751898016
133435067
-949572216
689880365
-602829210
-655811808
-638011809
-533626835
-803466100
-365427610
647713367
662379283
304991430
-966192895
12662835
509457159
278438041
985141565
-480286466
906521087
958889705
259805238
546148091
727533962
-721924578
-177774473
-120610940
946266056
588558415
-195608271
-37163339
144063738
-47123204
-489720209
523545196
799106301
721224578
-435035323
769710044
-145294423
-907671802
-752536748
-529933626
-248377926
575626006
-551883216
31071929
-706835357
954136124
314909779
-544559074
360650705
106899823
-798848583
-5099655
649715267
-599771885
874463110
-741138141
-652613036
-799411099
995081569
-184068937
333893935
743685895
484645770
99344163
671387179
507491906
777169463
-11991060
753992598
-119516332
654027590
-408898418
-445456865
502039280
-615970603
92951794
547854085
29654565
183236942
385084910
786043185
444966889
-742462200
-368666885
-354916840
-276903957
-41758105
591554243
-123899444
572119395
-671704333
-544356425
-410910700
985556343
-306740547
-589017916
551759376
651760801
-251690224
983945655
340227889
-111316868
-902138987
482616813
838211366
358320962
-229702055
967020840
-459199648
-882738706
-535986175
8087092
255233517
146071527
825808164
-813994211
466569711
720979824
-898080090
-816889208
482169427
513300915
916513948
-606556571
292858979
432119895
728924799
-90733672
-773604098
-683345926
987148101
401488278
-80750994
442388439
-256961413
-830128658
371738350
-438858281
381229001
-51874415
-685079137
615192303
767417813
-221851521
869975082
17796202
-11511459
-642319425
-792130169
-24759326
-512800059
736077683
17239123
612615088
-454385372
-29267266
-107159025
-571328641
966726975
-400314637
571941919
181112049
193505886
-827136965
452433516
-62284261
785287565
-535412188
656092652
916744916
-663578471
-714959278
15078903
614608137
-943323761
-773119190
-912735731
-329265123
227124136
595109607
571047303
921336269
-116595941
-643678461
-157323311
-934433690
-115550644
138170078
-97309402
-9057640
-242403435
-124301102
-47459056
-836037752
-920742659
-602687228
-502579004
-73638117
622579035
-711796257
-858335354
-779186202
884168331
-334270808
-247384364
752468248
-654233417
874052143
537036826
627568042
268228897
819861221
617409382
664624832
165967598
-798304147
-746348160
469285230
347382539
71778214
21085597
-84088822
-383262016
907294782
529009179
730148634
72922491
391644472
162627480
495111346
670694979
-176458196
657120239
-795013007
747688404
-262395601
651534514
205087345
34716426
822050317
963787943
938262037
817906799
472663604
771536179
492642848
-280481497
-642636816
187322783
111329876
636342465
232390581
-983476389
912844785
406127603
-432802296
-522757410
960752147
-252528826
644255501
28482595
336229275
783626498
-502407312
526499811
-679333556
997928946
817415110
-285419348
583514401
-182070601
-626719908
-746256037
618661683
-182573765
337391014
120154893
-216981829
112707986
933300018
623392811
-114987913
989586923
587847973
936499351
-435560963
707922190
254861287
604380785
846606722
-329468809
-914697736
-604474343
-563132740
-809887800
878638415
-433697156
945307930
-774559846
389066967
628352245
232729339
-687261595
65948006
-481834368
-800131983
994510724
-812659595
-765924243
74786599
-906070892
-956905244
-212812182
-154770456
-778892371
810675115
65330256
-388819985
198200686
-581743795
275152557
443012599
522191226
-743988298
406690764
994510724
670776610
44090773
-421400813
-397924063
-518765870
976045069
875478492
441753859
321874925
433286774
673442812
-112261005
710131035
38468689
-79293634
-518352861
949301197
513177514
-144226318
792860949
251125918
-267162491
-170748025
-680414843
257197593
-893652343
806750823
-682211541
241892839
444753128
224528143
449075010
809463161
-7439668
-261430599
-598639137
812110892
-443574012
604940786
-844472761
853500160
893999810
871480765
-372580267
-918601427
-95755762
515935063
-397924063
160669597
48425398
576991384
234866831
410458943
-775438666
-267422198
-163939303
319575161
-99188000
777930823
-308523067
28626982
399332787
-264689628
495111346
-359764026
-547048087
-476411995
-568269124
314194796
-578152995
-954989461
940172201
-230140842
-478406527
-990346015
344848803
-62608049
-131203340
-387111514
-444454316
-952282231
-479469743
760378644
332520060
-267482141
-762850941
-944314281
-306382339
403262507
985141565
-68367884
502755877
773348165
-30838048
-784855289
-614382890
929464384
136998097
239075259
-753414736
748077044
805027460
194396458
805514687
-549573990
86496358
-303006939
-439482327
-584797845
819090694
508062422
-918559598
219863767
-871613835
-351280936
579513622
-365143034
-719164063
721358483
471943517
853583457
-112723625
265713296
702254842
-384377735
369321975
-572755904
109806668
884423025
-220060259
-639617934
294168599
592749468
706378240
174177335
-196854587
-24459578
-234714875
239508971
88866359
-563356367
-389101630
-380907854
11800600
255319513
-871418581
-859363802
-29904389
-806583065
-841330219
204902418
894560725
-360770621
-836095819
833692388
-695317261
740736218
468410178
-886897054
-101788893
386706514
266459481
-835356508
905288593
183853506
250692050
505263838
-5468115
-692502522
-295517549
23670933
-747730672
761225513
-129130692
972217297
-914756229
513013049
677379144
-549818453
-71691737
722511256
-376966116
-900716743
-312981468
-290025651
613148914
171547906
-859654022
482761076
59803874
-878793183
440251463
275946764
437826692
-400448006
452253813
7983050
819500458
939518524
-595739324
678605089
-165906113
484587438
31640178
-409285152
579649414
-833997439
422236046
-460531565
-614875786
-485394249
336229275
368173185
-414044822
234383030
660149136
-584118337
-805060659
-1999259
784842043
151969215
-385216602
575626006
542421858
-633986789
199799304
-50724320
318902027
638640186
333359812
-616686794
611288314
-437861959
-226227197
-849257991
-501976971
-439482327
648037090
-50778852
349489187
-348900713
-378562321
-670106468
93411424
432414872
-357028908
-917999905
-341501269
-110662374
-950938681
569856243
110597936
622970453
278283204
451043579
704829449
-232717350
-324073783
503134520
793588869
382231265
30216694
520271348
221220772
7451071
-268511297
-485373680
584332123
-108359694
44400777
-297371220
-790357415
-591769197
23670933
-864098755
-877934243
-989505878
395654654
-310808663
342176519
700261826
-146862516
-142571283
606950711
-309797688
-43774250
681892222
529652176
-752313220
797914440
616174303
608591573
-445514564
-30838048
220559858
318902027
-125480578
51527908
-283367619
768662338
885988707
-566881429
-278097153
-436895983
59380884
-845747921
237449791
-524013197
274012897
-157152396
-341072054
65948006
125734535
-210794589
387950300
-489093735
603430645
668295468
-839433227
-168548649
-745857259
-757426570
160410306
16188764
-70186715
-316100276
949605886
722927281
267985091
-514398327
-194606933
-479863458
397506244
799765025
-375916986
711256798
637990762
741841630
-137908548
715207526
769834560
-342913015
-398597306
-163244299
411841673
-862946775
-139450832
-81950214
660851667
-823504925
461844562
-580547390
-175856035
-917839770
544808582
747982070
-726716939
-435947774
-224156214
-87005531
-680925790
546214887
902575678
320108274
-59624632
-824628765
836209198
-588042714
-300586267
-580280829
-593250960
885988707
-245536948
-740790124
781183805
-460826321
-197355101
108371912
868029270
-845335989
-574258838
-758489485
-835564540
718883268
-617661131
-401454008
278283204
196090378
-108210301
-446512447
105660541
-143421069
454582495
-42502547
595402890
703421006
-950107275
-590067685
-652305638
475775128
177211840
956578231
881474777
-719458648
-231172870
-545905384
322768208
-212137929
-78708972
133409045
-914756229
662166477
-52529209
-68872732
-166612793
-134200242
-146008213
820666940
-825667416
-656114356
-592767672
-48146702
-545100398
41625590
-696639239
-385898617
-71501991
-402247166
399109883
754898831
-691669208
-989919751
-227715993
-646518510
-251386568
-435074651
-819205062
-99878821
306534749
82921029
-187001880
890788468
359475258
573597652
-43774250
-496490683
400744431
761129195
-615531118
-498667408
365091912
-8814467
-743943149
-496720404
-54737229
179025274
-723588629
-462555356
-924642548
344760709
200679720
617458605
538727525
-409016204
-656963011
-562095927
-767185918
601527930
-616174684
164583826
-671048246
526448827
857304560
913007819
-888623490
203061267
-459477551
-527938557
332592127
-391278566
440736504
-528793987
704968618
-337665040
-716899369
851312197
-327646906
-517480140
943001563
-776048904
124182406
-591871551
-18237283
90465230
5349772
272779467
142534976
782377299
672771171
230758733
-525984120
-81993186
196090378
295050109
509878335
-614009811
-399892861
-619551240
495311911
-21089480
452987506
424620400
681743954
751320550
-392792667
708052136
924147778
669625703
-318561161
50324940
798043019
-196256474
884222754
701742901
-509506138
-125446892
639168753
-176673014
-651182297
-457609364
-424391898
-18457213
903696118
219781446
531176965
347971681
-102226203
168476214
279349446
41336856
104835689
-761867640
-39791227
-267245881
960140352
268429971
920019643
-989452418
470907540
814442662
605355894
-132423611
638209943
315017508
-150428469
667923342
689415869
539554428
880958258
-551279170
-709805645
560012095
783389658
436064288
505751903
866437585
937160266
297924028
-632909588
149160977
-972162701
322666297
-291313497
798731326
-486903532
-528537814
354454388
657344063
-84228916
552469243
-512800059
318824663
-17152303
-970350851
-899745583
43933071
293336793
-616481185
-297554365
518949564
-317089467
616570516
-712558023
259409627
436991618
966006143
346684579
852845344
-105849287
790732400
-598908323
61896761
614608137
-85090168
988531966
-581743795
-799909214
-528681234
530427768
-128994813
466631301
734351704
-117936528
388061235
396958368
-493028668
-339424999
-218898561
658538524
502091419
486167235
-143975238
221423152
-547884369
-472157176
443603330
998242689
63397662
-346978313
923291906
-673002873
635466227
-745185082
564972445
263776722
129485892
-383933117
-533424446
100699955
-655240796
-236374889
-396571140
832480773
-164585793
706930205
192026016
-90528845
-805788496
610607416
-119778323
-149263098
-779685397
643439867
-891228926
-319637994
-975790054
588903623
-803594071
-919993530
-193315184
-927632723
-409555615
-824103833
-984733933
-394420582
-387064218
-586437374
-488582528
823373025
-390752329
708334797
147047252
555500573
947001860
42098726
259190905
448248278
-573474887
509878335
-412399725
25390599
46259843
-954892052
-253861752
-120375520
959959208
813763948
275476572
431442771
832233468
543749331
100378299
-51562712
-307423482
738093404
491118642
19445729
-545100398
990631119
526176059
386587265
204502368
-273224004
-247815196
791192591
719937275
946412425
-808159675
46922829
-572595210
-810215525
-706835357
-714371634
-893777982
-493390799
-331909033
453784115
617409382
-717757584
840251346
-921096736
425407878
325549218
362839397
-597353765
-153382918
804827678
-75523413
-250437942
-123398697
-410831132
481828641
31413064
113664619
-614229023
-237212254
-150150905
145047567
-912201614
178474880
-881588153
485642852
-525542523
-507549388
-113311865
69512087
-973572545
306093971
-107244308
184765363
196512333
-108141550
388872255
803152349
693288148
885653582
79239401
428003291
684107198
-798625938
-493390799
432897057
-62608049
-12734264
890677364
-261009273
-174560511
825870424
966482904
-613094247
-868952352
-219312716
-500959184
-919895023
-467959410
-950149754
299375564
-586539351
577459199
815590351
-826922279
88657631
838186504
-450789016
647155562
335351966
85314795
142767962
736015345
798349935
325350689
83275352
568477598
-498941008
-948516186
-290042405
652036599
181858656
-580052570
702507190
908483787
-479821141
-933653792
-51247565
-372798293
100182674
121358817
506189031
-232366742
904823582
-894395303
-299941335
-30607525
-102755942
260684093
369866480
287322153
-156696332
-420101965
-544179457
568860526
-688083861
753730588
-317220119
46259843
-619261326
-609088481
-950237403
861410977
-409105069
55592909
944129136
753289056
316379987
454529005
281564212
130505781
361002543
-57750015
782041789
-828644559
97230340
127624498
-938956907
-673980577
-417457116
-375156452
751080150
657949203
-666012295
-9694343
435401197
653212601
107936339
205824087
-427463843
862122665
883843227
118077802
978408598
525310999
-939346009
128260369
-136341619
-716584330
37760749
-705108733
252733458
-291189552
-564915594
886315742
191415445
409761769
-140726746
24504252
551330963
156080858
404122374
-760881268
-462706871
775052793
558851396
612908583
-229534118
-170704220
227457451
-932267032
-890253636
481828641
908833234
979662346
-944231121
618181158
-697958147
542548823
-920302861
454421102
148594472
-340657652
235412647
466943232
718213848
641409838
-823451128
-409805314
625623729
-588042714
-485048881
256175994
-936694154
548767189
-293473559
-526746029
985964777
-937369378
544808582
292641592
-11068192
-416619551
129378483
411424675
575907945
-468831869
752352925
-924831322
-325368357
-980629047
-925336548
-375049614
-491791020
-683548770
-668518769
-98935841
524532354
-636471303
-948516186
-743078719
-239060963
128848684
580720402
873958885
-747978802
-204483010
711256798
13735196
-73295364
115156970
134195529
-692750846
-983858850
-549616670
-97205821
-401358898
-357759243
80948625
-365745270
-829563956
-665667123
827087164
-176217031
629265489
-159252491
865210351
-434450656
986913945
-561569190
-850272007
-451524117
456395006
-587317725
85314795
732402350
-388819985
-636706566
-422539887
571900806
-836176337
496380223
812999866
519629507
-897517601
-152339247
654355316
-578627757
761469593
-890718149
-177023497
-778649873
-298485500
183146365
-698601157
-2668701
988826665
114931402
767735924
-627545375
343942516
-768291300
-310073519
-297605440
742155163
-648754428
473282484
-185432696
885772986
-962583873
738656989
51828976
-111180413
179963815
-754966569
-632597521
-288382593
-528410501
416998985
783101462
-218576880
-902640927
600910595
547760228
316578451
-713493696
-585760760
-593601871
209698101
860461
-562446836
-898594921
-223615972
-11919661
-542007634
935120051
-922126927
-687261595
295542942
-839253687
-603122124
-595766918
-721472364
-6027908
-843836686
766704066
99050835
371238117
513238897
-178687300
-453907961
-159574692
-389757848
-533596645
951278555
-984733933
-673801974
-12548688
-771799918
-823860177
898654066
471861585
-744908186
-562677043
160231860
110927016
695815949
-201150867
609808632
643635669
752107216
417689800
950274559
-613309987
-754315095
-562528923
-424449204
-414352386
147958949
-198089362
-85997276
-531503894
543214069
-818441011
-668740123
373303827
-606125723
-414181906
190912151
-83319932
-774146323
901121612
-836586011
533921339
-805579264
865482922
-356244346
-20655042
-186229092
-60316519
183236942
473369360
610136927
-407741947
937681252
-940580335
700053083
95685596
587292868
-184068937
470045485
344760709
-271864224
286899685
956549348
-623025274
737900707
187958186
-768053694
-14233555
291384898
616334552
-679763998
-49970330
400744431
252368428
-115164957
90465230
-820460788
716700374
-577694596
-241616562
-787849694
184765363
-379332087
491634190
573707307
749992061
155683984
334774781
-510230128
-579717767
-807977921
57337344
936662332
693288148
-885954729
229581818
-530092848
629112792
-875690870
732965481
264473778
-785100699
-801176288
-589584466
164991641
-706835357
-169922206
-760209070
481140278
-174688236
-49776381
-587069706
-165789706
549531978
-99952173
-373934792
547187700
430520530
8864480
944510079
-909466152
965722616
767384447
-844502165
-28912782
260761067
-273224004
-510980496
-262218517
505487066
-333479193
963134082
130620165
845655636
278601735
-348658234
-38663050
120247152
-794056649
-914357525
519943732
-821931173
-552254940
-177023497
-606675353
553366911
-395278062
-879395210
180094080
-830272683
-278506564
-114254479
415983058
-371632666
-317089467
-695937578
-453907961
292587700
301057317
738474164
456549139
-365143034
-241066981
-941990417
305023048
-885860216
943592607
192269136
366209015
-773199423
-77204799
50544374
790761164
25660668
622364520
-680234439
-959012627
-842518307
733316630
-390981712
-969653776
200020539
-672536402
511944462
-635286469
360115538
6888360
469285230
-436895983
-828204143
-118279215
416156883
-370103053
-116426197
-569863499
-861026761
-387436965
26198301
-575280854
816033259
140288398
361986634
-720496371
-241682312
986617375
-158408688
-558646673
575907945
4473850
471065357
823207332
859141189
999218525
-185181757
997154851
-850503627
-577232654
541409825
-952824844
797757127
-659608841
-970815828
492642848
764141698
457871745
-718498952
439013929
-8351472
-872168757
639586673
941552536
-151536956
526684263
424820317
527120739
373868581
661969483
265486734
-430829008
-699527585
225149257
246311505
697117527
388989493
497415071
804894267
-792465444
420840660
645369855
-326348833
-502474918
586513152
-882049681
949613858
953978047
-238607826
-783034093
-290089718
224226831
-717103134
-441924466
-313130214
548376136
809708748
-268257674
614883877
540067540
-435163371
123320493
714810546
-718343050
326451900
-393212296
991199697
-959747218
-863762457
18474425
-842818629
764871599
-4568294
-875802430
-5679408
-628494149
490434513
446682824
618886482
-698661613
2286427
-354154940
165808502
177541864
909676424
906185686
-12144227
-159698623
579223047
771216484
429292251
57011156
-26320095
-943941027
-788341285
-745567525
-586515070
-70662889
820705498
-888580760
946217079
798599450
-306997169
-769592846
-435102803
358388411
-394199243
120986505
-846506309
-205948178
-947079073
230506509
-928946378
-784020299
-394420582
-563970524
335228710
642875209
657585035
976849411
-210465726
816356840
-264217362
237309591
-120877379
228392708
197612703
674114476
-117156178
-221538492
-527309178
369866480
160127442
11644290
71338818
-782858112
-562296769
-869921515
830282928
-452493426
423479361
22725296
-503864122
-263081336
-987249340
276237969
-921297074
651133502
-276745525
-732235321
-637464014
119824129
-587204946
93754872
502763651
453784115
424202179
495185401
-911319368
109158589
-981721358
561293893
863534539
525014346
124182406
302781211
693288148
-71013188
12934829
-274544210
-527508610
-698341251
-773765790
-836037752
-768950310
-884383981
-274048222
-330218809
661708563
177161699
-724684283
321309243
-853284048
-684331546
-508543492
437439743
587930591
-597526620
-39859577
678855899
-72448552
214584626
887936082
366676730
-971480422
-527270622
-822789123
39380326
-534811863
-40759567
-642248043
-135133681
-862639673
-735713218
79239401
621721971
-837100152
-234840927
383036608
282582585
976926212
197997069
386937252
-344496294
-197888485
857745387
-401879886
804451559
655186043
84385696
-902067631
-781119655
955701053
-24653051
-90255092
154795903
656515784
-808437436
-197355101
-872168757
763305733
330211411
-6504314
808470651
-572029499
-906149494
-764858745
943971751
809222891
-282740639
-656562725
-487188482
308385651
145814812
712693115
672076149
735682068
-553647527
-682995155
-814501519
-126075421
65823223
53588403
896486216
-194340959
174439723
-222362282
883180448
-325514850
186624560
-224734925
763813539
488188105
314876598
956779526
-218149935
-244977811
299254580
-463025381
-299105153
617409382
-563970524
515593996
-503596992
639354638
-548378243
281917375
608090430
-60751629
288213629
-657286959
153118459
-835676127
255142262
307756342
-783202358
-359195046
-68387790
524476553
-412359949
411189631
305616774
548997324
-383005998
334145370
-507066970
-796610710
-974117445
129485892
775159640
-38076357
-650046467
931397725
626125970
782377299
341811912
-632909588
-395041748
661708563
-994613824
83197140
-134874444
-933998279
-52443815
-973858886
-4580382
750707589
-877994423
-500959184
216901422
709628217
-679165537
727289298
303849049
-149241953
-453754975
78351516
-8351472
-111422877
-657697512
300262326
827350960
-985103168
528404114
265486734
-819310743
-859434807
934232665
-202413765
-360050923
-559666952
235542892
-22868454
-542650420
220738191
301244871
487292145
615231637
85153196
764707325
-177065383
582497137
940060178
-948710237
148003132
-77789141
-250498387
900206043
525858259
-66927725
583416938
-289912845
536624028
34761959
-921214926
711256798
-367817130
-386272757
-456822162
149215974
-511664880
-58269735
-630118970
755445935
893385183
-319587566
711499914
-36338292
715699209
-122466986
867989069
-605201629
531890417
958229717
-622185114
-981374159
-141262319
991116177
212944407
-341710355
447329367
633568070
-90528845
754898831
-414759385
-84088822
-245333105
-626774254
-90439894
91655838
537683674
474192415
691499635
785680403
-292197788
105395291
-203138177
398687138
607683818
85314795
-465472691
-216005533
-665567631
-384223506
-821224862
-45183570
532383442
-661344877
414538950
-748575442
195279781
-605471098
-935753768
-757534149
-388945501
845525244
-873367848
-710452965
-701864486
-966320694
116046164
-912534048
998302949
207147215
382069520
-473699596
-598333430
949375161
-828262695
-809399532
-171338039
-213642181
385767572
-683548770
50883823
-714665462
-428807484
943001563
-395041748
-801176288
826597996
252368428
-265737304
-143273685
-925007914
-678467470
249916598
-538004892
-832039698
633966362
422513049
391581359
488318190
72072610
177094671
222177851
-214911568
-696883435
-532232652
-706560053
757718930
-212517054
-815991947
286117270
-659506772
-297010119
-231252419
530255198
785916063
648671589
973960335
-288492479
-729062058
129831557
-924505680
568415962
-52095708
-538951915
169616823
667409558
449724090
-509833566
-40322891
859141189
925572036
-884993790
780979276
-866277170
560192362
-399285119
67077728
-242827326
504485410
234122322
526856011
-72477747
-959130041
949732359
905337012
-491665498
969271896
868238767
-92699284
-124656015
408958234
45630966
-668323903
-239542232
-514319762
-77601763
76654839
909926429
797241952
-41773719
831516486
248292373
-781223363
840027482
434551195
309013957
-69387680
643111124
-112191262
970336823
672425337
566968938
-401787885
840295419
495485125
639932909
-418406853
-182573765
-429244202
-930542292
766038053
-67684197
326884876
-476147666
-276842321
-423791275
297714473
182228463
-360086235
531011748
587930591
-695201589
-332607095
355992473
-319243807
776597054
978044363
-153949560
892035367
-471197320
644344464
717995461
300568485
232843050
-939669508
-362316887
182691366
812566152
871690525
450482974
-582860340
-538864810
-991638007
-221321618
-852633408
399415675
499745096
284775041
-425549668
-348088538
869476371
829806661
-70662889
-326903980
-678295201
-919578377
604380785
-579516385
-735936556
-243239415
223390460
-639737960
435757817
-224331241
-446824151
-97699612
-31884036
401753881
807132692
-984881767
-459792411
431780468
-455224374
-391104234
-252887060
-107244308
406978088
965343805
-824780847
434669971
228712791
-643605885
-934219274
-669910217
-329200189
-229534118
-538188642
-111665674
66867299
-827972635
505177901
-53253087
-846081705
763813539
-88962135
-847072793
-386502144
245015924
-987978930
840027482
716534432
-702906323
-407557332
-609879882
-122694384
-586145642
898501191
-974117445
-382529681
949375161
134234744
95277417
703202179
315017508
-471280938
357709407
918842887
650510124
446195033
-197815054
529298559
876988153
700261826
748278493
940446746
590443007
285771992
228908645
-158112973
-842005687
765613237
711693101
322617381
176044408
370792885
901558544
807268962
840877684
-468984109
890075680
629734191
128961041
5344989
106486667
537882210
-875096563
-249021212
-990102816
-179541636
-962583873
832780415
709098749
-391766752
72694340
-283761959
535538178
904289077
-55615286
548997324
877320902
571519757
211375218
952021924
-771734318
-117016463
-36338292
55421086
-809238696
-127678677
406716513
-375194508
496806546
-306027906
-499199627
147047252
-352809803
-27490653
-381292475
82719627
-319018674
976916272
372617045
-61719039
822910961
-837695409
-9767673
-696633536
-817745900
760561117
658722185
-376374397
138572926
-203321199
26619153
-529949907
-238050046
-450441290
242821708
-957366130
-181130802
777173531
-485548549
-223177986
139287103
553539991
742293459
-10767608
782232602
-764267831
-448832401
-292487253
231607191
256566903
750108996
-198708432
-388698413
-773412172
-6580610
81312173
256001965
678354991
330078628
762975617
-529697766
74529709
-76156357
669856770
581062495
-449386395
-807579338
-965399899
614020978
103218387
-539755893
580330101
720979824
8024297
-526163500
661926362
106786022
-10328136
264997744
-14488527
684436250
-101492850
-774430117
35055052
905616769
208748723
-326829107
24834623
-320532113
-748785317
681743954
969560360
-636388597
364781054
568948600
875746182
303363670
436149917
-495795792
893275236
-525134986
765436008
404700918
798909815
-473177445
95500753
23614903
-746668070
605026023
-464495452
551188722
444887979
503367288
289875055
716411346
900335082
947437359
-852434917
470045485
-610793911
393032685
286003833
211230992
887875363
-619340121
-147325097
878975907
237643413
-307735522
-373168121
695620547
-860993033
-45902620
462730672
331498136
-2138493
-513080798
-844839984
-17264176
693288148
386937252
-754769232
192462563
-723588629
-722925925
708052136
-936737151
415806211
-440244648
781183805
-57750015
-5391577
-603016406
-9645190
-101358774
798537462
-893390359
-857397519
-335779840
673051419
-267795825
964897268
-859387136
-918709476
268323092
-392642989
254315549
-845675074
603542120
-389055722
814032797
-289078082
432727324
207838365
-873367848
228768039
-803466100
-324999656
126638326
286972170
-67836527
604733069
981521941
18125076
93525465
-510486036
377085447
-98787128
103074860
-144825118
407386359
738183555
-550157167
722403639
-690140476
777415966
-584118337
712123326
-911182713
-774094114
-223615972
-122713361
-557461867
210954668
-410594733
195811375
874159366
629013985
-214033803
51049891
-742282608
335681314
394844942
194042877
-989919751
-119770918
-282281415
